ticker,Revenue,Revenue Growth,Cost of Revenue,Gross Profit,R&D Expenses,SG&A Expense,Operating Expenses,Operating Income,Interest Expense,Earnings before Tax,Income Tax Expense,Net Income - Non-Controlling int,Net Income - Discontinued ops,Net Income,Preferred Dividends,Net Income Com,EPS,EPS Diluted,Weighted Average Shs Out,Weighted Average Shs Out (Dil),Dividend per Share,Gross Margin,EBITDA Margin,EBIT Margin,Profit Margin,Free Cash Flow margin,EBITDA,EBIT,Consolidated Income,Earnings Before Tax Margin,Net Profit Margin,Cash and cash equivalents,Short-term investments,Cash and short-term investments,Receivables,Inventories,Total current assets,"Property, Plant & Equipment Net",Goodwill and Intangible Assets,Long-term investments,Tax assets,Total non-current assets,Total assets,Payables,Short-term debt,Total current liabilities,Long-term debt,Total debt,Deferred revenue,Tax Liabilities,Deposit Liabilities,Total non-current liabilities,Total liabilities,Other comprehensive income,Retained earnings (deficit),Total shareholders equity,Investments,Net Debt,Other Assets,Other Liabilities,Depreciation & Amortization,Stock-based compensation,Operating Cash Flow,Capital Expenditure,Acquisitions and disposals,Investment purchases and sales,Investing Cash flow,Issuance (repayment) of debt,Issuance (buybacks) of shares,Dividend payments,Financing Cash Flow,Effect of forex changes on cash,Net cash flow / Change in cash,Free Cash Flow,Net Cash/Marketcap,priceBookValueRatio,priceToBookRatio,priceToSalesRatio,priceEarningsRatio,priceToFreeCashFlowsRatio,priceToOperatingCashFlowsRatio,priceCashFlowRatio,priceSalesRatio,dividendYield,enterpriseValueMultiple,priceFairValue,ebitperRevenue,ebtperEBIT,niperEBT,grossProfitMargin,operatingProfitMargin,pretaxProfitMargin,netProfitMargin,effectiveTaxRate,returnOnAssets,returnOnEquity,returnOnCapitalEmployed,payablesTurnover,inventoryTurnover,fixedAssetTurnover,assetTurnover,currentRatio,quickRatio,cashRatio,daysOfSalesOutstanding,daysOfInventoryOutstanding,daysOfPayablesOutstanding,debtRatio,debtEquityRatio,longtermDebtToCapitalization,totalDebtToCapitalization,interestCoverage,cashFlowToDebtRatio,companyEquityMultiplier,operatingCashFlowPerShare,freeCashFlowPerShare,cashPerShare,payoutRatio,operatingCashFlowSalesRatio,freeCashFlowOperatingCashFlowRatio,cashFlowCoverageRatios,capitalExpenditureCoverageRatios,dividendpaidAndCapexCoverageRatios,Revenue per Share,Net Income per Share,Operating Cash Flow per Share,Free Cash Flow per Share,Cash per Share,Book Value per Share,Tangible Book Value per Share,Shareholders Equity per Share,Interest Debt per Share,Market Cap,Enterprise Value,PE ratio,Price to Sales Ratio,POCF ratio,PFCF ratio,PB ratio,PTB ratio,EV to Sales,Enterprise Value over EBITDA,EV to Operating cash flow,EV to Free cash flow,Earnings Yield,Free Cash Flow Yield,Debt to Equity,Debt to Assets,Net Debt to EBITDA,Current ratio,Interest Coverage,Income Quality,Dividend Yield,Payout Ratio,SG&A to Revenue,R&D to Revenue,Intangibles to Total Assets,Capex to Operating Cash Flow,Capex to Revenue,Capex to Depreciation,Stock-based compensation to Revenue,Graham Number,ROIC,Return on Tangible Assets,Graham Net-Net,Working Capital,Tangible Asset Value,Net Current Asset Value,Invested Capital,Average Receivables,Average Payables,Average Inventory,Days Sales Outstanding,Days Payables Outstanding,Days of Inventory on Hand,Receivables Turnover,Payables Turnover,Inventory Turnover,ROE,Capex per Share,Gross Profit Growth,EBIT Growth,Operating Income Growth,Net Income Growth,EPS Growth,EPS Diluted Growth,Weighted Average Shares Growth,Weighted Average Shares Diluted Growth,Dividends per Share Growth,Operating Cash Flow growth,Free Cash Flow growth,5Y Revenue Growth (per Share),3Y Revenue Growth (per Share),5Y Operating CF Growth (per Share),3Y Operating CF Growth (per Share),5Y Net Income Growth (per Share),3Y Net Income Growth (per Share),5Y Shareholders Equity Growth (per Share),3Y Shareholders Equity Growth (per Share),5Y Dividend per Share Growth (per Share),3Y Dividend per Share Growth (per Share),Receivables growth,Inventory Growth,Asset Growth,Book Value per Share Growth,Debt Growth,R&D Expense Growth,SG&A Expenses Growth,Sector,2015 PRICE VAR [%],Class,year,2016 PRICE VAR [%],2017 PRICE VAR [%],2018 PRICE VAR [%],2019 PRICE VAR [%]
POST,2411100000.0,1.3316,1789900000.0,621200000.0,0.0,459500000.0,864400000.0,-243200000.0,183700000.0,-426900000.0,-83700000.0,0.0,0.0,-343200000.0,15400000.0,-358600000.0,-9.03,-9.03,44823744.0,39700000.0,0.0,0.2576,-0.036,-0.1009,-0.149,0.0279999999999999,-87400000.0,-243200000.0,-343200000.0,-0.1771,-0.1423,353200000.0,0.0,353200000.0,413700000.0,380700000.0,1219000000.0,831900000.0,5529700000.0,0.0,27000000.0,6512100000.0,7731100000.0,225000000.0,25600000.0,519900000.0,3830500000.0,3856100000.0,0.0,915100000.0,0.0,4928000000.0,5447900000.0,-27600000.0,-305700000.0,2283200000.0,0.0,3502900000.0,71400000.0,269300000.0,155800000.0,14500000.0,183100000.0,-115500000.0,-3639100000.0,0.0,-3793600000.0,2356500000.0,831500000.0,0.0,3484200000.0,-7300000.0,-133600000.0,67600000.0,-2.3553,0.5769,0.0,0.6168,0.0,19.4859,8.1226,7.1941343528127,0.54632574343661,-0.0,10.129818309028,0.57692974772249,-0.10086682427108,0.91041914430477,0.66297655401692,0.2576417402845199,1.0,-0.10086682427108,-0.14234166977728,0.3361617836839049,-0.2242,-0.1503,-0.0221,6.9057,9.5945,2.8983050847458,0.31187023838781,2.345,1.4750913637238,0.67936141565686,-77.6331,62.6272,34.0612,0.4988,1.6889,0.62654366422952,0.6281009235580601,-1.3239,0.047483208423018,3.3860809390329,4.6121,1.7028,8.8967,0.0,0.075940442121853,0.3691971600218499,0.047483208423018,1.5852813852813998,1.5852813852813998,60.733,-8.6448,4.6121,1.7028,8.8967,57.511,55.451,57.5113,97.131,1487251825.92,4990151825.92,0.0,0.6168,8.1226,19.4859,0.5769,0.0,2.0697,0.0,27.2537,73.8188,-0.2722,0.0455,1.6889,0.4988,-40.0789,2.345,-1.3239,-0.5106,0.0,0.0,0.1906,0.0,0.7153,0.6308,0.0479,-0.7413,0.006,0.0,-0.0221,-0.2242,-2.8434,699100000.0,2201400000.0,-4228900000.0,5184400000.0,248450000.0,151050000.0,251300000.0,62.6272,34.0612,-77.6331,9.7046,6.9057,9.5945,-0.1503,-2.9093,0.462,-3.256,-3.256,-37.5918,-31.1,-31.1,0.2141,0.203,0.0,0.5361,-0.2176,0.06395,0.2922,0.026099999999999998,0.0333,0.0171,0.0,0.07095,0.1131,0.0,0.0,3.9724,2.1231,1.2255,0.2549,1.7375,0.0,0.5409,Consumer Defensive,44.36125021030371,1,2014,,,,
JBSS,778622000.0,0.0603,655757000.0,122865000.0,0.0,77510000.0,75869000.0,46996000.0,4354000.0,39832000.0,13545000.0,0.0,0.0,26287000.0,0.0,26287000.0,2.38,2.36,11041631.0,11033310.0,1.5,0.1578,0.078,0.0567,0.034,0.0026,60464000.0,44186000.0,26287000.0,0.0512,0.0338,1884000.0,0.0,1884000.0,55800000.0,182830000.0,249374000.0,130454000.0,5246000.0,0.0,4210000.0,145237000.0,394611000.0,44907000.0,46305000.0,112231000.0,35666000.0,81971000.0,0.0,0.0,0.0,55553000.0,167784000.0,-3503000.0,123118000.0,226827000.0,0.0,80087000.0,8860000.0,21019000.0,16278000.0,1105000.0,11950000.0,-9928000.0,0.0,0.0,-2056000.0,6697000.0,616000.0,-16599000.0,-8844000.0,0.0,1050000.0,2022000.0,-0.2752,1.2822,1.3126,0.3738,11.0756,143.8368,24.3563,20.394080998745,0.3130007473909,0.0681098430956149,4.6516814622751,1.0744279470037,0.056748974470282,0.90146200153895,0.65994677646114,0.1577980072487,1.0,0.060357914366663,0.033760926354508,0.34005322353886,0.0982,0.1159,0.0899,4.5691,4.5595,5.9685559660877,1.9731381030939,2.222,0.51397563952919,0.016786805784498,-101.7648,26.1578,21.0514,0.2077,0.3614,0.1358740994998,0.2654518487814,10.1484,0.14578326481317,1.7397003002288,1.0831,2.628,0.1708,0.63,0.015347626961478,0.1692050209205,0.14578326481317,1.2036663980661,0.45048441210842,70.5701,2.3825,1.0831,2.628,0.1708,20.558000000000003,35.29,20.5584,7.4294,291057393.16,371144393.16,11.0756,0.3738,24.3563,143.8368,1.2822,1.3126,0.4767,6.1383,31.0581,183.5531,0.0903,0.0069,0.3614,0.2077,1.3245,2.222,10.1484,0.4546,0.0569,0.63,0.0995,0.0,0.0133,0.8308,0.0128,-0.6099,0.0014,33.1795,0.0899,0.0982,0.2803,137143000.0,389365000.0,81590000.0,357221000.0,52654500.0,44324000.0,170768000.0,26.1578,21.0514,-101.7648,14.7874,4.5691,4.5595,0.1159,-0.8998,0.0242,0.1033,0.1292,0.208,0.19,0.1919,0.0157,0.0127,0.5,-0.6658,-0.9292,0.0623,0.0376,-0.2333,0.1689999999999999,0.2961,1.0775,0.0569,0.061,0.0,0.0,0.1271,0.152,0.053,0.0372,0.089,0.0,-0.0106,Consumer Defensive,35.946194719511546,1,2014,,,,
AXTA,4391500000.0,0.1015,2897200000.0,1494300000.0,49500000.0,991500000.0,1124800000.0,369500000.0,217700000.0,29500000.0,2100000.0,7300000.0,0.0,27400000.0,0.0,27400000.0,0.12,0.12,229779626.0,229300000.0,0.0,0.3403,0.127,0.0563,0.006,0.0143,555900000.0,247200000.0,34700000.0,0.0067,0.0062,386800000.0,0.0,386800000.0,820400000.0,538300000.0,1872900000.0,1514100000.0,2301100000.0,0.0,64500000.0,4297800000.0,6170700000.0,494500000.0,40100000.0,946700000.0,3574200000.0,3614300000.0,0.0,215500000.0,0.0,4112000000.0,5058700000.0,-103300000.0,-226500000.0,1044700000.0,0.0,3227500000.0,127400000.0,412100000.0,308700000.0,8000000.0,251400000.0,-188400000.0,17500000.0,0.0,-173800000.0,-123500000.0,3000000.0,0.0,-123200000.0,-26900000.0,-45600000.0,63000000.0,-0.5398,5.7186,0.0,1.3615,216.8333,94.7045,23.7823,23.732641209228,1.3586214277581998,-0.0,17.858222701925,5.711099837273901,0.056290561311625,0.11933656957929,0.92881355932203,0.34027097802573,1.0,0.084139815552772,0.0062393259706251,0.071186440677966,0.0112,0.0262,0.048,2.2343,8.0689,2.9004028795984,0.71166966470579,1.978,1.2751663673813998,0.40857716277596,-67.817,68.1876,41.1004,0.5857,3.4597,0.77382060663794,0.7757673320455,1.1355,0.069557037323963,5.9066717718005,1.0964,0.2747,1.6869,0.0,0.057246954343618,0.25059665871122,0.069557037323963,1.3343949044586,1.3343949044586,19.1518,0.1195,1.0964,0.2747,1.6869,4.556,16.875999999999998,4.556,15.7623,5978865868.52,9206365868.52,216.8333,1.3615,23.7823,94.7045,5.7186,0.0,2.0964,16.5612,36.6204,146.1328,0.0046,0.0105,3.4597,0.5857,5.8059,1.978,1.1355,9.1752,0.0,0.0,0.2258,0.0113,0.3729,0.7494,0.0429,-0.6103,0.0018,3.505,0.048,0.0112,-0.5328,926200000.0,3869600000.0,-3185800000.0,6150400000.0,843150000.0,486500000.0,544250000.0,68.1876,41.1004,-67.817,5.2084,2.2343,8.0689,0.0262,-0.8216,0.2309,5.5275,13.8394,1.1218,1.1237,1.1237,0.0044,0.0088,0.0,-0.3328,-0.7070000000000001,0.04015,0.0,0.0,0.0,0.0,0.0,0.03095,0.0242,0.0,0.0,-0.0525,-0.0216,-0.0704,-0.0899,-0.0544,0.2222,-0.0472,Basic Materials,1.5624994321203762,1,2014,,,,
UAN,298665000.0,-0.0773,198159000.0,100506000.0,0.0,17703000.0,17703000.0,82803000.0,6783000.0,76121000.0,-28000.0,0.0,0.0,76149000.0,0.0,76149000.0,1.04,1.04,73116639.0,73115000.0,1.41,0.3365,0.369,0.2776,0.255,0.3275,110153000.0,82904000.0,76149000.0,0.2549,0.255,79914000.0,0.0,79914000.0,7136000.0,35614000.0,129578000.0,404934000.0,40969000.0,0.0,0.0,449261000.0,578839000.0,12747000.0,0.0,39707000.0,125000000.0,125000000.0,13613000.0,0.0,0.0,125201000.0,164908000.0,-1038000.0,77094000.0,413931000.0,0.0,45086000.0,6914000.0,26960000.0,27249000.0,1785000.0,118878000.0,-21076000.0,0.0,0.0,-20966000.0,0.0,-50000.0,-103090000.0,-103140000.0,0.0,-5228000.0,97802000.0,-0.0633,1.7205,1.9095,2.3845,9.3654,7.2814,5.9906,4.7011989224247,1.8712240319421003,0.18446179131432,6.933838619919599,1.3501504489879,0.27758190614903,0.91818247611695,1.0003678354199,0.33651750288785,1.0,0.27724373461905,0.25496459243634,-0.0003678354199235,0.1539,0.184,0.1127,4.9793,8.6975,0.73756464016358,0.51597248975967,3.263,2.1923086609414,2.0125922381444,-65.5994,8.7209,15.5782,0.2159,0.302,0.23194063804086,0.23194063804086,12.2223,0.951024,1.3983949015656998,1.6259,1.3376,1.093,1.356,0.39803123901361,0.82270899577718,0.951024,5.6404441070412,0.95741185187571,4.0849,1.0415,1.6259,1.3376,1.093,5.6610000000000005,7.356,5.6614,1.7096,712156063.86,757242063.86,9.3654,2.3845,5.9906,7.2814,1.7205,1.9095,2.5354,6.8745,6.3699,7.7426,0.1068,0.1373,0.302,0.2159,0.4093,3.263,12.2223,1.5611,0.1448,1.356,0.0593,0.0,0.0708,0.1773,0.0706,-0.7735,0.006,11.5094,0.1127,0.1539,-0.0496,89871000.0,537870000.0,-35330000.0,543249000.0,7342500.0,14942000.0,34339000.0,8.7209,15.5782,-65.5994,40.6762,4.9793,8.6975,0.184,-0.2883,-0.3113,-0.3369,-0.3368,-0.358,-0.358,-0.358,0.0006,-0.0012,-0.192,-0.0785,0.1472,0.04015,-0.0051,0.0,-0.0532,0.0,-0.1689,0.03095,-0.0548,0.0,0.1293,-0.0547,0.0771,-0.0246,-0.0596,0.0,0.0,-0.16,Basic Materials,-9.895490153012666,0,2014,,,,
PCRX,197668000.0,1.3105,77440000.0,120228000.0,18731000.0,106662000.0,125393000.0,-5165000.0,8278000.0,-13543000.0,173000.0,0.0,0.0,-13716000.0,0.0,-13716000.0,-0.39,-0.39,36055639.0,35299000.0,0.0,0.6082,0.024,-0.0266,-0.069,0.0181,4770000.0,-5265000.0,-13716000.0,-0.0685,-0.0694,39029000.0,119138000.0,158167000.0,22366000.0,29263000.0,214257000.0,60632000.0,24164000.0,24431000.0,0.0,111815000.0,326072000.0,6758000.0,103100000.0,140010000.0,0.0,103100000.0,10934000.0,139000.0,0.0,14917000.0,154927000.0,-80000.0,-310145000.0,171145000.0,143569000.0,-55067000.0,4461000.0,30152000.0,10035000.0,24822000.0,26564000.0,-22984000.0,-13433000.0,-84017000.0,-120434000.0,0.0,111636000.0,0.0,118875000.0,0.0,25005000.0,3580000.0,0.0172,18.6904,21.7631,16.172,0.0,874.1926,120.3393,117.8139338955,15.832655462695,-0.0,664.2847672956,18.286303076339,-0.026635570755003,0.9216,0.6904726666965,0.60823198494445,1.0,-0.026129671975231,-0.069389076633547,0.30800777034319,-0.1017,-0.0801,-0.0246,12.576,8.8205,3.2601266657870003,0.6062096714835999,1.53,1.2894293264767,0.27875866009571,-137.9261,41.2995,12.4789,0.3162,0.6024,0.0,0.37594122044158,-0.636,0.2576527643064999,1.905238248269,0.7525,0.1014,1.1057,0.0,0.13438695185867,0.13476886011143,0.2576527643064999,1.1557605290637,1.1557605290637,5.5998,-0.3886,0.7525,0.1014,1.1057,4.848,8.552999999999999,4.8484,2.9208,3196692953.74,3141625953.74,0.0,16.172,120.3393,874.1926,18.6904,21.7631,15.8934,658.6218,118.2663,877.5491,-0.0044,0.0011,0.6024,0.3162,-11.5444,1.53,-0.636,-1.9367,0.0,0.0,0.5396,0.0948,0.0741,0.8652,0.1163,-2.2904,0.1256,0.0,-0.0246,-0.1017,0.0186,74247000.0,301908000.0,59330000.0,225969000.0,18478000.0,4913500.0,22410000.0,41.2995,12.4789,-137.9261,10.6975,12.576,8.8205,-0.0801,-0.6511,2.9062,0.9078,0.9031,0.7854,0.7979,0.7979,0.0638,0.0638,0.0,1.606,1.0639,-0.2654,0.8036,0.0,0.0,0.0,0.0,0.0,0.1819,0.0,0.0,0.5329999999999999,0.8809999999999999,0.9201,2.9002,0.0418,-0.1312,0.7064,Healthcare,-15.837349064625672,0,2014,,,,
CLDX,3586000.0,-0.1277,0.0,3586000.0,104381000.0,20622000.0,126016000.0,-122430000.0,0.0,-118080000.0,0.0,0.0,0.0,-118080000.0,0.0,-118080000.0,-19.8,-19.8,5972610.0,5959936.0,0.0,1.0,-31.98,-32.9281,-32.928000000000004,-28.8528,-114679000.0,-118080000.0,-118080000.0,-32.9281,-32.9281,28020000.0,173023000.0,201043000.0,427000.0,0.0,204985000.0,10535000.0,30772000.0,0.0,0.0,43029000.0,248014000.0,2603000.0,0.0,24491000.0,0.0,0.0,0.0,0.0,0.0,11863000.0,36354000.0,2590000.0,-463759000.0,211660000.0,173023000.0,-201043000.0,3515000.0,21888000.0,3401000.0,6852000.0,-101537000.0,-1929000.0,0.0,-39082000.0,-41011000.0,0.0,1171000.0,0.0,1171000.0,-5000.0,-141382000.0,-103466000.0,0.123,7.722,9.0356,455.9403,0.0,0.0,-16.1025,15.998659393157,454.9728053541599,-0.0,15.195861815975501,7.7082702447321,-32.92805354155,0.9216,0.6904726666965,1.0,1.0,-34.141104294479,-32.92805354155,0.30800777034319,-0.6181,-0.5579,-3.4039,0.6096,0.0,0.34038917892738,0.0144588611933199,8.37,8.2262872075456,1.144093748724,0.0,43.4621,264.9456,0.0,0.0,0.0,0.0,0.0,-0.28685192379289,1.1717565907588,-17.0366,-17.36,4.7014,0.0,-28.314835471277,0.736697268513095,-0.28685192379289,-52.63711767755299,-52.63711767755299,0.6017,-19.8123,-17.0366,-17.36,4.7014,35.514,36.45,35.5138,0.0,1635001987.5,1433958987.5,0.0,455.9403,-16.1025,0.0,7.722,9.0356,399.877,0.0,-14.1225,-13.8592,-0.0723,-0.0633,0.0,0.0,1.7531,8.37,0.0,0.8599,0.0,0.0,5.7507,29.1079,0.1241,0.0,0.5379,-0.5672,1.9108,0.0,-3.4039,-0.6181,0.1031,180494000.0,217242000.0,168631000.0,164731000.0,458000.0,2423000.0,0.0,43.4621,264.9456,0.0,7.8297,0.6096,0.0,-0.5579,-0.3237,1.018,-0.4646,-0.5033,-0.4479,-0.2941,-0.2941,0.1206,0.1206,0.0,-0.5005,-0.4393,-0.4456,-0.4449,0.0,0.0,0.0,0.0,-0.0865,0.1082,0.0,0.0,-0.1268,0.0,-0.2855,-0.4094,0.0,0.5487,0.3929,Healthcare,-14.82889656104516,0,2014,,,,
APTV,15499000000.0,0.0298,12471000000.0,3028000000.0,0.0,1036000000.0,1278000000.0,1750000000.0,135000000.0,1606000000.0,255000000.0,89000000.0,0.0,1351000000.0,0.0,1351000000.0,4.5,4.48,296079367.0,300270000.0,1.0,0.1954,0.147,0.1123,0.087,0.0875,2281000000.0,1741000000.0,1440000000.0,0.1036,0.0872,860000000.0,0.0,860000000.0,2400000000.0,1013000000.0,5224000000.0,3021000000.0,1384000000.0,98000000.0,0.0,5497000000.0,10721000000.0,2278000000.0,34000000.0,3889000000.0,2392000000.0,2426000000.0,0.0,0.0,0.0,3819000000.0,7708000000.0,-741000000.0,1548000000.0,2510000000.0,98000000.0,1566000000.0,951000000.0,1577000000.0,540000000.0,73000000.0,2135000000.0,-779000000.0,-345000000.0,15000000.0,-1186000000.0,8000000.0,-1024000000.0,-301000000.0,-1398000000.0,-36000000.0,-485000000.0,1356000000.0,-0.0868,7.1405,15.9172,1.1644,13.5457,13.4979,8.4533,0.0,0.0,-0.0,1.4256904866287,0.0,0.11232982773082,0.92245835726594,0.8412204234121999,0.19536744306084,1.0,0.1129105103555099,0.0871669139944509,0.1587795765877999,0.3101,0.5382,0.1988,1.5506,14.7189,5.1304203905991,1.4456673817741,1.3430000000000002,0.8382617639496001,0.22113653895603,-29.6484,56.5198,53.6467,0.2263,0.9665,0.48796409628723,0.49149108589951,12.8963,0.8800494641384999,4.2713147410359005,7.1103,4.5159,2.8641,0.222,0.13775082263372,0.6351288056206099,0.8800494641384999,2.7406931964056005,1.9768518518519,51.6169,4.4993,7.1103,4.5159,2.8641,8.359,31.095,8.3591,8.0794,18047695463.1052,19613695463.1052,13.5457,1.1644,8.4533,13.4979,7.1405,15.9172,1.2655,8.5987,9.1867,14.4644,0.0738,0.0751,0.9665,0.2263,0.6865,1.3430000000000002,12.8963,1.5803,0.0164,0.222,0.0668,0.0,0.1291,0.3649,0.0503,-1.4426,0.0047,29.4002,0.1988,0.3101,-0.1376,1335000000.0,9337000000.0,-2484000000.0,7014000000.0,2531000000.0,2436500000.0,1053000000.0,56.5198,53.6467,-29.6484,6.1237,1.5506,14.7189,0.5382,-2.5943,0.0904,0.0915,0.0756,0.1147,0.1538,0.1517,-0.0339,-0.0318,0.4706,0.22,0.1843,0.0632,0.1067,0.03985,0.2957,0.0,0.1829,0.05365,0.2778,0.0,0.0,-0.0984,-0.0732,-0.0295,-0.1075,0.0058,0.0,0.131,Consumer Cyclical,19.849348203485757,1,2014,,,,
VAC,1749688000.0,0.0675,1111721000.0,637967000.0,0.0,414989000.0,494047000.0,143920000.0,12574000.0,131204000.0,51474000.0,0.0,0.0,79730000.0,0.0,79730000.0,2.25,2.18,35425607.0,35373000.0,0.0,0.3646,0.095,0.0822,0.046,0.0793,166373000.0,143778000.0,79730000.0,0.075,0.0456,286000000.0,0.0,86661000.0,1079000000.0,870000000.0,401801000.0,254000000.0,0.0,0.0,0.0,710559000.0,2632000000.0,129000000.0,7482000.0,241363500.0,187040000.0,678000000.0,19000000.0,60000000.0,48000000.0,323822000.0,1423000000.0,23000000.0,82000000.0,1209000000.0,0.0,85086000.0,34047306.5,86523000.0,22595000.0,12015000.0,160748000.0,-21977000.0,3543000.0,0.0,-35911000.0,-4727000.0,-21829000.0,0.0,-28275000.0,42000.0,96604000.0,138771000.0,-0.2034,1.5384,1.5384,1.0662,23.4044,13.4231,11.6052,0.0,0.0,-0.0,1.7190289289729,0.0,0.082173507505338,0.91254573022298,0.6076796439133,0.3646175775338199,1.0,0.082254664831673,0.045568124145562,0.3923203560867,0.1132,0.0659,0.0755,4.3528,1.9905,6.8885354330709,0.66477507598784,1.711,0.962774517224665,0.35773812224565005,-285.6382,225.0887,26.9105,0.2576,0.5608,0.0,0.0,11.4345,0.28858839672043,2.1770057899090003,4.5444,3.923,8.0853,0.0,0.091872379532808,0.8632829024311299,0.28858839672043,7.314374118396499,7.314374118396499,49.4639,2.254,4.5444,3.923,8.0853,34.179,74.407,34.1786,19.1672,1865512464.62,3632132306.85,23.4044,1.0662,11.6052,13.4231,1.5384,1.5384,1.6086,16.7528,19.5413,22.1183,0.0427,0.0744,0.5608,0.2576,0.9607,1.711,11.4345,2.0162,0.0,0.0,0.2372,0.0,0.0,0.1367,0.0126,-0.9726,0.0069,41.6286,0.0755,0.1132,-0.1492,131627000.0,2632000000.0,-89852500.0,3024000000.0,1117500000.0,121000000.0,879000000.0,225.0887,26.9105,-285.6382,1.5657,4.3528,1.9905,0.0659,-0.6213,0.1212,1.9954,2.9978,10.39,10.8421,11.1111,0.0283,0.0116,0.0,-0.0138,-0.0495,0.0632,0.0172,0.03985,-0.2607,0.0,0.0427,0.05365,-0.1543,0.0,0.0,-0.0666,-0.0203,0.0073,0.0323,0.0,0.0,0.0,Consumer Cyclical,-22.25495247684177,0,2014,,,,
ASPS,1078916000.0,0.4042,707180000.0,371736000.0,0.0,201733000.0,239206000.0,132530000.0,23363000.0,144662000.0,10178000.0,2603000.0,0.0,134484000.0,0.0,134484000.0,6.22,5.69,20271929.0,21625000.0,0.0,0.3445,0.218,0.1557,0.125,0.1229,234751000.0,168025000.0,137087000.0,0.1341,0.1246,161361000.0,0.0,161361000.0,112183000.0,0.0,302098000.0,127759000.0,336097000.0,0.0,4987000.0,486123000.0,788221000.0,111766000.0,5945000.0,140767000.0,582669000.0,588614000.0,9829000.0,2694000.0,0.0,606011000.0,746778000.0,0.0,367967000.0,40394000.0,0.0,427253000.0,28554000.0,23056000.0,66726000.0,2236000.0,197493000.0,-64846000.0,-34720000.0,0.0,-101268000.0,190433000.0,-253025000.0,0.0,-65188000.0,0.0,31037000.0,132647000.0,-0.6237,16.9703,0.0,0.6349,5.4325,5.5087,3.4684,3.699922275726201,0.67726194624975,-0.0,6.2821404381664,18.089536812398,0.15573501551557,0.8609552149977701,0.92964289170618,0.3445458219175499,1.0,0.12283625416622,0.12464733121021,0.0703571082938159,0.4652,3.3293,0.1687,2.6048,0.0,8.4449314725381,1.3687988520986,2.146,1.9432395376757,1.1462984932548,0.0,37.9518,37.8107,0.7468,14.5718,0.93516867475681,0.93578142090403,7.1919,0.33552209087789,19.513318809724,9.1326,6.134,7.4618,0.0,0.18304761445747,0.67165418521163,0.33552209087789,3.0455695031305,3.0455695031305,49.8921,6.2189,9.1326,6.134,7.4618,1.868,20.907,1.8679,27.2191,684988480.91,1112241480.91,5.4325,0.6349,3.4684,5.5087,16.9703,0.0,1.0309,4.738,5.6318,8.385,0.1841,0.1936,14.5718,0.7468,1.82,2.146,7.1919,1.4685,0.0,0.0,0.187,0.0,0.4264,0.3283,0.0601,-0.9718,0.0021,16.6925,0.1687,0.4652,-0.6492,161331000.0,452124000.0,-444680000.0,738610000.0,108485000.0,98236000.0,0.0,37.9518,37.8107,0.0,9.9453,2.6048,0.0,3.3293,-2.9987,0.3475,0.0581,-0.1823,0.0347,0.1048,0.0963,-0.0627,-0.0566,0.0,0.0648,-0.1235,0.4271,0.4211,0.4586,0.2587,0.4194,0.2869,-0.1224,-0.346,0.0,0.0,0.0706,0.0,0.0797,-0.725,0.4892,0.0,0.7725,Industrials,-18.612815463312145,0,2014,,,,
ULBI,66494000.0,-0.1565,47144000.0,19350000.0,5333000.0,15460000.0,20793000.0,-1443000.0,218000.0,-1848000.0,268000.0,-15000.0,61000.0,-2116000.0,0.0,-2116000.0,-0.12,-0.12,17397010.0,17475000.0,0.0,0.291,0.023,-0.0245,-0.032,0.0303,1503000.0,-1630000.0,-2131000.0,-0.0278,-0.0318,17866000.0,0.0,17866000.0,11479000.0,26086000.0,56850000.0,9812000.0,20745000.0,0.0,106000.0,30792000.0,87642000.0,6996000.0,0.0,11211000.0,0.0,0.0,0.0,4531000.0,0.0,4518000.0,15729000.0,-467000.0,-96920000.0,72027000.0,0.0,-17866000.0,1419000.0,4215000.0,3133000.0,1003000.0,3665000.0,-1653000.0,0.0,0.0,-1385000.0,0.0,-751000.0,0.0,-751000.0,116000.0,1645000.0,2012000.0,0.3281,0.7548,1.0602,0.8189,0.0,27.1853,14.8575,14.924079126875998,0.82258173669805,-0.0,48.278609447771,0.7593923112166301,-0.024513489938942,0.886488253397385,0.6854094392717551,0.2910036995819199,1.0,-0.021701206123861,-0.031822420067976,0.313980721602335,-0.0382,-0.0294,-0.0154,2.8398,2.5506,6.7768039135752,0.7587001665868001,5.071000000000001,2.6175185086076,1.5936134153956003,-201.96400000000003,63.0107,38.4026,0.0,0.0,0.0,0.0,-7.4771,0.280719660831245,1.2167937023616,0.2097,0.115,1.0224,0.0,0.055117754985412,0.54897680763984,0.280719660831245,2.2171808832426,2.2171808832426,3.8051,-0.1211,0.2097,0.115,1.0224,4.122,3.828,4.1217,0.0,54452641.3,36586641.3,0.0,0.8189,14.8575,27.1853,0.7548,1.0602,0.5502,24.3424,9.9827,18.1842,-0.0383,0.0369,0.0,0.0,-11.8869,5.071000000000001,-7.4771,-1.732,0.0,0.0,0.2325,0.0802,0.2367,0.451,0.0249,-0.5276,0.0151,0.0,-0.0154,-0.0382,0.7552,45639000.0,66897000.0,41121000.0,37820000.0,12951500.0,7024500.0,26069500.0,63.0107,38.4026,-201.96400000000003,5.1341,2.8398,2.5506,-0.0294,-0.0946,-0.1446,-2.6303,-1.3125,-1.2851,-1.4,-1.4,0.0006,0.0006,0.0,-0.4686,-0.6718,-0.1597,-0.2143,0.1189,-0.3082,0.0,0.0,-0.0215,-0.0089,0.0,0.0,-0.2042,0.0013,-0.0283,-0.0237,0.0,-0.0898,-0.1108,Industrials,115.33333460489912,1,2014,,,,
GTY,99893000.0,-0.0284,23768000.0,76125000.0,0.0,15777000.0,47284000.0,28841000.0,9806000.0,23418000.0,0.0,0.0,-3013000.0,23418000.0,0.0,23418000.0,0.69,0.69,33842938.0,33409000.0,0.82,0.7621,0.4379999999999999,0.3326,0.2339999999999999,0.4834,43773000.0,33224000.0,23418000.0,0.2344,0.2344,3824000.0,0.0,47778000.0,25444000.0,0.0,162820585.0,495269000.0,0.0,1354213.0,0.0,260248811.28595,687501000.0,51417000.0,13184864.0,72194000.0,211922500.0,125344000.0,0.0,0.0,0.0,213538472.29285002,280477000.0,0.0,-56624000.0,407024000.0,129990000.0,103781000.0,527257.0,8045000.0,10549000.0,917000.0,29237000.0,19053000.0,0.0,2783000.0,23505000.0,-33305000.0,0.0,-28675000.0,-61666000.0,0.0,-8924000.0,48290000.0,-0.35,1.4379,1.4379,6.1694,26.3913,12.5984,21.0788,16.767234004857,4.9074872173225,0.058493713470811,11.286583524089998,1.2044096185973998,0.33259587758902,0.70485191427883,1.0,0.7620654099886899,1.0,0.2887189292543,0.23443084099987,0.0,0.074,0.0575,0.0534,0.4669,0.0,0.20169443272242,0.14529869774735,1.281,1.3603694507090498,0.38102257429308495,0.0,92.9701,187.8731,0.1823,0.308,0.0,0.0,3.3881,0.19645520830434,1.6890920437124,0.8751,1.445,0.1145,1.188,0.29268317099296,1.6516742483839,0.19645520830434,0.7986411464721501,3.0385574724588995,2.99,0.7009,0.8751,1.445,0.1145,12.183,20.578000000000003,12.1831,3.7518,616279900.98,1510759986.96,26.3913,6.1694,21.0788,12.5984,1.4379,1.4379,11.6369,17.2609,22.992,-8.2766,0.0379,0.0784,0.308,0.1823,3.6951,1.3445,3.3881,1.2485,0.045,1.188,0.1579,0.0,0.0,0.0,-0.1907,1.8061,0.0092,14.0217,0.0534,0.074,-0.2776,53119000.0,687501000.0,-101528500.0,809021000.0,38118000.0,54416500.0,0.0,92.9701,187.8731,0.0,2.6206,0.4669,0.0,0.0575,0.5703,0.0366,-0.5932,-0.2593,-0.6655,-0.6683,-0.6683,0.0004,0.0004,-0.0353,-0.3306,0.3199,-0.0228,0.0234,-0.1602,-0.2149,-0.1787,0.2364,0.0803,0.0322,-0.1538,-0.1749,-0.4991,0.0,0.0075,-0.0198,-0.2067,0.0,-0.2254,Real Estate,-0.8134468278372612,0,2014,,,,
MAYS,17081430.0,0.0749,9628631.0,7452799.0,0.0,4255631.0,5981772.0,1471027.0,423015.0,1280323.0,541000.0,0.0,0.0,739323.0,0.0,739323.0,0.37,0.37,2015780.0,2015780.0,0.0,0.4363,0.2269999999999999,0.0997,0.043,0.0342,3877112.0,1703338.0,739323.0,0.075,0.0433,1892760.0,0.0,1892760.0,4177749.0,0.0,6597766.0,47458998.0,0.0,1354213.0,1760006.0,54578799.0,61176565.0,144250.0,240000.0,3742261.0,9104938.0,9344938.0,3354167.0,4226357.0,746603.0,13324938.0,17067199.0,129412.0,39743264.0,44109366.0,1354213.0,7452178.0,527257.0,3358011.0,2173774.0,0.0,4134834.0,-3550674.0,0.0,1191035.0,-2645449.0,-170262.0,0.0,0.0,-261343.0,0.0,1228042.0,584160.0,-0.0615,2.7456,2.7456,7.09,162.3784,207.32,29.2897,29.29033739057,7.0901957806811,-0.0,34.073914014865,2.7456908565405,0.0997187003664209,0.75165527922233,0.57745037775624,0.43631001619888,1.0,0.086118492421302,0.043282266180291,0.42254962224376,0.0147,0.0168,0.0165,44.1263,0.0,0.35991973534713,0.279215251788,1.763,1.6221500852025,0.50577979462149,0.0,89.2711,3.0824,0.1528,0.2119,0.17109944724636,0.17482105837539,4.0267,0.44246778309284,1.3869291388137002,2.0512,-0.254,0.939,0.0,0.24206603311315,0.141277739324,0.44246778309284,1.1645208768814,1.1645208768814,8.4739,0.3668,2.0512,-0.254,0.939,21.882,30.349,21.882,4.6359,121108062.4,128560240.4,162.3784,7.09,29.2897,207.32,2.7456,2.7456,7.5263,33.1588,31.092,220.0771,0.0062,0.0048,0.2119,0.1528,1.9221,1.763,4.0267,5.5927,0.0,0.0,0.2491,0.0,0.0,0.8587,0.2079,-1.6334,0.0,13.4969,0.0165,0.0147,-0.0864,2855505.0,61176565.0,-10469433.0,64886482.0,3374767.5,100959.0,0.0,89.2711,3.0824,0.0,5.0615,44.1263,0.0,0.0168,-1.7614,0.0541,0.0593,-0.2047,0.114,0.1212,0.1212,0.0,0.0,0.0,0.4686,2.1406,0.0348,0.0476,0.0953,0.147,-0.0045,0.1171,0.0183,0.0211,0.0,0.0,0.6245,0.0,0.0791,0.0158,0.2923,0.0,0.1874,Real Estate,19.067359094175032,1,2014,,,,
T,132447000000.0,0.0287,60145000000.0,72302000000.0,0.0,39697000000.0,60090000000.0,12212000000.0,3613000000.0,10061000000.0,3619000000.0,294000000.0,0.0,6442000000.0,0.0,6442000000.0,1.24,1.24,5187000000.0,5187000000.0,1.84,0.5459,0.241,0.1032,0.049,0.0766,31947000000.0,13674000000.0,6736000000.0,0.076,0.0486,8603000000.0,0.0,8603000000.0,14527000000.0,0.0,33606000000.0,112898000000.0,136655000000.0,250000000.0,0.0,263228000000.0,296834000000.0,23592000000.0,6056000000.0,37282000000.0,75778000000.0,81834000000.0,4105000000.0,39527000000.0,0.0,169282000000.0,206564000000.0,8061000000.0,31081000000.0,89716000000.0,250000000.0,73231000000.0,10476000000.0,7634000000.0,18273000000.0,0.0,31338000000.0,-21199000000.0,4982000000.0,-1890000000.0,-18337000000.0,5617000000.0,-1578000000.0,-9552000000.0,-7737000000.0,0.0,5264000000.0,10139000000.0,-0.4203,1.942,0.0,1.3155,27.0887,17.1843,5.5597,4.4091982768524005,1.0432509275408,0.069129498857249,6.9664273828529,1.540142846315,0.10324129651861,0.73577592511335,0.64029420534738,0.54589382922981,1.0,0.09220291890341,0.04863832325383,0.35970579465262,0.059,0.0718,0.0298,1.5409,0.0,1.1731563003773,0.44619888557241,0.901,0.62040663054557,0.2307547878332699,0.0,40.0338,65.0153,0.2757,0.9121,0.4578897120137299,0.47702710580006,3.7847,0.38294596378034,3.3085960140889,6.0416,1.955,1.6586,1.484,0.23660785068744,0.32353692003319,0.38294596378034,1.4782772772301,1.0190888101200002,25.5344,1.242,6.0416,1.955,1.6586,17.296,30.881,17.2963,15.7767,174231330000.0,247462330000.0,27.0887,1.3155,5.5597,17.1843,1.942,0.0,1.8684,7.746,7.8966,24.407,0.0369,0.0582,0.9121,0.2757,2.2923,0.901,3.7847,4.8646,0.0548,1.484,0.2997,0.0,0.4604,0.6765,0.1601,-1.1601,0.0,21.9672,0.0298,0.059,-0.9927,-3676000000.0,160179000000.0,-172958000000.0,196128000000.0,13722500000.0,22349500000.0,0.0,40.0338,65.0153,0.0,9.6518,1.5409,0.0,0.0718,-4.0869,-0.0678,-0.5685,-0.6029,-0.6502,-0.6374,-0.6374,-0.0154,0.011300000000000001,0.0222,-0.0994,-0.268,0.0423,0.0609,0.0071,0.0101,-0.096,0.2312,0.001,-0.0097,0.0233,0.0227,0.1246,0.0,0.0686,0.0014,0.0942,0.0,0.3971,Communication Services,7.424300333652923,1,2014,,,,
TMUS,29564000000.0,0.2106,15409000000.0,14155000000.0,0.0,8863000000.0,13574000000.0,581000000.0,1351000000.0,413000000.0,166000000.0,0.0,0.0,247000000.0,0.0,247000000.0,0.31,0.3,807350358.0,805284712.0,0.0,0.4788,0.209,0.0597,0.008,-0.0058,6176000000.0,1764000000.0,247000000.0,0.0139999999999999,0.0084,5315000000.0,0.0,5315000000.0,6631000000.0,1085000000.0,13984000000.0,16245000000.0,24508000000.0,0.0,988000000.0,42669000000.0,56653000000.0,7595000000.0,87000000.0,8776000000.0,21873000000.0,21960000000.0,459000000.0,4873000000.0,0.0,32214000000.0,40990000000.0,1000000.0,-22841000000.0,15663000000.0,0.0,16645000000.0,953000000.0,1094000000.0,4412000000.0,196000000.0,4146000000.0,-4317000000.0,0.0,0.0,-7246000000.0,1556000000.0,27000000.0,0.0,2524000000.0,0.0,-576000000.0,-171000000.0,-0.7653,1.3887,0.0,0.7357,86.9032,0.0,5.246,5.2326025425181,0.73381038226492,-0.0,7.9148915384197,1.3850711958934998,0.0596671627655259,0.23412698412698,0.59806295399516,0.4787917737789199,1.0,0.019652279799756,0.0083547557840617,0.40193704600484,0.0115,0.0158,0.0085,1.3193,35.3848,1.8198830409357,0.52184350343318,1.5930000000000002,1.3612123974476,0.6056289881495,-25.7009,81.867,93.7686,0.3876,1.402,0.58272058823529,0.5836855115222099,1.3057,0.18879781420765,3.6169954670242,5.1485,-0.212,6.6002,0.0,0.1402381274523099,-0.041244573082489,0.18879781420765,0.96038915913829,0.96038915913829,36.7125,0.3067,5.1485,-0.212,6.6002,19.45,39.918,19.4503,27.2699,21750018644.52,38395018644.52,86.9032,0.7357,5.246,0.0,1.3887,0.0,1.2987,6.2168,9.2607,-224.5323,0.0115,-0.0079,1.402,0.3876,2.6951,1.5930000000000002,1.3057,16.7854,0.0,0.0,0.2998,0.0,0.4326,1.0412,0.146,-0.9785,0.0066,11.6322,0.0085,0.0115,-1.2417,5208000000.0,32145000000.0,-27006000000.0,40014000000.0,5683000000.0,6180500000.0,835500000.0,81.867,93.7686,-25.7009,5.2022,1.3193,35.3848,0.0158,-5.3608,0.1636,0.3846,-0.4456,6.0571,5.2,5.0,0.1966,0.2054,-1.0,0.1695,0.6438,0.1316,-0.0159,0.0014,-0.179,-0.2113,0.0,0.0838,0.5264,0.0,0.0,0.4004,0.8515,0.1341,-0.0812,0.0877,0.0,0.2006,Communication Services,46.01196534977768,1,2014,,,,
GEOS,236912000.0,-0.2119,140453000.0,96459000.0,16536000.0,25291000.0,42660000.0,53799000.0,471000.0,53543000.0,16632000.0,0.0,0.0,36911000.0,0.0,36911000.0,2.82,2.81,13131416.0,12950958.0,0.0,0.4072,0.303,0.228,0.156,0.2134,71788000.0,54014000.0,36911000.0,0.226,0.1558,33357000.0,23647000.0,57004000.0,24630000.0,145890000.0,244008000.0,103078000.0,1843000.0,0.0,15737000.0,110978000.0,354986000.0,4964000.0,0.0,23351000.0,0.0,0.0,3752000.0,2422000.0,0.0,2377000.0,25728000.0,-2496000.0,260919000.0,329258000.0,23647000.0,-57004000.0,16484000.0,18387000.0,17774000.0,4119000.0,67650000.0,-17094000.0,0.0,-19610000.0,-36704000.0,-931000.0,424000.0,0.0,-329000.0,14000.0,30631000.0,50556000.0,0.1235,1.383,1.3907,1.9483,12.4645,9.0044,6.8229,6.7291378226164005,1.9214990110252,-0.0,6.8059170571683,1.3825819682437,0.22799182818937,0.99128003850853,0.68937115962871,0.40715117849666,1.0,0.2270843182278699,0.15580046599581,0.3106288403712899,0.114,0.1121,0.1224,2.4225,1.6038,2.2983759871166,0.6673840658504799,10.45,3.4959530641086,1.4285041325852998,-379.1293,37.9464,7.6478,0.0,0.0,0.0,0.0,114.6794,0.43677589566281,1.0781393314665,5.2236,3.9036,2.5756,0.0,0.28554906463159,0.74731707317073,0.43677589566281,3.957528957529,3.957528957529,18.293,2.8501,5.2236,3.9036,2.5756,25.423,27.268,25.4234,0.0,461569272.4,404565272.4,12.4645,1.9483,6.8229,9.0044,1.383,1.3907,1.7077,5.6356,5.9803,8.0023,0.0802,0.1095,0.0,0.0,-0.7941,10.45,114.6794,1.8328,0.0,0.0,0.1068,0.0698,0.0052,0.2527,0.0722,-0.9617,0.0174,40.1585,0.1224,0.114,0.4729,220657000.0,353143000.0,218280000.0,296435000.0,43393000.0,10850500.0,147719000.0,37.9464,7.6478,-379.1293,5.4597,2.4225,1.6038,0.1121,-1.3199,-0.3098,-0.4671,-0.4685,-0.4693,-0.4778,-0.4777,0.005,0.0045,0.0,2.1835,1.6895,0.1858,0.0958,0.2951,2.8533,0.8071,0.0607,0.2059,0.2135,0.0,0.0,-0.6037,-0.0245,0.0848,0.1334,-1.0,0.1254,0.0816,Energy,-47.06546375015024,0,2014,,,,
BRN,31445000.0,0.2778,13940000.0,17505000.0,0.0,8026000.0,14417000.0,3088000.0,664000.0,1276000.0,604000.0,666000.0,0.0,672000.0,0.0,672000.0,0.08,0.08,8277160.0,8277160.0,0.0,0.5567,0.265,0.0617,0.021,0.5239,8331000.0,1940000.0,1338000.0,0.0406,0.0214,16104000.0,0.0,16104000.0,2910000.0,0.0,26520000.0,28937000.0,0.0,5900000.0,0.0,28250000.0,54770000.0,4368000.0,4449000.0,14523000.0,6650000.0,11099000.0,594000.0,1201000.0,0.0,20302000.0,34825000.0,-258000.0,16204000.0,19198000.0,5900000.0,-5005000.0,7506000.0,5706000.0,6391000.0,-380000.0,5569000.0,10906000.0,-5140000.0,3297000.0,9078000.0,-5541000.0,0.0,0.0,-6031000.0,-340000.0,8276000.0,16475000.0,0.2308,1.1296,1.1296,0.6897,32.75,1.3163,3.8941,3.8878425440833,0.68854810392749,-0.0,5.3301398545193,1.1277943081571,0.06169502305613,0.65773195876289,0.52664576802508,0.5566862776276,1.0,0.098203211957386,0.021370647161711,0.4733542319749199,0.0164,0.035,0.0693,2.13,0.0,1.0866710439921,0.57412817235713,1.826,1.3092336294154,1.1088618054121,0.0,33.778,50.7019,0.2026,0.5781,0.2572732900031,0.36633990164043,2.9217,0.50175691503739,2.85290134389,0.6728,1.9904,1.9456,0.0,0.17710287804102,2.9583408152272006,0.50175691503739,0.915258073004515,0.73836492407703,3.799,0.0812,0.6728,1.9904,1.9456,2.319,6.617000000000001,2.3194,1.3409,21686159.2,16681159.2,32.75,0.6897,3.8941,1.3163,1.1296,1.1296,0.5305,2.0023,2.9954,1.0125,0.0305,0.7597,0.5781,0.2026,-0.6008,1.826,2.9217,8.2872,0.0,0.0,0.2552,0.0,0.0,0.0,-0.3468,1.7065,-0.0121,2.0431,0.0693,0.0164,-0.3829999999999999,11997000.0,54770000.0,-8305000.0,35242000.0,3098500.0,4485000.0,0.0,33.778,50.7019,0.0,10.1485,2.13,0.0,0.035,1.3176,0.4143,1.2048,1.3223,1.0785,1.0777,1.0777,0.0,0.0001,0.0,0.7452,26.3852,-0.0055,-0.0649,0.0,-0.2512,0.0,0.0,-0.0997,-0.2018,0.0,0.0,-0.1147,0.0,-0.1267,-0.1176,-0.3329999999999999,0.0,-0.0993,Energy,-33.56890297121791,0,2014,,,,
FCNCA,1052670000.0,0.0124,0.0,1052670000.0,0.0,595036000.0,849076000.0,203594000.0,0.0,203594000.0,65032000.0,0.0,0.0,138562000.0,0.0,138562000.0,13.56,1.38,9618941.0,10221721.0,1.2,1.0,0.272,0.1934,0.132,0.0946,286030000.0,203594000.0,138562000.0,0.1934,0.1316,2329101000.0,26915000.0,304614158.62125003,28701000.0,0.0,438693075.41725004,1125081000.0,246383000.0,4959050.0,0.0,139794000.0,30075113000.0,116535000.0,0.0,111842810.1388,121651000.0,1338504000.0,0.0,0.0,25678577000.0,61006500.0,27387519000.0,-52981000.0,2069647000.0,2687594000.0,25801130000.0,19535000.0,1360000.0,3687500.0,82436000.0,0.0,182242000.0,-82708000.0,182370000.0,-205559000.0,-17698000.0,-79622000.0,-619000.0,-11543000.0,-93961000.0,0.0,70583000.0,99534000.0,0.2547,1.1315,1.2457,2.3099,18.6423,25.9605,13.3425,13.939113273554002,2.413189205733,0.0045439660243105,17.024063494036,0.94519182629482,0.19340724063572,1.0,0.68057997779895,1.0,1.0,0.19340724063572,0.13162909553801,0.31942002220105,0.2289999999999999,0.0516,0.08185,3.0512,0.0,0.93563930063702,0.035001364749652,2.0765,2.1819267330463497,1.05241094852155,0.0,9.9517,40.407,0.0445,0.498,0.0,0.0,0.0,0.33843570050761496,11.19034831898,17.8289,9.737,227.858,0.088,0.1731235809892899,0.54616389196782,0.33843570050761496,2.203438603279,1.9335816065612,102.9836,13.5556,17.8289,9.737,227.858,262.93,2918.171,262.9297,130.947,2431572095.39,4251104343.4,18.6423,2.3099,13.3425,25.9605,1.1315,1.2457,2.7682,7.1206,6.2031,7.3703,0.0536,0.0409,0.498,0.0445,-0.2863,1.9575,0.0,1.3152,0.0047,0.088,0.5653,0.0,0.0082,0.4538,0.0786,-1.0033,0.0,261.0775,0.08185,0.2289999999999999,-6.3891,225464000.0,29828730000.0,24364000.0,28838133000.0,61049000.0,112956500.0,0.0,9.9517,40.407,0.0,17.243,3.0512,0.0,0.0516,-8.0914,0.0124,-0.2416,-0.2416,-0.1696,-0.2184,0.09509999999999999,0.0627,0.00425,0.0,-0.4494,-0.6244,0.0518,-0.0105,0.0205,-0.1801,0.0399,-0.1032,0.1197,0.136,0.0,0.0,-0.6927,0.0,0.419,0.2209,0.3095,0.0,0.0806,Financial Services,3.5086890485595186,1,2014,,,,
OPHC,5053000.0,2.8543,0.0,5053000.0,0.0,2774000.0,3448000.0,1605000.0,0.0,1605000.0,0.0,0.0,0.0,1605000.0,0.0,1605000.0,1.85,1.85,929597.0,929597.0,0.0,1.0,0.352,0.3176,0.318,0.2315,1781000.0,1605000.0,1605000.0,0.3176,0.3176,12074000.0,26915000.0,304614158.62125003,0.0,0.0,438693075.41725004,2836000.0,0.0,4959050.0,0.0,139794000.0,124530000.0,0.0,0.0,111842810.1388,121651000.0,28355000.0,0.0,0.0,91603000.0,61006500.0,121551000.0,83000.0,-30158000.0,2979000.0,103806000.0,19535000.0,1360000.0,3687500.0,176000.0,239000.0,1303000.0,-133000.0,0.0,-1202000.0,2781000.0,-74000.0,1272000.0,0.0,-5891000.0,0.0,-1807000.0,1170000.0,-5.303999999999999,3.2765,3.2765,1.9317,5.6757,8.3425,7.491,7.495990544128901,1.9329656993865,-0.0,12.263489993824,3.2787095263511,0.31763308925391,1.0,1.0,1.0,1.0,0.31763308925391,0.31763308925391,0.0,0.2289999999999999,0.5388,0.08185,0.0,0.0,1.7817348377997,0.040576567895286,2.0765,2.1819267330463497,1.05241094852155,0.0,0.0,0.0,0.2277,9.5183,0.0,0.0,0.0,0.33843570050761496,41.802618328298,1.4017,-3.93,12.9884,0.0,0.2578666138927399,0.89792785878741,0.33843570050761496,9.796992481203,9.796992481203,5.4357,1.7266,1.4017,-3.93,12.9884,3.205,133.961,3.2046,30.5025,9760768.5,28974916.54,5.6757,1.9317,7.491,8.3425,3.2765,3.2765,8.4772,0.0,59.8655,96.9061,0.1762,0.1199,9.5183,0.2277,-0.2863,1.9575,0.0,0.8118,0.0,0.0,0.5489999999999999,0.0,0.0,0.1021,0.0263,-0.7557,0.0473,11.5502,0.08185,0.2289999999999999,-19.6493,225464000.0,124530000.0,24364000.0,140811000.0,0.0,0.0,0.0,0.0,0.0,0.0,0.0,0.0,0.0,0.5388,-0.1431,2.8543,1.2376,1.3313,1.2269,1.2079,1.2079,0.1646,0.00425,0.0,1.4393,1.3730000000000002,0.0,-0.0558,-0.5261,0.0,0.0,0.0,-0.6428,-0.3637,0.0,0.0,0.0,0.0,-0.033,12.8266,-0.0069999999999999,0.0,-0.0523,Financial Services,-61.05263107701352,0,2014,,,,
SR,1627200000.0,0.6,1378400000.0,248800000.0,0.0,0.0,82400000.0,166400000.0,46200000.0,116900000.0,32300000.0,0.0,0.0,84600000.0,0.0,84600000.0,2.36,2.35,43167152.0,35800000.0,1.76,0.1529,0.151,0.1002,0.052,-0.0297,246400000.0,163100000.0,84600000.0,0.0718,0.052,16100000.0,2400000.0,18500000.0,236900000.0,270200000.0,628000000.0,2768900000.0,937800000.0,60000000.0,0.0,4446000000.0,5074000000.0,176700000.0,287100000.0,785800000.0,1851000000.0,2138100000.0,32200000.0,457100000.0,34000000.0,2779800000.0,3565600000.0,0.0,437500000.0,1508400000.0,62400000.0,2119600000.0,102400000.0,322000000.0,83300000.0,0.0,122600000.0,-171000000.0,-1270300000.0,0.0,-1437600000.0,886900000.0,460000000.0,-61900000.0,1278100000.0,0.0,-36900000.0,-48400000.0,-1.0582,1.1012,2.9112,1.2309,19.661,0.0,16.3373,11.657280097879,0.8783078539823,0.0433114723049999,13.377770048701,0.94748245823389,0.10023352999017,0.71673819742489,0.7236954662104399,0.15290068829892,1.0,0.10226155358899,0.051991150442478,0.27630453378956,0.0324,0.0561,0.0228,1.403,6.9346,0.58767019393983,0.3206937327552199,0.799,0.3250190888266699,0.02048867396284,-71.5489,53.1394,39.6359,0.4214,1.4175,0.55099124843722,0.58634306869601,3.5303,0.057340629530892,3.3638292230178,3.4246,-1.352,0.4497,0.746,0.075344149459194,-0.39477977161501,0.057340629530892,0.71695906432749,0.52640618291112,45.4525,2.3631,3.4246,-1.352,0.4497,42.13399999999999,115.536,42.1341,59.7235,2002955852.8,4122555852.8,19.661,1.2309,16.3373,0.0,1.1012,2.9112,2.5335,16.7312,33.6261,-85.1768,0.0509,-0.0242,1.4175,0.4214,8.6023,0.799,3.5303,1.4492,0.0379,0.746,0.0,0.0,0.1848,1.3948,0.1051,-2.0528,0.0,47.3003,0.0228,0.0324,-1.4666,-157800000.0,4136200000.0,-2937600000.0,5472400000.0,213500000.0,158450000.0,234650000.0,53.1394,39.6359,-71.5489,7.6215,1.403,6.9346,0.0561,-4.7765,0.7182,0.6475,0.7244,0.6023,0.1626,0.1634,0.3822,0.3808,0.0353,-0.252,-2.4622,-0.1209,-0.1443,-0.2,-0.2322,-0.0424,-0.0647,0.1228,0.1754,0.0271,0.0279999999999999,0.2462,0.3571,0.6235,0.043,1.1669,0.0,0.0,Utilities,15.49273126022864,1,2014,,,,
ARTNA,72465000.0,0.0491,41371000.0,31094000.0,0.0,0.0,8673000.0,22421000.0,7393000.0,15881000.0,6375000.0,0.0,0.0,9506000.0,0.0,9506000.0,1.07,1.07,8901590.0,8884000.0,0.848,0.4291,0.441,0.3212,0.131,-0.0726,31947000.0,23274000.0,9506000.0,0.2192,0.1312,243000.0,0.0,243000.0,8379000.0,1890000.0,16648000.0,397823000.0,0.0,0.0,4469000.0,405565000.0,422213000.0,3783000.0,19877000.0,30192000.0,104954000.0,124831000.0,0.0,58436000.0,713000.0,299592000.0,329784000.0,0.0,24148000.0,125605000.0,0.0,124588000.0,6136000.0,6532000.0,8673000.0,135000.0,18469000.0,-23730000.0,0.0,0.0,-23695000.0,7111000.0,1651000.0,-7523000.0,5047000.0,0.0,-179000.0,-5261000.0,-0.6196,1.6021,1.6021,2.775,21.1121,0.0,10.8878,9.4878272348259,2.418142292141,0.0429319794255299,8.777903440072599,1.3950931985192,0.3211757400124199,0.68234940276704,0.59857691581135,0.4290899054716099,1.0,0.30940454012282,0.13118056993031,0.40142308418865,0.0247,0.0757,0.0315,4.5639,42.9422,0.18215387245081,0.17163138036962,0.551,0.28557233704293,0.0080484896661367,-16.6747,42.2043,19.0546,0.2957,0.9938,0.45521536786679,0.4984546950119,3.1481,0.1479520311461099,3.3614346562637003,2.0789,-0.5920000000000001,0.0274,0.7929999999999999,0.25486786724626,-0.2848557041529,0.1479520311461099,0.77829751369574,0.5909512686782099,8.1568,1.07,2.0789,-0.5920000000000001,0.0274,14.138,47.525,14.1383,14.0512,201086918.1,325674918.1,21.1121,2.775,10.8878,0.0,1.6021,1.6021,4.4942,10.1942,17.6336,-61.9036,0.0474,-0.0262,0.9938,0.2957,3.8998,0.551,3.1481,1.9429,0.0375,0.7929999999999999,0.0,0.0,0.0,1.2849,0.3275,-2.7361,0.0019,18.4244,0.0315,0.0247,-1.5572,-13544000.0,422213000.0,-313136000.0,516609000.0,8251500.0,3961500.0,1687500.0,42.2043,19.0546,-16.6747,8.782,4.5639,42.9422,0.0757,-2.6711,0.0978,0.1112,0.1169999999999999,0.1452,0.1263,0.1383,0.0125,0.0102,0.0304,-0.1214,-30.6928,-0.0004,0.006,0.027,-0.0423,0.0189,0.0881,0.0294,0.0054,0.0324,0.0358,0.0314,0.2727,0.0455,0.0181,0.0604,0.0,0.0,Utilities,28.093407413621893,1,2014,,,,
NOVT,364706000.0,0.1508,214539000.0,150167000.0,28954000.0,84380000.0,166973000.0,-16806000.0,5096000.0,-25258000.0,-1006000.0,10000.0,5607000.0,-24252000.0,0.0,-24252000.0,-0.7,-0.7,34211282.0,34352000.0,0.0,0.4117,0.01,-0.0553,-0.066,0.1014,3635000.0,-20162000.0,-24242000.0,-0.0693,-0.0665,51146000.0,0.0,51146000.0,51494000.0,62943000.0,183172000.0,40088000.0,157988000.0,0.0,14789000.0,213122000.0,396294000.0,25592000.0,7345000.0,54059000.0,105030000.0,112375000.0,0.0,8529000.0,0.0,130981000.0,185040000.0,-16456000.0,-225165000.0,210825000.0,0.0,61229000.0,17589000.0,21122000.0,23797000.0,4329000.0,42289000.0,-5303000.0,-88238000.0,0.0,-89773000.0,42788000.0,0.0,0.0,40281000.0,-2631000.0,-9834000.0,36986000.0,-0.1216,2.4025,9.5861,1.3808,0.0,13.6717,11.9083,11.957280616709,1.3864905979063,-0.0,182.0735735901,2.3984889837543,-0.0552828853926179,0.97567667763918,0.748220145332765,0.41174809298449,1.0,-0.046080952877112,-0.066497397904065,0.25435542791962,-0.1433,-0.115,-0.0352,3.764,6.0166,9.0976352025544,0.92029150075449,3.388,1.8986662720361,0.94611443052961,-107.0863,51.5355,25.6126,0.2836,0.5329999999999999,0.33252600085482,0.34769492574257,-3.9564,0.37632035595106,1.8797296335824,1.231,1.077,1.4889,0.0,0.11595367227301,0.87460096006054,0.37632035595106,7.974542711672599,7.974542711672599,10.6167,-0.706,1.231,1.077,1.4889,6.1370000000000005,6.937,6.1372,3.2713,503590071.04,564819071.04,0.0,1.3808,11.9083,13.6717,2.4025,9.5861,1.5487,155.3835,13.3562,15.2712,-0.0476,0.0734,0.5329999999999999,0.2836,16.8443,3.388,-3.9564,-1.7437,0.0,0.0,0.2314,0.0794,0.3987,0.1254,0.0145,-0.2228,0.0119,0.0,-0.0352,-0.1433,-0.0037,129113000.0,238306000.0,-1868000.0,245476000.0,50023000.0,24976500.0,60616500.0,51.5355,25.6126,-107.0863,7.2908,3.764,6.0166,-0.115,-0.1544,0.1357,-2.1876,-1.8642,-4.3181,-4.3333,-4.3333,0.0082,-0.0013,0.0,-0.1405,-0.1721,-0.0786,0.0532,0.0,-0.0301,0.0,0.0,0.0306,-0.0056,0.0,0.0,0.0606,0.0798,0.0462,-0.1359,0.5717,0.2172,0.1054,Technology,-5.874225057248467,0,2014,,,,
INTT,41796000.0,0.0601,21334000.0,20462000.0,3580000.0,11966000.0,15546000.0,4916000.0,0.0,4909000.0,1470000.0,0.0,0.0,3439000.0,0.0,3439000.0,0.33,0.33,10562678.0,10431743.0,0.0,0.4896,0.138,0.1175,0.0819999999999999,0.103,5788000.0,4909000.0,3439000.0,0.1175,0.0823,23126000.0,0.0,23126000.0,5034000.0,3769000.0,32931000.0,1268000.0,3099000.0,350000.0,1413000.0,5807000.0,38738000.0,1234000.0,0.0,4370000.0,0.0,0.0,0.0,0.0,0.0,0.0,4370000.0,993000.0,7152000.0,34368000.0,350000.0,-23126000.0,1002000.0,3136000.0,879000.0,134000.0,5129000.0,-823000.0,0.0,0.0,-823000.0,0.0,0.0,0.0,0.0,-198000.0,4108000.0,4306000.0,0.5152,1.2929,1.421,1.0741,12.8788,10.2961,8.7525,8.6439671963346,1.0607452327974,-0.0,11.655305416379,1.2900054629306,0.1174514307589199,1.0,0.70055001018537,0.48956837974926,1.0,0.11761891090056,0.0822806010144509,0.29944998981463,0.1153,0.1001,0.2733,8.5831,11.9213,32.96214511041,1.0789405751459,7.536,6.4439359267735,5.291990846681901,-64.4832,43.9614,10.7764,0.0,0.0,0.0,0.0,0.0,0.364795038004865,1.1271531657356002,0.4917,0.324,2.2169,0.0,0.12271509235334,0.8395398713199499,0.364795038004865,6.232077764277,6.232077764277,4.0066,0.3297,0.4917,0.324,2.2169,3.295,3.4160000000000004,3.2946,0.0,44891381.5,21765381.5,12.8788,1.0741,8.7525,10.2961,1.2929,1.421,0.5208,3.7604,4.2436,5.0547,0.0776,0.0959,0.0,0.0,-3.9955,7.536,0.0,1.4914,0.0,0.0,0.2863,0.0857,0.08,0.1605,0.0197,-0.9363,0.0032,4.9402,0.2733,0.1153,0.6362,28561000.0,35639000.0,28561000.0,8143000.0,5391000.0,1149000.0,3506000.0,43.9614,10.7764,-64.4832,7.7529,8.5831,11.9213,0.1001,-0.0789,0.0761,0.2248,0.2408,0.1176,0.1,0.1,0.0066,0.0045,0.0,0.3605,0.2831,0.1121,-0.049,0.0,-0.1392,0.0,-0.3026,0.3077,0.0847,0.0,0.0,-0.1242,0.1622,0.0918,0.0961,0.0,-0.0279999999999999,0.0524,Technology,0.7142907421607401,1,2014,,,,
POST,4648200000.0,0.9278,3473800000.0,1174400000.0,0.0,734100000.0,961700000.0,212700000.0,257500000.0,-167300000.0,-52000000.0,0.0,0.0,-115300000.0,17000000.0,-132300000.0,-2.33,-2.33,54852040.0,56700000.0,0.0,0.2527,0.078,0.0194,-0.0279999999999999,0.0739,363000000.0,90200000.0,-115300000.0,-0.036,-0.0248,860200000.0,0.0,860200000.0,366200000.0,465300000.0,1772800000.0,1333200000.0,6042100000.0,0.0,47700000.0,7391100000.0,9163900000.0,265200000.0,16000000.0,611000000.0,4454900000.0,4470900000.0,0.0,831800000.0,0.0,5576900000.0,6187900000.0,-89100000.0,-421000000.0,2976000000.0,0.0,3610700000.0,81100000.0,329800000.0,272800000.0,22700000.0,451600000.0,-107900000.0,-1235400000.0,0.0,-1248700000.0,639900000.0,748200000.0,0.0,1372400000.0,-2300000.0,573000000.0,343700000.0,-1.1138,1.263,0.0,0.6974,0.0,9.7497,7.1784,7.4202170062002,0.72091777462243,-0.0,23.87347107438,1.125997983871,0.0194053612150939,-1.8547671840355,0.6688256829062199,0.25265694247235,1.0,0.045759648896347,-0.0248053009767219,0.33454647256439,-0.0462,-0.0387,0.0172,5.3439,10.9887,3.486498649865,0.5072294547081501,2.901,2.007201309329,1.4078559738134,-48.8901,28.7559,20.8248,0.4879,1.5023,0.5995101535480201,0.6003706240180501,0.3503,0.10100874544275,3.0792674731183,7.9647,6.0617,15.1711,0.0,0.097155888300848,0.761071744907,0.10100874544275,4.1853568118628,4.1853568118628,81.9788,-2.0335,7.9647,6.0617,15.1711,52.487,55.058,52.4868,78.8519,3241755564.0,6852455564.0,0.0,0.6974,7.1784,9.7497,1.263,0.0,1.4742,18.8773,15.1737,19.9373,-0.0394,0.106,1.5023,0.4879,9.9468,2.901,0.3503,-3.4135,0.0,0.0,0.1579,0.0,0.6593,0.2389,0.0232,-0.3955,0.0049,0.0,0.0172,-0.0462,-1.3619,1161800000.0,3121800000.0,-4415100000.0,6121500000.0,389950000.0,245100000.0,423000000.0,28.7559,20.8248,-48.8901,11.92,5.3439,10.9887,-0.0387,-1.903,0.8905,1.3709,1.8746,0.6311,0.742,0.742,0.4282,0.4282,0.0,1.4664,4.0843,0.2312,0.4313,0.151,0.2379,0.0,0.0,-0.0262,0.1349,0.0,0.0,-0.1148,0.2222,0.1853,-0.0874,0.1594,0.0,0.5976,Consumer Defensive,,1,2015,32.85407638334159,,,
JBSS,887245000.0,0.1395,755189000.0,132056000.0,0.0,80177000.0,80177000.0,51879000.0,3966000.0,44864000.0,15559000.0,0.0,0.0,29305000.0,0.0,29305000.0,2.63,2.61,11137006.0,11150658.0,1.5,0.1488,0.073,0.055,0.033,-0.0005,65114000.0,48830000.0,29305000.0,0.0506,0.033,1946000.0,0.0,1946000.0,75635000.0,197997000.0,284310000.0,131033000.0,3079000.0,0.0,7445000.0,147625000.0,431935000.0,45722000.0,65566000.0,134105000.0,32290000.0,97856000.0,0.0,0.0,0.0,56552000.0,190657000.0,-4834000.0,135664000.0,241278000.0,0.0,95910000.0,8732000.0,22817000.0,16284000.0,1952000.0,13933000.0,-14392000.0,0.0,0.0,-14281000.0,15885000.0,643000.0,-16759000.0,410000.0,0.0,62000.0,-459000.0,-0.1583,2.5141,2.5466,0.6828,20.6844,0.0,43.4833,37.839009237106,0.59421119950025,0.031788036819627,8.6225222793961,2.1850766157735,0.055035531335764,0.91877943886955,0.6531963266761801,0.14883825775293,1.0,0.058472011676594,0.03302920839227,0.34680367332382,0.1042,0.1215,0.0897,4.8867,4.6596,6.771156884143701,2.0541169388913,2.12,0.5785093769807199,0.014511017486298,-95.6964,31.1152,18.8094,0.2266,0.4056,0.11803281085507,0.2885467101499699,12.3122,0.14238268476128,1.7901963709911002,1.2495,0.183,0.1745,0.57,0.015703666969101,-0.032943371851001,0.14238268476128,0.96810728182324,0.44727296073962,79.5688,2.6281,1.2495,0.183,0.1745,21.638,38.46,21.638,8.7758,605853126.4,701763126.4,20.6844,0.6828,43.4833,0.0,2.5141,2.5466,0.7909,10.7775,50.367,-1528.8957,0.0483,-0.0008,0.4056,0.2266,1.473,2.12,12.3122,0.4754,0.0276,0.57,0.0904,0.0,0.0071,1.0329,0.0162,-0.8838,0.0022,35.7831,0.0897,0.1042,0.1546,150205000.0,428856000.0,93653000.0,390661000.0,65717500.0,45314500.0,190413500.0,31.1152,18.8094,-95.6964,13.5009,4.8867,4.6596,0.1215,-1.2907,0.0748,0.1051,0.1039,0.1148,0.105,0.1059,0.0106,0.0104,0.0,0.1659,-1.227,0.0856,0.068,-0.2057,-0.0555,0.1416,0.1808,0.0506,0.0491,0.0,0.0,0.3555,0.083,0.0946,0.0525,0.1938,0.0,0.0344,Consumer Defensive,,1,2015,46.01897619433047,,,
AXTA,4110000000.0,-0.0641,2597300000.0,1512700000.0,51600000.0,914800000.0,1047100000.0,465600000.0,196500000.0,153700000.0,62100000.0,4200000.0,0.0,91600000.0,0.0,91600000.0,0.39,0.38,237844503.0,233800000.0,0.0,0.3681,0.16,0.0852,0.022,0.0661,657900000.0,350200000.0,95800000.0,0.0374,0.0223,487700000.0,0.0,487700000.0,765800000.0,530700000.0,1847800000.0,1382900000.0,2119800000.0,0.0,0.0,3982300000.0,5830100000.0,454700000.0,50100000.0,875000000.0,3391400000.0,3441500000.0,0.0,148000000.0,0.0,3813900000.0,4688900000.0,-269300000.0,-132800000.0,1073700000.0,0.0,2953800000.0,63600000.0,370200000.0,307700000.0,30200000.0,409800000.0,-138100000.0,-29600000.0,0.0,-166200000.0,-142200000.0,62400000.0,0.0,-84700000.0,-58000000.0,158900000.0,271700000.0,-0.466,5.885,0.0,1.5422,68.3333,22.9325,15.4674,15.204416788677,1.51600243309,-0.0,15.366879464964,5.803082797802,0.0852068126520679,0.43889206167904,0.59596616785947,0.36805352798054,1.0,0.11328467153285,0.022287104622871,0.40403383214053,0.0389,0.0853,0.0654,2.1203,7.6894,2.9720153301034,0.70496217903638,2.112,1.4325714285714,0.5573714285714301,-74.5796,68.009,40.3809,0.5903,3.2053,0.7595350608049101,0.76220322466336,1.7822,0.11907598430917,5.4299152463444,1.7528,1.1621,2.086,0.0,0.09970802919708,0.66300634455832,0.11907598430917,2.967414916727,2.967414916727,17.5791,0.3918,1.7528,1.1621,2.086,4.592,15.87,4.5924,14.7198,6338556004.95,9292356004.95,68.3333,1.5422,15.4674,22.9325,5.885,0.0,2.2609,14.1243,22.6753,34.2008,0.0146,0.0429,3.2053,0.5903,4.4897,2.112,1.7822,4.4738,0.0,0.0,0.2226,0.0126,0.3636,0.337,0.0336,-0.4488,0.0073,6.3034,0.0654,0.0389,-0.4482,972800000.0,3710300000.0,-2841100000.0,5789100000.0,793100000.0,474600000.0,534500000.0,68.009,40.3809,-74.5796,5.1822,2.1203,7.6894,0.0853,-0.5907,0.0123,0.4167,0.2601,2.3431,2.25,2.1667,0.0196,0.0408,0.0,0.6301,3.3127,0.0121,-0.00065,0.0,0.0,0.0,0.0,0.01175,0.0,0.0,0.0,-0.0666,-0.0141,-0.0552,0.0079,-0.0478,0.0424,-0.0774,Basic Materials,,1,2015,5.263160225698984,,,
UAN,289194000.0,-0.0317,199697000.0,89497000.0,0.0,20768000.0,20768000.0,68729000.0,6880000.0,62053000.0,11000.0,0.0,0.0,62042000.0,0.0,62042000.0,0.85,0.85,73122997.0,73123000.0,1.25,0.3095,0.337,0.2384,0.215,0.2123,97385000.0,68933000.0,62042000.0,0.2146,0.2145,49967000.0,0.0,49967000.0,7187000.0,37529000.0,98545000.0,393133000.0,40969000.0,0.0,0.0,437710000.0,536255000.0,11103000.0,0.0,25914000.0,124773000.0,124773000.0,3129000.0,0.0,0.0,124789000.0,150703000.0,-119000.0,0.0,385552000.0,0.0,74806000.0,3862000.0,14811000.0,28452000.0,2347000.0,78421000.0,-17023000.0,0.0,0.0,-16945000.0,0.0,-19000.0,-91404000.0,-91423000.0,0.0,-29947000.0,61398000.0,-0.1277,1.5192,1.6998,2.0253,9.4235,9.5396,7.4689,6.4417725545453,1.7468213223648998,0.18093702234884,6.9816732094265,1.3102519128418,0.2383624833157,0.90019294097167,0.99982273218056,0.30947045927647,1.0,0.23765707448979,0.21453418812285,0.0001772678194446,0.1332,0.1609,0.0933,5.5349,7.9076,0.73561364728985,0.5392844821959699,3.803,2.2055259705179,1.9281855367755,-68.5943,9.0709,14.0134,0.2327,0.3236,0.2444971341792,0.2444971341792,10.0193,0.6285093730214101,1.3908759389136,1.0725,0.8397,0.6833,1.471,0.27117090949328,0.78292804223359,0.6285093730214101,4.6067673148094,0.72326081142151,3.9549,0.8485,1.0725,0.8397,0.6833,5.273,6.773,5.2727,1.7063,585715205.97,660521205.97,9.4235,2.0253,7.4689,9.5396,1.5192,1.6998,2.2840000000000003,6.7826,8.4228,10.758,0.1061,0.1048,0.3236,0.2327,0.7681,3.803,10.0193,1.264,0.1561,1.471,0.0718,0.0,0.0764,0.2171,0.0589,-0.5983,0.0081,10.0422,0.0933,0.1332,-0.0891,72631000.0,495286000.0,-52158000.0,544178000.0,7161500.0,11925000.0,36571500.0,9.0709,14.0134,-68.5943,40.3818,5.5349,7.9076,0.1609,-0.2328,-0.1095,-0.1685,-0.17,-0.1853,-0.1827,-0.1827,0.0001,-0.0001,-0.1135,-0.3403,-0.3722,0.0985,-0.0151,0.0061,-0.1628,0.1321,-0.1796,-0.0088,-0.0479,0.0,-0.1726,0.0071,0.0538,-0.0736,-0.0685,-0.0018,0.0,0.1731,Basic Materials,,0,2015,-17.194148863906904,,,
PCRX,248997000.0,0.2597,71837000.0,177160000.0,28662000.0,139043000.0,167705000.0,9455000.0,7725000.0,2120000.0,264000.0,0.0,0.0,1856000.0,0.0,1856000.0,0.05,0.04,36757420.0,36540000.0,0.0,0.7115,0.086,0.0395,0.0069999999999999,-0.0493,21320000.0,9845000.0,1856000.0,0.0085,0.0075,56984000.0,101981000.0,158965000.0,25855000.0,61645000.0,252582000.0,90324000.0,30961000.0,13462000.0,0.0,135153000.0,387735000.0,8739000.0,104040000.0,149788000.0,0.0,104040000.0,9508000.0,208000.0,0.0,19555000.0,169343000.0,-52000.0,-308289000.0,218392000.0,115443000.0,-54925000.0,6117000.0,37009000.0,11475000.0,33368000.0,28021000.0,-40295000.0,-7119000.0,28158000.0,-19256000.0,-1467000.0,12166000.0,0.0,10699000.0,0.0,19464000.0,-12274000.0,0.0195,12.9324,15.0687,11.3359,1535.8,0.0,100.7317,100.13584811391,11.268836973939,-0.0,134.28192307691998,12.848028316056002,0.039538628979466,0.2153377348908099,0.8754716981132099,0.71149451599818,1.0,0.037972345048334,0.0074539050671293,0.1245283018867899,0.0096,0.0085,0.0323,8.9464,5.478,2.7567091802843,0.64218345003675,1.686,1.2338772131279,0.38043100915961,-313.215,37.9004,12.8103,0.2683,0.4764,0.0,0.32267268757443,1.2744,0.2693291041907,1.7754084398696002,0.7669,-0.3359,1.5595,0.0,0.11253549239549,-0.4380286213911,0.2693291041907,0.6953964511726,0.6953964511726,6.8144,0.0508,0.7669,-0.3359,1.5595,5.977,9.764,5.9768,2.8473,2822602281.8,2767677281.8,1535.8,11.3359,100.7317,0.0,12.9324,15.0687,11.1153,129.816,98.7715,-225.4911,0.0007,-0.0043,0.4764,0.2683,-2.5762,1.686,1.2744,15.0975,0.0,0.0,0.5584,0.1151,0.0799,1.4380000000000002,0.1618,-3.5115,0.134,2.5846,0.0323,0.0096,0.0295,102794000.0,356774000.0,83239000.0,254042000.0,24110500.0,7748500.0,45454000.0,37.9004,12.8103,-313.215,10.3273,8.9464,5.478,0.0085,-1.1028,0.4735,2.8699,2.8306,1.1353,1.1282,1.1026,0.0352,0.17,0.0,0.0548,-4.4285,-0.2312,0.7423,0.0,0.0,0.0,0.0,0.0,0.4015,0.0,0.0,0.156,1.1066,0.1891,0.2329,0.0091,0.5302,0.3036,Healthcare,,0,2015,-57.29207932028479,,,
CLDX,5480000.0,0.5282,0.0,5480000.0,100171000.0,33837000.0,135021000.0,-129541000.0,0.0,-127197000.0,0.0,0.0,0.0,-127197000.0,0.0,-127197000.0,-19.65,-19.65,6576383.0,6470070.0,0.0,1.0,-22.479,-23.2111,-23.211,-18.9349,-123186000.0,-127197000.0,-127197000.0,-23.2111,-23.2111,72108000.0,217781000.0,289889000.0,970000.0,0.0,294936000.0,11461000.0,29759000.0,0.0,0.0,42648000.0,337584000.0,1506000.0,0.0,30240000.0,0.0,0.0,0.0,0.0,0.0,17239000.0,47479000.0,2307000.0,-590956000.0,290105000.0,217781000.0,-289889000.0,4077000.0,28734000.0,4011000.0,12774000.0,-98887000.0,-4876000.0,0.0,-45315000.0,-50191000.0,0.0,193151000.0,0.0,193151000.0,15000.0,44088000.0,-103763000.0,0.1874,5.332000000000001,5.9414,282.2564,0.0,0.0,-15.6417,16.5878747762385,277.69351532847,-0.0,15.607530876535002,5.2455506247738,-23.211131386861,0.91243817549002,0.7325030329053149,1.0,1.0,-23.638868613139,-23.211131386861,0.26749696709468496,-0.4606,-0.4385,-4.6384,0.8717,0.0,0.4781432684757,0.016232996824494,9.753,9.618353174603198,2.3845238095238,0.0,64.6077,100.3084,0.0,0.0,0.0,0.0,0.0,-0.26733057121637,1.1636614329295,-15.2838,-16.037,11.1449,0.0,-18.045072992701,0.7542601036430701,-0.26733057121637,-20.280352748154,-20.280352748154,0.847,-19.6593,-15.2838,-16.037,11.1449,44.838,47.577,44.838,0.0,1546765281.6,1256876281.6,0.0,282.2564,-15.6417,0.0,5.332000000000001,5.9414,229.357,0.0,-12.7102,-12.113,-0.0835,-0.0671,0.0,0.0,2.3533,9.753,0.0,0.7774,0.0,0.0,6.1746,18.2794,0.0882,0.0,0.8898,-1.2157,2.331,0.0,-4.6384,-0.4606,0.16,264696000.0,307825000.0,247457000.0,205477000.0,698500.0,2054500.0,0.0,64.6077,100.3084,0.0,7.8454,0.8717,0.0,-0.4385,-0.7536,0.5282,-0.0772,-0.0581,-0.0772,0.0076,0.0076,0.0856,0.0856,0.0,0.0261,-0.0029,-0.4788,-0.3374,0.0,0.0,0.0,0.0,0.0483,0.2167,0.0,0.0,1.2717,0.0,0.3611,0.2625,0.0,-0.0403,0.6408,Healthcare,,0,2015,-76.3842574904467,,,
APTV,10864000000.0,-0.2991,8691000000.0,2173000000.0,0.0,803000000.0,1052000000.0,1121000000.0,124000000.0,1611000000.0,161000000.0,85000000.0,0.0,1450000000.0,0.0,1450000000.0,5.08,5.06,280088170.0,285200000.0,1.0,0.2,0.191,0.1597,0.133,0.1105,2079000000.0,1735000000.0,1535000000.0,0.1483,0.1335,536000000.0,0.0,536000000.0,2750000000.0,1181000000.0,5121000000.0,3377000000.0,2922000000.0,94000000.0,0.0,6852000000.0,11973000000.0,2541000000.0,52000000.0,3927000000.0,3956000000.0,4008000000.0,0.0,0.0,0.0,5313000000.0,9240000000.0,-1033000000.0,1627000000.0,2250000000.0,94000000.0,3472000000.0,654000000.0,1334000000.0,344000000.0,67000000.0,1703000000.0,-503000000.0,-930000000.0,7000000.0,-1699000000.0,1283000000.0,-1159000000.0,-286000000.0,-284000000.0,-45000000.0,-325000000.0,1200000000.0,-0.1725,8.9191,0.0,1.8527,14.1458,17.0789,11.8188,0.0,0.0,0.00092916145437885,2.1606541606542,0.0,0.15970176730486,0.92853025936599,0.9000620732464301,0.20001840942563,1.0,0.10318483063328,0.13346833578792,0.099937926753569,0.3172,0.6444,0.099,-0.1751,9.9034,3.2170565590761,0.9073749269189,1.304,0.83677107206519,0.13649096002037,-49.599,92.3923,85.3705,0.3348,1.7813,0.6374476313245201,0.64046021093001,13.9919,0.4249001996008,5.3213333333333,5.9712,4.2076,1.8794,0.1969999999999999,0.15675625920471,0.7046388725778,0.4249001996008,3.3856858846918,2.1584283903676,38.0926,5.0842,5.9712,4.2076,1.8794,7.888999999999999,31.736,7.8892,14.0533,20127387975.553,23599387975.553,14.1458,1.8527,11.8188,17.0789,8.9191,0.0,2.1723,11.3513,13.8575,19.6662,0.0707,0.0596,1.7813,0.3348,1.67,1.304,13.9919,1.1745,0.0139,0.1969999999999999,0.0739,0.0,0.244,0.2954,0.0463,-1.4622,0.0062,30.3466,0.099,0.3172,-0.2046,1194000000.0,9051000000.0,-4119000000.0,8596000000.0,2575000000.0,2409500000.0,1097000000.0,92.3923,85.3705,-49.599,4.218999999999999,-0.1751,9.9034,0.6444,-1.7637,-0.2824,-0.0034,-0.3594,0.0733,0.1289,0.1295,-0.0502,-0.0505,0.0,-0.2023,-0.115,0.1359,-0.0745,0.2911,0.0927,0.4077,0.1509,-0.0082,0.0279999999999999,0.0,0.0,0.1458,0.1658,0.1168,-0.0562,0.6521,0.0,-0.2249,Consumer Cyclical,,0,2015,-18.087892708253204,,,
VAC,1716016000.0,-0.0192,1058909000.0,657107000.0,0.0,416326000.0,500609000.0,156498000.0,11692000.0,150591000.0,69835000.0,0.0,0.0,80756000.0,0.0,80756000.0,2.4,2.33,32611649.0,33665000.0,0.25,0.3829,0.105,0.0946,0.047,0.161,180965000.0,162283000.0,80756000.0,0.0878,0.0471,456422000.0,0.0,106237000.0,1026928000.0,772784000.0,456824000.0,147379000.0,0.0,0.0,0.0,851638000.0,2530579000.0,114079000.0,5000000.0,252778000.0,297206000.0,703013000.0,38818000.0,78883000.0,60192000.0,411420000.0,1450876000.0,17054000.0,153732000.0,1079703000.0,0.0,112756100.0,32031000.0,99554000.0,18682000.0,9818000.0,291411000.0,-15202000.0,82347000.0,0.0,43126000.0,27270000.0,-200619000.0,-8179000.0,-185650000.0,-1883000.0,147004000.0,276209000.0,-0.2034,2.2467,2.2467,1.4126,30.9708,9.0595,8.3182,7.991138558599401,1.3570419381288,0.003512251494688,15.390421785981,2.1568020821467,0.094569631052391,0.92795302034101,0.53626046709299,0.3829259167746699,1.0,0.091198450364099,0.047060167271168,0.46373953290701,0.12385,0.0748,0.07505,4.0409,2.0892,11.643558444555,0.67811200519723,1.697,0.94313438499485,0.39621481842372,-266.3743,218.4296,24.2648,0.2778,0.6511,0.0,0.0,13.8798,0.29285065524848,2.3437732413451,8.6562,8.205,13.5578,0.104,0.1698183466820799,0.94783312915436,0.29285065524848,19.16925404552,12.463581540567,50.9733,2.3988,8.6562,8.205,13.5578,32.072,75.169,32.072,20.8826,2424023870.17,3632132306.85,30.9708,1.4126,8.3182,9.0595,2.2467,2.2467,1.6086,16.7528,19.5413,22.1183,0.0323,0.1139,0.6511,0.2778,1.1293,1.6665999999999999,13.8798,3.6085,0.0034,0.104,0.2426,0.0,0.0,0.0522,0.0089,-0.8137,0.0057,42.2674,0.07505,0.12385,-0.1492,138636000.0,2530579000.0,-95610000.0,2777170000.0,1052964000.0,121539500.0,821392000.0,218.4296,24.2648,-266.3743,1.6297,4.0409,2.0892,0.0748,-0.4516,0.03,0.1287,0.0874,0.0129,0.0667,0.0688,-0.0483,-0.0542,0.0,0.8128,0.9904,0.0148,0.0189,0.1002,-0.0314,0.0,0.0,-0.1343,-0.0159,0.0,0.0,-0.0483,-0.1117,-0.0385,-0.0616,0.0369,0.0,0.0032,Consumer Cyclical,,1,2015,60.35295348822272,,,
ASPS,1051466000.0,-0.0254,687327000.0,364139000.0,0.0,220868000.0,285062000.0,79077000.0,28208000.0,49858000.0,8260000.0,3202000.0,0.0,41598000.0,0.0,41598000.0,2.13,2.02,19298492.0,19504000.0,0.0,0.3463,0.148,0.0742,0.04,0.1514,155671000.0,78066000.0,44800000.0,0.0474,0.0396,179327000.0,0.0,179327000.0,105023000.0,0.0,306101000.0,119121000.0,279804000.0,0.0,3619000.0,415697000.0,721798000.0,91871000.0,5945000.0,129142000.0,522233000.0,528178000.0,15060000.0,0.0,0.0,540386000.0,669528000.0,0.0,369270000.0,50978000.0,0.0,348851000.0,21751000.0,31326000.0,77605000.0,4812000.0,195352000.0,-36188000.0,-28675000.0,-1854000.0,-65995000.0,-50373000.0,-57559000.0,0.0,-111391000.0,0.0,17966000.0,159164000.0,-0.65,10.4698,0.0,0.5104,13.0563,3.4078,2.7473,2.7765584176256,0.51585713660737,-0.0,7.9909953684373,10.640006277218,0.0742449113903829,0.63866471959624,0.8343294957679799,0.34631552518103,1.0,0.075206426075594,0.03956190689951,0.1656705042320199,0.1405,0.816,0.1182,2.6507,0.0,8.8268735151653,1.4567316617668995,2.37,2.2018398352201,1.3886032429419,0.0,36.4571,31.8916,0.7318,10.3609,0.91106590766751,0.911978810545,2.7675,0.36986016077913,14.159009768920004,10.016,8.161,9.1944,0.0,0.1857901254058599,0.8147549039682199,0.36986016077913,5.398253564717599,5.398253564717599,53.9103,2.1328,10.016,8.161,9.1944,2.614,22.662,2.6137,27.0805,536691062.52,885542062.52,13.0563,0.5104,2.7473,3.4078,10.4698,0.0,0.8422,5.6885,4.5331,5.5637,0.0766,0.2966,10.3609,0.7318,2.241,2.37,2.7675,4.6962,0.0,0.0,0.2101,0.0,0.3876,0.1852,0.0344,-0.4663,0.0046,11.2822,0.1182,0.1405,-0.6772,176959000.0,441994000.0,-363427000.0,661703000.0,108603000.0,101818500.0,0.0,36.4571,31.8916,0.0,9.6817,2.6507,0.0,0.816,-1.8554,-0.0204,-0.5354,-0.4033,-0.6907,-0.6576,-0.645,-0.0981,-0.1276,0.0,-0.0108,0.1999,0.3502,0.3037,0.3661,0.2615,0.0166,-0.2335,-0.1512,-0.2723,0.0,0.0,-0.0638,0.0,-0.0843,0.3994,-0.1027,0.0,0.0949,Industrials,,0,2015,-7.416431795582165,,,
ULBI,76427000.0,0.1494,53111000.0,23316000.0,5603000.0,14233000.0,19986000.0,3330000.0,248000.0,3179000.0,310000.0,-29000.0,0.0,2869000.0,0.0,2869000.0,0.18,0.17,15219620.0,16182000.0,0.0,0.3051,0.079,0.0448,0.038,0.0738,6063000.0,3427000.0,2840000.0,0.0416,0.0375,14533000.0,0.0,14533000.0,11607000.0,23814000.0,51946000.0,9038000.0,20229000.0,0.0,92000.0,29576000.0,81522000.0,6494000.0,0.0,10847000.0,0.0,0.0,0.0,4858000.0,0.0,4659000.0,15506000.0,-907000.0,-94051000.0,66159000.0,0.0,-14533000.0,1992000.0,4353000.0,2636000.0,571000.0,8551000.0,-2910000.0,0.0,0.0,-2910000.0,0.0,-8850000.0,0.0,-8868000.0,-91000.0,-3318000.0,5641000.0,0.1478,1.486,2.1405,1.2864,35.8889,18.5314,11.4979,12.224970178926,1.3677852067986,-0.0,19.638581560284,1.5800680179567,0.044840174283957,0.9276334986869,0.9024850581944,0.3050754314574699,1.0,0.043570989310061,0.037539089588758,0.097514941805599,0.0572,0.0434,0.037,2.8541,3.0632,8.456184996680701,0.93750153332843,4.789,2.4098829169356,1.3398174610491005,-163.6593,55.4327,31.014,0.0,0.0,0.0,0.0,13.8185,0.28353032241341003,1.2322133043123,0.5284,0.349,0.8981,0.0,0.11188454342052,0.6596889252719,0.28353032241341003,2.9384879725086,2.9384879725086,4.723,0.1773,0.5284,0.349,0.8981,4.088,3.788,4.0884,0.0,98318745.2,83785745.2,35.8889,1.2864,11.4979,18.5314,1.486,2.1405,1.0963,13.8192,9.7984,14.853,0.0279,0.0574,0.0,0.0,-2.397,4.789,13.8185,2.9805,0.0,0.0,0.1862,0.0733,0.2481,0.3403,0.0381,-1.1039,0.0075,4.1959,0.037,0.0572,0.3706,41099000.0,61293000.0,36440000.0,35913000.0,11543000.0,6745000.0,24950000.0,55.4327,31.014,-163.6593,6.6211,2.8541,3.0632,0.0434,-0.1798,0.205,3.1025,3.3077,2.3559,2.5,2.4167,-0.074,-0.0582,0.0,1.3332,1.8037,-0.1345,-0.0684,-0.0363,0.2447,0.0,0.0,-0.01,-0.0109,0.0,0.0,0.0112,-0.0871,-0.0698,-0.0082,0.0,0.0506,-0.0794,Industrials,,0,2015,-22.29199531876153,,,
GTY,110776000.0,0.1089,24583000.0,86193000.0,0.0,16930000.0,52795000.0,33398000.0,14493000.0,37410000.0,0.0,0.0,2068000.0,37410000.0,0.0,37410000.0,1.11,1.11,33847930.0,33420000.0,1.15,0.7781,0.622,0.4685,0.3379999999999999,-1.4503,68877000.0,51903000.0,37410000.0,0.3377,0.3377,4351000.0,0.0,4351000.0,28425000.0,0.0,197369000.0,675863000.0,0.0,0.0,0.0,376643500.0,896918000.0,73023000.0,0.0,88920000.0,317000000.0,317092000.0,0.0,0.0,0.0,339791500.0,490357000.0,0.0,-58111000.0,406561000.0,142553000.0,253000000.0,0.0,15897000.0,16974000.0,1090000.0,49688000.0,-210341000.0,0.0,3647000.0,-205028000.0,193701000.0,0.0,-35150000.0,155867000.0,0.0,527000.0,-160653000.0,-0.35,1.4098,1.4098,5.2402,15.4505,0.0,11.6827,9.9395040251167,4.4583129558749,0.071171988383533,11.835955050307,1.2147600876621,0.46854011699285,0.7207675856886899,1.0,0.77808370044053,1.0,0.30149129775403,0.3377085289232299,0.0,0.0479,0.092,0.042749999999999996,0.4795,0.0,0.16390303952132,0.1235073886353,2.2196243814665,0.36860098965362,0.048931623931624,0.0,93.6586,240.6062,0.3535,0.7799,0.4381109540177,0.4381109540177,3.5812,0.1567444794952699,2.2061092923325,1.4868,-4.807,0.1302,1.036,0.44854481115043,-3.2332353888263,0.1567444794952699,0.23622593788182,0.20240253206839,3.3147,1.1194,1.4868,-4.807,0.1302,12.165,26.838,12.1652,9.4881,580491999.5,1510759986.96,15.4505,5.2402,11.6827,0.0,1.4098,1.4098,11.6369,17.2609,22.992,-8.2766,0.0647,-0.2768,0.7799,0.3535,3.3916,1.4730000000000003,3.5812,1.3282,0.0671,1.036,0.1528,0.0,0.0,4.2332,1.8988,-12.392,0.0098,17.4305,0.042749999999999996,0.0479,-0.2776,37739500.0,896918000.0,-292988000.0,1209659000.0,26934500.0,62220000.0,0.0,93.6586,240.6062,0.0,4.1128,0.4795,0.0,0.092,-6.2939,0.1323,0.5622,0.158,0.5975,0.6087,0.6087,0.0003,0.0003,0.4024,0.6995,-4.3268,0.0367,0.0527,-0.0591,0.4683,-0.0933,0.4489,0.018,0.0335,-0.0965,0.4529,0.1172,0.0,0.3046,-0.0015,1.5298,0.0,0.0731,Real Estate,,1,2015,56.720808335591535,,,
MAYS,18909777.0,0.107,9658282.0,9251495.0,0.0,4311456.0,6034558.0,3216937.0,346473.0,2921682.0,713000.0,0.0,0.0,2208682.0,0.0,2208682.0,1.1,1.1,2015780.0,2015780.0,0.0,0.4892,0.28,0.1728,0.1169999999999999,0.0877,5295309.0,3268155.0,2208682.0,0.1545,0.1168,4085704.0,0.0,4085704.0,3281889.0,0.0,6980620.0,48191392.0,0.0,1461504.0,695265.0,55821532.0,62802152.0,39759.0,127891.0,4020405.0,6706446.0,6834337.0,2187500.0,3860972.0,776588.0,12397078.0,16417483.0,196033.0,41951946.0,46384669.0,1461504.0,2748633.0,-386973.0,3852755.0,2027154.0,0.0,4113926.0,-2455496.0,0.0,-40215.0,-2466920.0,515953.0,0.0,0.0,545938.0,0.0,2192944.0,1658430.0,-0.0257,2.3054,2.3054,5.6551,48.2273,64.4809,25.9939,25.993935962873,5.6551237489474,-0.0,22.232749590251004,2.3054412439593,0.17282884933016,0.89398513840378,0.7559624900998799,0.48924400324763,1.0,0.1701203033753399,0.11680106010769,0.24403750990012,0.0432,0.0476,0.0367,52.4298,0.0,0.39238910135652,0.30110078075032,1.736,1.8325499545444,1.0162418960279,0.0,63.3476,0.7674,0.1088,0.1473,0.12631955459967,0.12841910275438,9.4326,0.6019495380459,1.3539420104517998,2.0409,0.29,2.0269,0.0,0.2175555005223,0.40312587051882,0.6019495380459,1.6753951136552,1.6753951136552,9.3809,1.0957,2.0409,0.29,2.0269,23.011,31.155,23.0108,3.3904,106937129.0,109685762.0,48.2273,5.6551,25.9939,64.4809,2.3054,2.3054,5.8005,20.7138,26.6621,66.1383,0.0207,0.0155,0.1473,0.1088,0.5191,1.736,9.4326,1.8626,0.0,0.0,0.228,0.0,0.0,0.5969,0.1299,-1.2113,0.0,23.8647,0.0367,0.0432,-0.0882,2960215.0,62802152.0,-9436863.0,61530380.0,3729819.0,92004.5,0.0,63.3476,0.7674,0.0,5.0699,52.4298,0.0,0.0476,-1.2181,0.2413,0.9187,1.1869,1.9874,1.973,1.973,0.0,0.0,0.0,-0.0051,1.839,0.0507,0.0459,0.1999,0.0471,0.3858,0.2025,0.0259,0.0279,0.0,0.0,-0.2144,0.0,0.0266,0.0516,-0.2687,0.0,0.0131,Real Estate,,0,2015,-26.02262935492175,,,
T,146801000000.0,0.1084,67046000000.0,79755000000.0,0.0,32919000000.0,54970000000.0,24785000000.0,4120000000.0,20350000000.0,7005000000.0,342000000.0,0.0,13345000000.0,0.0,13345000000.0,2.37,2.37,6152000000.0,6152000000.0,1.88,0.5433,0.317,0.1667,0.091,0.1135,46486000000.0,24470000000.0,13687000000.0,0.1386,0.0909,5121000000.0,0.0,5121000000.0,16532000000.0,0.0,35992000000.0,124450000000.0,225278000000.0,1606000000.0,0.0,366680000000.0,402672000000.0,30372000000.0,7636000000.0,47816000000.0,118515000000.0,126151000000.0,4682000000.0,58357000000.0,0.0,231216000000.0,279032000000.0,5334000000.0,33671000000.0,122671000000.0,1606000000.0,121030000000.0,14339000000.0,9808000000.0,22016000000.0,0.0,35880000000.0,-19218000000.0,-30676000000.0,1545000000.0,-49144000000.0,23927000000.0,-126000000.0,-10200000000.0,9782000000.0,0.0,-3482000000.0,16662000000.0,-0.5717,1.7257,0.0,1.442,14.519,12.705,5.9,4.9475248160535,1.2092369289038,0.0574592239603179,6.478363171707599,1.4470998883192,0.16668823781854,0.8316305680425,0.65577395577396,0.54328648987405,1.0,0.16883399976839,0.090905375303983,0.34422604422604,0.1185,0.1088,0.0435,1.561,0.0,1.1795982322218002,0.36456719116303,0.753,0.45284005353856,0.10709804249624,0.0,41.1045,75.5157,0.3133,1.0284,0.4913842428665,0.50699295078409,5.9393,0.28442105096274,3.2825362147533,5.8322,2.708,0.8324,0.7929999999999999,0.24441250400202,0.46438127090301,0.28442105096274,1.8669996877927,1.2196614317765,23.8623,2.1692,5.8322,2.708,0.8324,19.94,28.835,19.94,20.5057,211690320000.0,332720320000.0,14.519,1.442,5.9,12.705,1.7257,0.0,2.2665,7.1574,9.2731,19.9688,0.0689,0.0787,1.0284,0.3133,2.6036,0.753,5.9393,2.6886,0.0546,0.7929999999999999,0.2242,0.0,0.5595,0.5356,0.1309,-0.8729,0.0,32.6083,0.0435,0.1185,-1.1481,-11824000000.0,177394000000.0,-243040000000.0,250608000000.0,15529500000.0,26982000000.0,0.0,41.1045,75.5157,0.0,9.453,1.561,0.0,0.1088,-3.1239,0.1031,0.7895,1.0296,1.0716,0.9113,0.9113,0.186,0.0277,0.0217,0.1449,0.6434,0.0256,0.0208,-0.0043,-0.0544,-0.0839,0.1926,0.0109,0.0704,0.0228,0.0222,0.138,0.0,0.3566,0.1529,0.5415,0.0,-0.1707,Communication Services,,1,2015,30.101250436424287,,,
TMUS,32467000000.0,0.0982,14898000000.0,17569000000.0,0.0,10189000000.0,15253000000.0,2316000000.0,1496000000.0,978000000.0,245000000.0,0.0,0.0,733000000.0,55000000.0,678000000.0,0.83,0.82,816037384.0,812994028.0,0.0,0.5411,0.221,0.0762,0.021,0.0213,7162000000.0,2474000000.0,733000000.0,0.0301,0.0226,4582000000.0,2998000000.0,7580000000.0,5049000000.0,1295000000.0,14890000000.0,20000000000.0,26232000000.0,0.0,0.0,47523000000.0,62413000000.0,8219000000.0,182000000.0,9528000000.0,26061000000.0,26243000000.0,717000000.0,4061000000.0,0.0,36328000000.0,45856000000.0,-1000000.0,-22108000000.0,16557000000.0,2998000000.0,18663000000.0,966000000.0,1127000000.0,4688000000.0,201000000.0,5414000000.0,-4724000000.0,0.0,-2997000000.0,-9560000000.0,3358000000.0,47000000.0,0.0,3413000000.0,0.0,-733000000.0,690000000.0,-0.5846,1.9295,0.0,0.9833,47.1325,46.0932,5.8965,5.874459988060599,0.9795893176259,-0.0,8.7192580808936,1.9208990985903,0.076200449687375,0.39531123686338,0.7494887525562399,0.54113407459882,1.0,0.071333969877106,0.022576770259032,0.25051124744376,0.0289,0.0443,0.0318,1.0954,27.2832,1.62335,0.52019611298928,1.5630000000000002,1.3254617968093998,0.4808984047019299,-31.7274,56.7618,92.3995,0.4205,1.585,0.6115021821765501,0.6131542056074799,1.6537,0.2063026330831099,3.769583861810701,6.6593,0.8490000000000001,5.636,0.0,0.16675393476453,0.12744735869967,0.2063026330831099,1.1460626587638,1.1460626587638,39.9351,0.9016,6.6593,0.8490000000000001,5.636,20.365,44.503,20.3655,32.2794,31923382462.08,50586382462.08,47.1325,0.9833,5.8965,46.0932,1.9295,0.0,1.5581,7.0632,9.3436,73.3136,0.0212,0.0216,1.585,0.4205,2.6058,1.5630000000000002,1.6537,7.9853,0.0,0.0,0.3138,0.0,0.4203,0.8726,0.1455,-1.0077,0.0062,19.4586,0.0318,0.0289,-0.97,5362000000.0,36181000000.0,-30966000000.0,48314000000.0,5840000000.0,7907000000.0,1190000000.0,56.7618,92.3995,-31.7274,5.5594,1.0954,27.2832,0.0443,-5.8106,0.2412,0.4025,2.9862,1.7449,1.6774,1.7333,0.0096,0.0082,0.0,0.3058,5.0351,0.1166,0.0273,0.0344,-0.0264,-0.0379,0.0,0.0722,0.2125,0.0,0.0,-0.2386,0.1935,0.1017,0.047,0.195,0.0,0.1496,Communication Services,,1,2015,47.65082720166057,,,
GEOS,84867000.0,-0.6418,96067000.0,-11200000.0,14694000.0,22671000.0,41355000.0,-52555000.0,229000.0,-49834000.0,-17193000.0,0.0,0.0,-32641000.0,0.0,-32641000.0,-2.51,-2.51,13147916.0,12996958.0,0.0,-0.132,-0.354,-0.5845,-0.385,-0.1562,-30058000.0,-49605000.0,-32641000.0,-0.5872,-0.3846,22314000.0,18112000.0,40426000.0,14697000.0,124800000.0,106209000.0,94745000.0,0.0,1516000.0,26018000.0,197383000.0,303592000.0,4077000.0,0.0,13924000.0,0.0,0.0,165000.0,47000.0,0.0,44000.0,13968000.0,-12945000.0,228278000.0,289624000.0,19628000.0,-40426000.0,-73714000.0,9847000.0,19547000.0,3456000.0,-11369000.0,-1884000.0,0.0,1596000.0,-288000.0,0.0,0.0,0.0,0.0,614000.0,-11043000.0,-13253000.0,0.2226,0.6201,0.6201,2.1395,0.0,0.0,-15.9709,5.1254424335905,2.1149326591019,-0.0,10.282120447283,0.61972761228351,-0.58450281027961,0.7689655172413801,0.7352732434350601,-0.13197120199842,1.0,-0.6192630822345601,-0.38461357182415,0.26472675656494,-0.1745,-0.1127,-0.1318,3.5412,0.627,0.8957412000633299,0.27954293920788,7.627999999999999,3.9588480321747,1.60255673657,-474.1691,63.2096,17.5346,0.0,0.0,0.0,0.0,-216.6157,0.26370067076622,1.0482280473994,-0.8747,-1.0197,1.7169,0.0,-0.13396255317143,0.0,0.26370067076622,-6.0345010615711,-6.0345010615711,6.5298,-2.5114,-0.8747,-1.0197,1.7169,22.284,23.359,22.284,0.0,181572719.96,141146719.96,0.0,2.1395,-15.9709,0.0,0.6201,0.6201,1.6632,0.0,-12.4151,-10.6502,-0.1818,-0.073,0.0,0.0,1.3449,7.627999999999999,-216.6157,0.3483,0.0,0.0,0.2671,0.1731,0.0,0.0,0.0222,-0.0964,0.0407,0.0,-0.1318,-0.1745,0.508,92285000.0,303592000.0,92241000.0,267354000.0,19663500.0,4520500.0,135345000.0,63.2096,17.5346,-474.1691,4.316,3.5412,0.627,-0.1127,-0.145,-1.1161,-1.9184,-1.9769,-1.8843,-1.8901,-1.8932,0.0036,0.0,0.0,-1.1681,-1.2621,-0.0933,-0.2429,0.0,0.0,0.0,0.0,0.145,0.0969999999999999,0.0,0.0,-0.4033,-0.1446,-0.1448,-0.1235,0.0,-0.1114,-0.1036,Energy,,1,2015,43.07801310829746,,,
BRN,17533000.0,-0.4424,10079000.0,7454000.0,0.0,8551000.0,5742000.0,1712000.0,315000.0,2471000.0,1208000.0,506000.0,0.0,1263000.0,0.0,1263000.0,0.15,0.15,8277160.0,8277160.0,0.0,0.4251,0.351,0.1589,0.072,0.462,6150000.0,2786000.0,1769000.0,0.1409,0.072,15929000.0,0.0,15929000.0,2300000.0,0.0,25678000.0,15792000.0,0.0,6407000.0,0.0,15875000.0,41553000.0,2653000.0,3440000.0,10003000.0,0.0,3440000.0,0.0,449000.0,0.0,12288000.0,22291000.0,-2122000.0,17467000.0,18617000.0,6407000.0,-12489000.0,7449000.0,3910000.0,3364000.0,-140000.0,-7132000.0,15232000.0,0.0,1145000.0,9077000.0,-7659000.0,0.0,0.0,-8709000.0,-869000.0,-7633000.0,8100000.0,0.8112,0.8270000000000001,0.8270000000000001,0.8781,12.4,1.9007,-2.1587,5.1254424335905,0.8780880396965699,-0.0,5.093417495935,0.8269601761830601,0.15890035932242,0.8869346733668299,0.51112909753136,0.42514116237951,1.0,0.097644441909542,0.072035590030229,0.48887090246864,0.0401,0.0678,0.0581,0.8768,0.0,1.1102456940223,0.42194306066951,2.567,1.8223532940118,1.5924222733180002,0.0,47.8811,55.2299,0.0828,0.1848,0.0,0.15595955932357,8.8444,-2.0732558139535,2.231992265134,-0.8616,0.9786,1.9245,0.0,-0.40677579421662,0.0,-2.0732558139535,0.885787491870795,0.73211745410119,2.1182,0.1526,-0.8616,0.9786,1.9245,2.249,5.02,2.2492,0.4156,15395517.6,2906517.6,12.4,0.8781,-2.1587,1.9007,0.8270000000000001,0.8270000000000001,0.1658,0.4726,-0.4075,0.3588,0.0806,0.5261,0.1848,0.0828,-2.0307,2.567,8.8444,-5.6469,0.0,0.0,0.4877,0.0,0.0,2.1357,-0.8688,4.5279,-0.008,2.7551,0.0581,0.0401,0.22,15675000.0,41553000.0,3387000.0,19061000.0,2605000.0,3510500.0,0.0,47.8811,55.2299,0.0,6.7305,0.8768,0.0,0.0678,1.8402,-0.5742,0.4361,-0.4456,0.8795,0.875,0.875,0.0,-0.0001,0.0,-2.2807,-0.5083,-0.1599,-0.1986,0.0,0.0,-0.1994,0.0,-0.1313,-0.1436,0.0,0.0,-0.2096,0.0,-0.2413,-0.0302,-0.6901,0.0,0.0654,Energy,,0,2015,-15.897438687607233,,,
FCNCA,1371329000.0,0.3027,0.0,1371329000.0,0.0,733881000.0,1038915000.0,332414000.0,0.0,332414000.0,122028000.0,0.0,0.0,210386000.0,0.0,210386000.0,17.52,17.52,12010405.0,12010405.0,1.2,1.0,0.3229999999999999,0.2424,0.153,0.1045,443025000.0,332414000.0,210386000.0,0.2424,0.1534,2597218000.0,0.0,2597218000.0,0.0,0.0,733501000.0,1135829000.0,230759000.0,60000000.0,0.0,187175000.0,31475934000.0,0.0,1429000.0,27526917000.0,701000000.0,1298888000.0,0.0,0.0,26930755000.0,61653500.0,28603825000.0,-64440000.0,2265621000.0,2872109000.0,26955088000.0,0.0,2912500.0,27525488000.0,110611000.0,0.0,233056000.0,-89734000.0,100895000.0,-1306800000.0,-1248003000.0,-53848000.0,0.0,-18015000.0,944851000.0,0.0,-70096000.0,143322000.0,0.2547,1.0796,1.1739,2.2611,14.7357,21.6347,13.3046,13.144430144626,2.2338828332122,0.0058807432053878,14.359474774078,1.0665989040756998,0.24240280778719,1.0,0.63290354798534,1.0,1.0,0.24240280778719,0.15341759709012,0.3670964520146599,0.1844,0.0733,0.0738,5.5401,0.0,1.2073375481697,0.043567539568484,0.026646681864155,0.0943519392309719,0.0943519392309719,0.0,0.0,0.0,0.0413,0.4522,0.1961876897682099,0.19650903137692,0.0,0.33178584597162,10.959171117809,19.4045,11.933,216.2473,0.068,0.1699490056726,0.61496807634217,0.33178584597162,2.5971872422939,2.162952788425,114.1784,17.517,19.4045,11.933,216.2473,239.135,2601.509,239.1351,108.1469,3100726258.85,4251104343.4,14.7357,2.2611,13.3046,21.6347,1.0796,1.1739,2.7682,7.1206,6.2031,7.3703,0.0679,0.0462,0.4522,0.0413,0.2185,2.0355,0.0,1.1078,0.0046,0.068,0.5352,0.0,0.0073,0.385,0.0654,-0.8113,0.0,307.0293,0.0738,0.1844,-6.3891,191504000.0,31245175000.0,-27870324000.0,29946845000.0,14350500.0,58267500.0,0.0,0.0,0.0,0.0,95.5597,5.5401,0.0,0.0733,-7.4714,0.3027,0.6327,0.6327,0.5184,0.292,0.04585,0.175,0.006,0.0,0.2788,0.4399,0.0282,0.0666,0.1651,-0.0042,-0.0109,0.1067,0.0756,0.0954,0.0,-0.0288,-1.0,0.0,0.0466,-0.0905,-0.0296,0.0,0.2333,Financial Services,,1,2015,42.95866956168077,,,
OPHC,4062000.0,-0.1961,0.0,4062000.0,0.0,2676000.0,4545000.0,-483000.0,0.0,-483000.0,-320000.0,0.0,0.0,-163000.0,0.0,-163000.0,-0.17,-0.17,959386.0,959386.0,0.0,1.0,-0.08,-0.1189,-0.04,0.1484,-326000.0,-483000.0,-163000.0,-0.1189,-0.0401,10365000.0,0.0,10365000.0,0.0,0.0,14856000.0,2703000.0,0.0,203000.0,0.0,187175000.0,127478000.0,0.0,20000000.0,117701000.0,25155000.0,25536000.0,0.0,0.0,97571000.0,61653500.0,124511000.0,-138000.0,-30321000.0,2967000.0,109288000.0,0.0,2912500.0,97701000.0,157000.0,242000.0,627000.0,-24000.0,0.0,-7320000.0,-5704000.0,-2730000.0,30000.0,0.0,3368000.0,0.0,-1709000.0,603000.0,-5.303999999999999,1.1964,1.1964,0.8739,0.0,5.8868,5.6614,5.6920509090909,0.87861051698671,-0.0,14.515239376413,1.2028702123357,-0.11890694239291,1.0,0.6928838951310899,1.0,1.0,-0.11890694239291,-0.040128015755785,0.29527653019159,0.1844,-0.0549,0.0738,0.0,0.0,1.5027746947836,0.031864321686879,0.12621812898786,0.088062123516368,0.088062123516368,0.0,0.0,0.0,0.2003,8.6067,0.8944954128440401,0.93834420847014,0.0,0.013885505481121,42.965284799461,0.6535,1.259,10.8038,0.0,0.15435745937962,0.96172248803828,0.013885505481121,26.125,26.125,4.234,-0.1699,0.6535,1.259,10.8038,3.093,132.875,3.0926,26.617,3549728.2,28974916.54,0.0,0.8739,5.6614,5.8868,1.1964,1.1964,8.4772,0.0,59.8655,96.9061,-0.0459,0.1699,8.6067,0.2003,0.2185,2.0355,0.0,-3.8466,0.0,0.0,0.6588,0.0,0.0,0.0383,0.0059,-0.1529,0.0596,0.0,0.0738,0.1844,-19.6493,191504000.0,127478000.0,-109655000.0,142649000.0,0.0,0.0,0.0,0.0,0.0,0.0,0.0,0.0,0.0,-0.0549,-0.025,-0.1961,-1.3009,-1.3009,-1.1016,-1.0919,-1.0919,0.032,0.006,0.0,-0.5188,-0.4846,-0.4465,0.4024,-0.6195,0.0,0.0,0.0,-0.5324,-0.2981,0.0,0.0,0.0,0.0,0.0237,-0.0349,-0.0994,0.0,-0.0353,Financial Services,,0,2015,-28.67924838950505,,,
SR,1976400000.0,0.2146,1574000000.0,402400000.0,0.0,0.0,129900000.0,272500000.0,74600000.0,199100000.0,62200000.0,0.0,0.0,136900000.0,0.0,136900000.0,3.16,3.16,43322653.0,43200000.0,1.84,0.2036,0.205,0.1385,0.069,0.0165,404500000.0,273700000.0,136900000.0,0.1007,0.0693,13800000.0,4600000.0,18400000.0,230500000.0,215400000.0,530100000.0,2941200000.0,946000000.0,59900000.0,0.0,4760100000.0,5290200000.0,146500000.0,418000000.0,853800000.0,1771500000.0,2189500000.0,44300000.0,533800000.0,32100000.0,2862800000.0,3716600000.0,0.0,494200000.0,1573600000.0,64500000.0,2171100000.0,65800000.0,289300000.0,130800000.0,0.0,322400000.0,-289800000.0,-8200000.0,0.0,-298700000.0,51000000.0,3100000.0,-79000000.0,-26000000.0,0.0,-2300000.0,32600000.0,-0.919,1.5074,3.7796,1.1953,17.2563,72.2606,7.3275,6.5178267990074,1.0632196721311,0.037594926714068,9.6085225216316,1.3353758007117,0.13848411252783,0.7274388016076,0.68759417378202,0.20360250961344,1.0,0.13787694798624,0.06926735478648,0.3124058262179799,0.0523,0.087,0.0352,1.2636,8.14,0.67197062423501,0.37359646138142,0.621,0.29152026235652,0.016163035839775,-49.9498,42.5686,27.0555,0.4139,1.3914,0.5295805805506599,0.58183412611942,3.6689,0.14724823018954,3.3618454499237003,7.462999999999999,0.7546,0.3194,0.5820000000000001,0.16312487350739,0.10111662531017,0.14724823018954,1.1124913733609,0.8741865509761401,45.75,3.169,7.462999999999999,0.7546,0.3194,36.426,100.56,36.4259,50.6829,2362384268.09,4533484268.09,17.2563,1.1953,7.3275,72.2606,1.5074,3.7796,2.2938,11.2076,14.0617,139.0639,0.0579,0.0138,1.3914,0.4139,5.3674,0.621,3.6689,2.355,0.0337,0.5820000000000001,0.0,0.0,0.1788,0.8989,0.1466,-2.2156,0.0,50.7153,0.0352,0.0523,-1.3488,-323700000.0,4344200000.0,-3186500000.0,5666100000.0,233700000.0,161600000.0,242800000.0,42.5686,27.0555,-49.9498,8.457,1.2636,8.14,0.087,-6.7083,0.6174,0.6781,0.6376,0.6182,0.3389999999999999,0.3447,0.2067,0.2061,0.0455,1.6297,1.6736,-0.1033,-0.0322,0.0894,0.0912,0.0521,0.0412,0.0838,0.1053,0.0309,0.0349,-0.027,-0.2028,0.0426,-0.1355,0.024,0.0,0.0,Utilities,,1,2015,13.520578561750956,,,
ARTNA,77024000.0,0.0629,42821000.0,34203000.0,0.0,0.0,8837000.0,25366000.0,6998000.0,19089000.0,7784000.0,0.0,0.0,11305000.0,0.0,11305000.0,1.26,1.26,9003228.0,8960000.0,0.873,0.4441,0.4529999999999999,0.3387,0.147,0.1001,34924000.0,26087000.0,11305000.0,0.2478,0.1468,209000.0,0.0,209000.0,7885000.0,1713000.0,14444000.0,409562000.0,0.0,0.0,3019000.0,417182000.0,431626000.0,4914000.0,12322000.0,22403000.0,103647000.0,115969000.0,0.0,63533000.0,704000.0,309376000.0,331779000.0,0.0,27642000.0,132331000.0,0.0,115760000.0,4637000.0,5167000.0,8837000.0,183000.0,28407000.0,-20694000.0,0.0,0.0,-20646000.0,-8862000.0,3049000.0,-7811000.0,-7795000.0,0.0,-34000.0,7713000.0,-0.4642,1.8912,1.8912,3.2378,21.9841,32.1784,8.7792,7.9339858485585,2.9261105110096,0.0346569105178539,9.4272344519528,1.7031590179172,0.33868664312422,0.73174378042703,0.5922258892555899,0.44405639800582,1.0,0.3293259243872,0.14677243456585,0.40777411074441,0.0281,0.0854,0.0349,4.3118,42.7555,0.18806432237366,0.17845078841404,0.645,0.36129089854037,0.009329107708789,-14.6014,37.3653,23.2864,0.2687,0.8764,0.43922314792057,0.4670519532823199,3.7278,0.24495339271702,3.2617149420771003,3.1704,0.861,0.0233,0.693,0.36880712505193,0.27151758369416,0.24495339271702,1.3727167294868,0.9965620066655,8.5964,1.2617,3.1704,0.861,0.0233,14.769,48.173,14.7691,12.943,249389415.6,365149415.6,21.9841,3.2378,8.7792,32.1784,1.8912,1.8912,4.7407,10.4555,12.8542,47.3421,0.0455,0.0309,0.8764,0.2687,3.3146,0.645,3.7278,2.5128,0.0315,0.693,0.0,0.0,0.0,0.7285,0.2687,-2.3417,0.0024,20.3768,0.0349,0.0281,-1.2724,-7959000.0,431626000.0,-317335000.0,524983000.0,8132000.0,4348500.0,1801500.0,37.3653,23.2864,-14.6014,9.4717,4.3118,42.7555,0.0854,-2.3096,0.1,0.1209,0.1314,0.1892,0.1776,0.1776,0.0086,0.0089,0.0295,0.5381,2.4661,0.0002,0.0182,0.0568,0.0554,0.0459,0.0355,0.0324,0.0269,0.03,0.0334,-0.059,-0.0937,0.0223,0.0446,-0.071,0.0,0.0,Utilities,,1,2015,24.82510076631052,,,
NOVT,373598000.0,0.0244,215708000.0,157890000.0,31043000.0,82049000.0,128957000.0,28933000.0,5180000.0,46009000.0,10394000.0,0.0,13000.0,35615000.0,0.0,35615000.0,1.03,1.02,34387509.0,34579000.0,0.0,0.4226,0.188,0.1369999999999999,0.095,0.0749,70303000.0,51189000.0,35615000.0,0.1232,0.0953,59959000.0,0.0,59959000.0,57188000.0,59566000.0,185212000.0,40550000.0,169725000.0,0.0,10395000.0,230833000.0,416045000.0,24401000.0,7385000.0,56953000.0,88426000.0,95811000.0,0.0,10505000.0,0.0,114391000.0,171344000.0,-18830000.0,-189550000.0,244701000.0,0.0,35852000.0,8499000.0,25167000.0,19114000.0,4387000.0,33416000.0,-5425000.0,3583000.0,0.0,-1633000.0,-17500000.0,-1627000.0,0.0,-21535000.0,-1435000.0,8813000.0,27991000.0,-0.0765,1.9248,6.2821,1.2536,13.2233,16.8256,14.015999999999998,14.094026214986998,1.260622326672,-0.0,8.809737564542099,1.9246589919943,0.13701625811701,0.8988063841841001,0.77408767849769,0.4226200354391599,1.0,0.0774442047334299,0.095329739452567,0.22591232150231,0.211,0.1455,0.059,3.6093,6.0991,9.2132675709001,0.89797497866817,3.252,2.0569065720858,1.0527803627553,-100.7918,55.8719,23.8394,0.2303,0.3915,0.26544230878914,0.28137334367071,9.882,0.34876997422008,1.7002178168459,0.9664,0.809,1.734,0.0,0.0894437336388309,0.8376526214986801,0.34876997422008,6.1596313364055,6.1596313364055,10.8042,1.03,0.9664,0.809,1.734,7.077000000000001,7.122999999999999,7.0766,2.7708,468357872.58,504209872.58,13.2233,1.2536,14.015999999999998,16.8256,1.9248,6.2821,1.3496,7.172000000000001,15.0889,18.0133,0.0756,0.0598,0.3915,0.2303,0.51,3.252,9.882,0.9383,0.0,0.0,0.2196,0.0831,0.4079,0.1623,0.0145,-0.2838,0.0117,12.8057,0.059,0.211,0.0296,128259000.0,246320000.0,13868000.0,225219000.0,54341000.0,24996500.0,61254500.0,55.8719,23.8394,-100.7918,6.8751,3.6093,6.0991,0.1455,-0.1569,0.0514,3.5389,2.7216,2.4685,2.4714,2.4571,0.0066,0.0138,0.0,-0.2098,-0.2432,-0.0218,0.1439,0.0,0.0471,0.0,0.212,-0.0122,0.0161,0.0,0.0,0.1106,-0.0537,0.0498,0.1532,-0.1474,0.0721,-0.0276,Technology,,1,2015,58.85022372030363,,,
INTT,38889000.0,-0.0696,20191000.0,18698000.0,3935000.0,12201000.0,16136000.0,2562000.0,0.0,2583000.0,722000.0,0.0,0.0,1861000.0,0.0,1861000.0,0.18,0.18,10562678.0,10473210.0,0.0,0.4808,0.086,0.0664,0.048,0.0745,3337000.0,2583000.0,1861000.0,0.0664,0.0479,25710000.0,0.0,25710000.0,4395000.0,3520000.0,34264000.0,1112000.0,2810000.0,350000.0,1245000.0,5720000.0,39984000.0,909000.0,0.0,4059000.0,0.0,0.0,0.0,26000.0,0.0,0.0,4059000.0,725000.0,9013000.0,35925000.0,350000.0,-25710000.0,639000.0,3150000.0,754000.0,119000.0,3498000.0,-599000.0,0.0,0.0,-599000.0,0.0,-155000.0,0.0,-155000.0,-160000.0,2584000.0,2899000.0,0.5754,1.2342,1.3389,1.1489,23.5,15.2817,12.773,12.664560028302,1.1391558275862,-0.0,20.980111171411,1.2331421288518,0.066419810229114,1.0,0.7204800619434799,0.48080434055903,1.0,0.065879811771966,0.047854148988146,0.27951993805652,0.0594,0.0518,0.1568,7.4092,10.6706,34.972122302158,0.97261404561825,8.441,7.4168514412417,6.334072431633401,-63.6323,41.2501,8.5316,0.0,0.0,0.0,0.0,0.0,0.337480669258305,1.1129853862213002,0.3339999999999999,0.413,2.4548,0.0,0.089948314433387,0.8287592910234399,0.337480669258305,5.8397328881469,5.8397328881469,3.7132,0.1777,0.3339999999999999,0.413,2.4548,3.43,3.549,3.4302,0.0,44680127.94,18970127.94,23.5,1.1489,12.773,15.2817,1.2342,1.3389,0.4878,5.6848,5.4231,6.5437,0.0426,0.0649,0.0,0.0,-7.7045,8.441,0.0,1.8796,0.0,0.0,0.3137,0.1012,0.0703,0.1712,0.0154,-0.7944,0.0031,3.7255,0.1568,0.0594,0.6759999999999999,30205000.0,37174000.0,30205000.0,7405000.0,4714500.0,1071500.0,3644500.0,41.2501,8.5316,-63.6323,8.2488,7.4092,10.6706,0.0518,-0.0572,-0.0862,-0.4738,-0.4788,-0.4589,-0.4545,-0.4545,0.004,0.0027,0.0,-0.318,-0.3268,-0.0424,-0.0419,-0.123,-0.1977,-0.2449,-0.054,0.1637,0.0819999999999999,0.0,-1.0,-0.1269,-0.0661,0.0322,0.0409999999999999,0.0,0.0992,0.0196,Technology,,1,2015,10.576924840374168,,,
POST,5026800000.0,0.0815,3479400000.0,1547400000.0,0.0,839700000.0,1001700000.0,545700000.0,306500000.0,-30100000.0,-26800000.0,0.0,0.0,-3300000.0,25100000.0,-28400000.0,-0.41,-0.41,64649700.0,68800000.0,0.0,0.3078,0.115,0.055,-0.006,0.0758,579200000.0,276400000.0,-3300000.0,-0.006,-0.0007,1152000000.0,0.0,1152000000.0,385000000.0,503100000.0,2076900000.0,1354400000.0,5913400000.0,0.0,0.0,7283700000.0,9360600000.0,264400000.0,12300000.0,634000000.0,4551200000.0,4563500000.0,0.0,726500000.0,0.0,5718000000.0,6352000000.0,-60400000.0,-424300000.0,3008600000.0,0.0,3411500000.0,36800000.0,357300000.0,302800000.0,17200000.0,502400000.0,-121500000.0,-87100000.0,0.0,-196100000.0,5500000.0,7700000.0,0.0,-4500000.0,400000.0,302200000.0,380900000.0,-0.6838,1.7801,0.0,0.9925,0.0,13.9388,9.9304,10.567866242038,1.0561979788335,-0.0,19.013287292818,1.7647065080104,0.054985278905069,-0.1089001447178,0.6688654216773149,0.3078300310336599,1.0,0.10855812843161,-0.000656481260444,0.33113457832268495,-0.0012,-0.0011,0.045,4.7613,10.3817,3.7114589486119,0.53701685789372,3.276,2.4242902208202,1.8170347003155,-52.7768,27.9552,19.1983,0.4875,1.5168,0.6020265086377901,0.60267297051016,0.9018,0.11009093897228,3.1112809944825,7.3023,5.5363,16.7442,0.0,0.09994429855972,0.7581608280254799,0.11009093897228,4.1349794238683,4.1349794238683,73.064,-0.048,7.3023,5.5363,16.7442,43.73,50.105,43.7297,66.3299,4989017349.0,8400517349.0,0.0,0.9925,9.9304,13.9388,1.7801,0.0,1.6711,14.5037,16.7208,22.0544,-0.0053,0.0763,1.5168,0.4875,5.89,3.276,0.9018,-17.6901,0.0,0.0,0.1669999999999999,0.0,0.6317,0.2418,0.0242,-0.4013,0.0034,0.0,0.045,-0.0012,-0.8569,1442900000.0,3447200000.0,-4275100000.0,6224700000.0,375600000.0,264800000.0,484200000.0,27.9552,19.1983,-52.7768,13.3834,4.7613,10.3817,-0.0011,-1.766,0.3176,2.0643,1.5656,0.7853,0.8240000000000001,0.8240000000000001,0.2134,0.2134,0.0,0.1125,0.1082,0.2102,0.322,0.118,0.2606,0.0,0.0,0.0095,-0.0155,0.0,0.0,0.0513,0.0812,0.0215,-0.1668,0.0207,0.0,0.1438,Consumer Defensive,,0,2016,,-3.319089313726859,,
JBSS,952059000.0,0.0731,814591000.0,137468000.0,0.0,84306000.0,84306000.0,53162000.0,3492000.0,46462000.0,16067000.0,0.0,0.0,30395000.0,0.0,30395000.0,2.71,2.68,11205241.0,11233975.0,2.0,0.1444,0.07,0.0525,0.032,0.078,66539000.0,49954000.0,30395000.0,0.0488,0.0319,2220000.0,0.0,2220000.0,78088000.0,156573000.0,242173000.0,129803000.0,1369000.0,0.0,8590000.0,148989000.0,391162000.0,43719000.0,16237000.0,83194000.0,28704000.0,44941000.0,0.0,0.0,0.0,56775000.0,139969000.0,-6425000.0,143573000.0,251193000.0,0.0,42721000.0,5292000.0,23238000.0,16585000.0,2489000.0,89248000.0,-15018000.0,0.0,0.0,-14925000.0,-52671000.0,155000.0,-22486000.0,-74049000.0,0.0,274000.0,74230000.0,-0.0894,1.9065,1.917,0.5017,15.7306,6.4516,5.3523,4.8217301199747,0.45199905651593,0.052252950134484,6.932081482251,1.7131439560317998,0.052469437293277,0.93009568803299,0.65419052128621,0.14439021111087,1.0,0.0558389763659609,0.0319255424296179,0.34580947871379,0.1053,0.121,0.1032,5.1774,5.3702,7.3346455782994,2.4339250745216,2.911,0.96530999831719,0.026684616679087,-70.1569,29.9373,16.761,0.1149,0.1789,0.10255201020375,0.15175900099279,14.3053,1.9858926147616005,1.5572169606637,7.9445,-0.0409999999999999,0.1976,0.738,0.09374208951336,0.83172732162065,1.9858926147616005,5.9427353842056,2.3796928327645,84.7482,2.7056,7.9445,-0.0409999999999999,0.1976,22.36,34.698,22.3601,4.0005,477679423.83,520400423.83,15.7306,0.5017,5.3523,6.4516,1.9065,1.917,0.5466,7.821000000000001,5.8309,7.0106,0.0636,0.1554,0.1789,0.1149,0.642,2.911,14.3053,2.9363,0.0469,0.738,0.0886,0.0,0.0035,0.1683,0.0158,-0.9055,0.0026,36.9243,0.1032,0.1053,0.214,158979000.0,389793000.0,102204000.0,349320000.0,76861500.0,44720500.0,177285000.0,29.9373,16.761,-70.1569,12.3867,5.1774,5.3702,0.121,-1.3368,0.0409999999999999,0.023,0.0247,0.0372,0.0304,0.0268,0.0075,0.0075,0.3333,5.4055,162.7211,0.0605,0.0783,0.6359,0.3414,0.5906,0.1054,0.0537,0.0409999999999999,0.0,0.2599,0.0324,-0.2092,-0.0944,0.0334,-0.5407,0.0,0.0515,Consumer Defensive,,0,2016,,-6.6797069509036175,,
AXTA,4092700000.0,-0.0042,2528800000.0,1563900000.0,57700000.0,959800000.0,1158800000.0,405100000.0,178200000.0,76900000.0,38100000.0,5800000.0,0.0,38800000.0,0.0,38800000.0,0.16,0.16,240462407.0,238100000.0,0.0,0.3821,0.141,0.0623,0.009,0.1034,577200000.0,255100000.0,44600000.0,0.0188,0.0095,538100000.0,0.0,538100000.0,801900000.0,529700000.0,1920000000.0,1315700000.0,2094400000.0,0.0,0.0,3946200000.0,5866200000.0,474200000.0,27900000.0,942100000.0,3236000000.0,3263900000.0,0.0,160200000.0,0.0,3677500000.0,4619600000.0,-350400000.0,-58100000.0,1125100000.0,0.0,2725800000.0,50300000.0,440000000.0,322100000.0,41100000.0,559300000.0,-136200000.0,-114800000.0,0.0,-257000000.0,-160000000.0,16700000.0,0.0,-232600000.0,-19300000.0,69700000.0,423100000.0,-0.41,5.8736,0.0,1.6245,172.8125,15.5601,11.8877,11.770901126408,1.6085872406969,-0.0,17.944499306999,5.851448760110201,0.062330490873995,0.30145041160329,0.50455136540962,0.3821193832922,1.0,0.0989811127128789,0.0094802941823246,0.4954486345903799,0.0169,0.0345,0.059,2.2233,7.7192,3.1106635251197003,0.6976748150421099,2.0380000000000003,1.4223543148286,0.57117078866362,-76.4554,71.516,42.2907,0.5564,2.901,0.74201462933664,0.74365459102301,1.4315,0.17135941664879,5.2139365389743,2.349,1.777,2.26,0.0,0.13665795196325,0.75648131593063,0.17135941664879,4.1064610866373,4.1064610866373,17.189,0.163,2.349,1.777,2.26,4.725,15.841,4.7253,13.7081,6648785553.55,9374585553.55,172.8125,1.6245,11.8877,15.5601,5.8736,0.0,2.2906,16.2415,16.7613,22.1569,0.0058,0.0636,2.901,0.5564,4.7225,2.0380000000000003,1.4315,14.4149,0.0,0.0,0.2345,0.0141,0.357,0.2435,0.0333,-0.4229,0.01,4.1169,0.059,0.0169,-0.406,977900000.0,3771800000.0,-2699600000.0,5555500000.0,783850000.0,464450000.0,530200000.0,71.516,42.2907,-76.4554,5.2213,2.2233,7.7192,0.0345,-0.5720000000000001,0.0338,-0.2716,-0.1299,-0.5764,-0.5897,-0.5789,0.0184,0.0196,0.0,0.3648,0.5572,0.0,-0.0053,0.0,0.1248,0.0,0.0,0.01115,-0.0191,0.0,0.0,0.0471,-0.0019,0.0062,0.0289999999999999,-0.0516,0.1182,0.0492,Basic Materials,,1,2016,,17.034361869085796,,
UAN,356284000.0,0.2319999999999999,302231000.0,54053000.0,0.0,29276000.0,32111000.0,21942000.0,48551000.0,-26609000.0,329000.0,0.0,0.0,-26938000.0,0.0,-26938000.0,-0.26,-0.26,113282973.0,103299000.0,0.71,0.1517,0.225,0.0616,-0.076,0.061,80188000.0,21942000.0,-26938000.0,-0.0747,-0.0756,55595000.0,0.0,55595000.0,13924000.0,58167000.0,134531000.0,1130121000.0,40969000.0,0.0,0.0,1177686000.0,1312217000.0,28815000.0,0.0,63016000.0,623107000.0,623107000.0,12571000.0,0.0,0.0,624294000.0,687310000.0,0.0,0.0,624907000.0,0.0,567512000.0,6845000.0,34201000.0,58246000.0,2786000.0,44969000.0,-23231000.0,-63869000.0,0.0,-87100000.0,121841000.0,0.0,-69589000.0,47759000.0,0.0,5628000.0,21738000.0,-0.7914,1.1482,1.2288,2.0127,0.0,30.0802,15.9461,13.771668589473,1.7382149206813002,0.11236752174532,16.18696269766,0.99102452812979,0.061585701294473,-1.2126971105642,0.7096826419187099,0.15171323999955,1.0,0.061585701294473,-0.075608222653838,0.28343974755399,-0.0224,-0.0431,0.0115,4.2548,7.4462,0.31526181709746,0.27151301956917,2.135,1.1031960137108,0.88223625745842,-70.2474,14.2646,29.5199,0.4749,0.9971,0.4992788542436199,0.4992788542436199,0.4519,0.072168985423049,2.0998596591173,0.4353,0.2104,0.5382,-2.7310000000000003,0.12621672598264,0.4833996753319,0.072168985423049,1.9357324264991,0.48447532859298,3.4491,-0.2608,0.4353,0.2104,0.5382,6.049,12.306,6.0495,6.0321,717081219.09,1284593219.09,0.0,2.0127,15.9461,30.0802,1.1482,1.2288,3.6055,16.0198,28.5662,59.0944,-0.0411,0.0303,0.9971,0.4749,7.0773,2.135,0.4519,-1.6694,0.1122,-2.7310000000000003,0.0822,0.0,0.0312,0.5166,0.0652,-0.3988,0.0078,0.0,0.0115,-0.0224,-0.7709,71515000.0,1271248000.0,-552779000.0,1775744000.0,10555500.0,19959000.0,47848000.0,14.2646,29.5199,-70.2474,33.7534,4.2548,7.4462,-0.0431,-0.2249,-0.396,-0.6817,-0.6807,-1.4342,-1.3059,-1.3059,0.4127,0.4125,-0.432,-0.4266,-0.6459,-0.0362,-0.08,-0.2565,-0.3729,0.0,0.0,-0.0204,0.0016,-0.0622,-0.259,0.9374,0.5499,1.4469999999999998,0.1472,3.9939,0.0,0.4097,Basic Materials,,0,2016,,-47.96133774093921,,
PCRX,276371000.0,0.1099,110104000.0,166267000.0,45678000.0,152613000.0,198291000.0,-32024000.0,7061000.0,-37844000.0,105000.0,0.0,0.0,-37949000.0,0.0,-37949000.0,-1.02,-1.02,37402282.0,37236000.0,0.0,0.6016,-0.065,-0.1114,-0.1369999999999999,0.0316,-17864000.0,-30783000.0,-37949000.0,-0.1369,-0.1373,35944000.0,136653000.0,172597000.0,29937000.0,31278000.0,243089000.0,101016000.0,46737000.0,0.0,0.0,148377000.0,391466000.0,7511000.0,0.0,44838000.0,108738000.0,108738000.0,595000.0,66000.0,0.0,127652000.0,172490000.0,-30000.0,-346238000.0,218976000.0,136653000.0,-63859000.0,9277000.0,37327000.0,12919000.0,31248000.0,33453000.0,-24709000.0,-15857000.0,-21188000.0,-61754000.0,-4000.0,7265000.0,0.0,7261000.0,0.0,-21040000.0,8744000.0,0.0491,5.94,7.5519,4.7028,0.0,147.9816,38.8524,38.679669984755,4.6819347905533,-0.0,17.2831441036655,5.909099627356401,-0.11138288749543,0.8992348919688999,0.73852149555474,0.60160798347149,1.0,-0.1158732283778,-0.13731180188949,0.26147850444526,-0.1268,-0.1733,-0.115,8.9726,5.9484,2.7359131226736,0.7059897922169499,5.421,4.5170168160935,0.8016414648289398,-103.6881,39.5375,9.9197,0.2778,0.4966,0.33180761273549,0.33180761273549,-4.3596,0.30764774044032,1.7877118953675,0.8984,0.2348,0.9653,0.0,0.12104381429311,0.26138163991271,0.30764774044032,1.3538791533449,1.3538791533449,7.4221,-1.0191,0.8984,0.2348,0.9653,5.881,9.258,5.8808,2.9202,1299729299.5,1235870299.5,0.0,4.7028,38.8524,147.9816,5.94,7.5519,4.4718,0.0,36.9435,141.3392,-0.0294,0.0067,0.4966,0.2778,3.5747,5.421,-4.3596,-0.8815,0.0,0.0,0.5522,0.1653,0.1194,0.7386,0.0894,-1.9126,0.1131,0.0,-0.115,-0.1268,0.0543,198251000.0,344729000.0,70599000.0,372685000.0,27896000.0,8125000.0,46461500.0,39.5375,9.9197,-103.6881,9.9072,8.9726,5.9484,-0.1733,-0.6636,-0.0615,-4.1268,-4.387,-21.4467,-21.4,-26.5,0.019,-0.0984,0.0,0.1939,1.7124,0.5071,0.4226,0.0,0.0,0.0,0.0,0.149,0.6787,0.0,0.0,0.1579,-0.4926,0.0096,-0.0161,0.0452,0.5937,0.0976,Healthcare,,1,2016,,31.366910865838577,,
CLDX,6786000.0,0.2383,0.0,6786000.0,102726000.0,35979000.0,139702000.0,-132916000.0,0.0,-128530000.0,0.0,0.0,0.0,-128530000.0,0.0,-128530000.0,-18.99,-18.99,6749925.0,6769000.0,0.0,1.0,-18.337,-18.9405,-18.94,-17.0626,-124438000.0,-128530000.0,-128530000.0,-18.9405,-18.9405,42461000.0,147315000.0,189776000.0,1784000.0,0.0,195569000.0,13192000.0,172463000.0,0.0,0.0,187789000.0,383358000.0,1740000.0,0.0,35223000.0,0.0,0.0,0.0,0.0,0.0,82704000.0,117927000.0,2541000.0,-719486000.0,265431000.0,147315000.0,-189776000.0,4009000.0,33483000.0,4092000.0,15317000.0,-113036000.0,-2751000.0,4592000.0,67066000.0,68907000.0,0.0,14482000.0,0.0,14482000.0,0.0,-29647000.0,-115787000.0,0.5192,1.4681,4.1916,53.8621,0.0,0.0,-3.2336,15.326600985222,54.01434571176,-0.0,17.2831441036655,1.3809289419849,-18.940465664604,0.8992348919688999,0.73852149555474,1.0,1.0,-19.586796345417,-18.940465664604,0.26147850444526,-0.7406,-0.4842,-0.5246,1.154,0.0,0.51440266828381,0.017701469644562,5.5520000000000005,5.4384918945008005,1.2054907304886002,0.0,95.9564,93.5897,0.0,0.0,0.0,0.0,0.0,-0.368753972126365,1.4442849554121,-16.6991,-17.105,6.2729,0.0,-16.657235484822,0.7601707816764149,-0.368753972126365,-41.089058524173005,-41.089058524173005,1.0025,-18.988,-16.6991,-17.105,6.2729,39.213,31.156,39.2127,0.0,365508438.75,175732438.75,0.0,53.8621,-3.2336,0.0,1.4681,4.1916,25.8963,0.0,-1.5547,-1.5177,-0.3507,-0.3168,0.0,0.0,1.5251,5.5520000000000005,0.0,0.8795,0.0,0.0,5.3019,15.1379,0.4499,0.0,0.4054,-0.6723,2.2571,0.0,-0.5246,-0.7406,0.2124,160346000.0,210895000.0,77642000.0,133211000.0,1377000.0,1623000.0,0.0,95.9564,93.5897,0.0,4.9281,1.154,0.0,-0.4842,-0.4064,0.2383,-0.0105,-0.0261,-0.0105,0.0336,0.0336,0.0462,0.0462,0.0,-0.1431,-0.1159,-0.2221,0.0905,0.0,0.0,0.0,0.0,0.0848,-0.1328,0.0,0.0,0.8392,0.0,0.1356,-0.1255,0.0,0.0255,0.0633,Healthcare,,0,2016,,-21.32964492390261,,
APTV,12274000000.0,0.1298,9527000000.0,2747000000.0,0.0,924000000.0,1208000000.0,1539000000.0,155000000.0,1424000000.0,167000000.0,69000000.0,0.0,1257000000.0,0.0,1257000000.0,4.6,4.59,270839670.0,273020000.0,1.16,0.2238,0.168,0.1286,0.102,0.1046,2068000000.0,1579000000.0,1326000000.0,0.1159999999999999,0.1024,738000000.0,0.0,738000000.0,2130000000.0,859000000.0,5419000000.0,2325000000.0,2650000000.0,67000000.0,0.0,6873000000.0,12292000000.0,1820000000.0,10000000.0,4148000000.0,3953000000.0,3963000000.0,0.0,0.0,0.0,5381000000.0,9529000000.0,-1215000000.0,1980000000.0,2401000000.0,67000000.0,3225000000.0,1692000000.0,2318000000.0,489000000.0,62000000.0,1941000000.0,-657000000.0,230000000.0,18000000.0,-578000000.0,-44000000.0,-634000000.0,-317000000.0,-1081000000.0,-23000000.0,259000000.0,1284000000.0,-0.2103,6.3746,0.0,1.2492,12.3073,12.0379,7.8996,0.0,0.0,0.0014193464589287,2.2683752417795,0.0,0.12864591820108,0.90183660544649,0.8827247191011199,0.22380642007496,1.0,0.12538699690402,0.10241160175982,0.11727528089888,0.3496,0.5235,0.1364,-0.0339,12.0333,5.2791397849462,0.99853563293199,1.306,0.6914175506268101,0.17791706846673,-32.9102,63.3412,54.1225,0.3224,1.6506,0.6221277935159,0.62272155876807,10.1871,0.4897804693414099,5.1195335276968,7.1094,4.703,2.7031,0.252,0.15813915593938,0.66151468315301,0.4897804693414099,2.9543378995434,1.9928131416838,44.9564,4.6041,7.1094,4.703,2.7031,8.794,35.316,8.7942,14.5154,15333208741.512,18558208741.512,12.3073,1.2492,7.8996,12.0379,6.3746,0.0,1.5119999999999998,8.974,9.5612,14.4534,0.0813,0.0837,1.6506,0.3224,1.5595,1.306,10.1871,1.5442,0.0205,0.252,0.0753,0.0,0.2156,0.3385,0.0535,-1.3436,0.0051,30.318,0.1364,0.3496,-0.268,1271000000.0,9642000000.0,-4110000000.0,8719000000.0,2440000000.0,2180500000.0,1020000000.0,63.3412,54.1225,-32.9102,5.0303,-0.0339,12.0333,0.5235,-2.4064,0.2642,-0.0899,0.3729,-0.1331,-0.0945,-0.0929,-0.0427,-0.0451,0.16,0.1398,0.07,0.0338,-0.0245,0.1681,0.0809,0.1112,0.0569,0.1702,-0.0208,0.0,0.1949,-0.2255,-0.2727,0.0266,0.1147,-0.0112,0.0,0.1507,Consumer Cyclical,,1,2016,,52.27535485513982,,
VAC,2000000000.0,0.1045,1285000000.0,715000000.0,0.0,434000000.0,515000000.0,200000000.0,9000000.0,198000000.0,76000000.0,0.0,0.0,122000000.0,0.0,122000000.0,4.37,4.29,26997282.0,27882000.0,1.25,0.3575,0.114,0.1035,0.061,0.053,228000000.0,207000000.0,122000000.0,0.099,0.061,213102000.0,0.0,213102000.0,1134044000.0,712536000.0,1087000000.0,202802000.0,0.0,0.0,0.0,855745000.0,2391419000.0,124439000.0,0.0,518000000.0,737000000.0,737224000.0,95495000.0,149168000.0,55542000.0,416910746.5,1483600000.0,5460000.0,346341000.0,907819000.0,0.0,178170000.0,29972787.5,393561000.0,21000000.0,14000000.0,141000000.0,-35000000.0,69000000.0,0.0,34000000.0,50000000.0,-178000000.0,-34000000.0,-206000000.0,-5000000.0,-36000000.0,106000000.0,-0.2034,2.5453,2.5453,1.1454,19.4165,22.3188,16.2462,16.14233333617,1.1380345002,0.014938035707188,14.149872808772,2.5071837011563,0.1035,0.95652173913043,0.61616161616162,0.3575,1.0,0.1,0.061,0.38383838383838,0.111,0.1344,0.0732,5.7374,2.8948,9.8618356820939,0.8363235384514399,2.0984555984556,2.600667953668,0.41139382239382,-202.3935,206.963,22.7101,0.3083,0.8121,0.44807361782664,0.44807361782664,23.0,0.1913161465400299,2.6342464742421,5.057,3.802,7.643,0.286,0.0705,0.75177304964539,0.1913161465400299,4.0285714285714,2.0434782608696,71.7309,4.3756,5.057,3.802,7.643,32.559,85.76899999999999,32.5593,26.4409,2290719377.7,3632132306.85,19.4165,1.1454,16.2462,22.3188,2.5453,2.5453,1.6086,16.7528,19.5413,22.1183,0.0515,0.0463,0.8121,0.3083,1.2896,1.56,23.0,1.1557,0.0147,0.286,0.217,0.0,0.0,0.2482,0.0175,-1.6667,0.0069999999999999,57.2517,0.0732,0.111,-0.1492,128184000.0,2391419000.0,-396600000.0,2915541000.0,1093262500.0,131779500.0,690889500.0,206.963,22.7101,-202.3935,1.8294,5.7374,2.8948,0.1344,-1.2553,0.0001,-0.0561,-0.0826,-0.0065,0.1205,0.123,-0.1145,-0.1165,0.1905,0.1907,2.0268,0.0828,0.1319,-0.1189,0.0363,0.0,0.2475,-0.0066,-0.016,0.0,0.0,0.0775,0.0647,-0.0035,0.0501,0.0861,0.0,-0.0062,Consumer Cyclical,,1,2016,,62.58175017151383,,
ASPS,997303000.0,-0.0515,690045000.0,307258000.0,0.0,214155000.0,242155000.0,65103000.0,24412000.0,41628000.0,12935000.0,2693000.0,0.0,28693000.0,0.0,28693000.0,1.53,1.46,18877614.0,18696000.0,0.0,0.3081,0.151,0.0662,0.0289999999999999,0.1038,150404000.0,66040000.0,31386000.0,0.0417,0.0288,149294000.0,45754000.0,195048000.0,87821000.0,0.0,325477000.0,103473000.0,241715000.0,0.0,7292000.0,363735000.0,689212000.0,83135000.0,5945000.0,148938000.0,467600000.0,473545000.0,8797000.0,0.0,0.0,478080000.0,627018000.0,-1745000.0,333786000.0,60789000.0,45754000.0,278497000.0,42608000.0,59858000.0,84364000.0,6188000.0,126818000.0,-23269000.0,-9409000.0,-48219000.0,-80897000.0,-50723000.0,-28104000.0,0.0,-76628000.0,0.0,-30707000.0,103549000.0,-0.5484,8.3091,0.0,0.5092,17.5817,4.8569,4.0042,3.9657020296803,0.5042824497670201,-0.0,7.445389750272599,8.2732468045206,0.066218591541387,0.63034524530588,0.6892716440857098,0.30808891580593,1.0,0.065279057618397,0.0287705942928079,0.31072835591429,0.1025,0.472,0.1163,2.7271,0.0,9.6382921148512,1.4470192045408,2.185,1.8992399521949,1.0023902563483,0.0,32.1414,30.4263,0.6871,7.79,0.88495407739374,0.88623407831057,2.7052,0.26780559397734,11.337774926385,6.7832,5.539,7.9853,0.0,0.12716095309049,0.81651658281947,0.26780559397734,5.450083802484,5.450083802484,53.3431,1.5347,6.7832,5.539,7.9853,3.2510000000000003,23.935,3.2514,25.3287,507807816.6,786304816.6,17.5817,0.5092,4.0042,4.8569,8.3091,0.0,0.7884,5.228,6.2003,7.5936,0.0569,0.2039,7.79,0.6871,1.8517,2.185,2.7052,4.4198,0.0,0.0,0.2147,0.0,0.3507,0.1835,0.0233,-0.2758,0.0062,10.5562,0.1163,0.1025,-0.5938,176539000.0,447497000.0,-301541000.0,622810000.0,96422000.0,87503000.0,0.0,32.1414,30.4263,0.0,10.3431,2.7271,0.0,0.472,-1.2446,-0.1562,-0.154,-0.1767,-0.3102,-0.2817,-0.2772,-0.0414,-0.0488,0.0,-0.3508,-0.3494,0.2514,0.17,0.0818,-0.055,-0.1206,-0.3517,-0.1341,-0.2177,0.0,0.0,-0.1638,0.0,-0.0451,0.2437,-0.1034,0.0,-0.0304,Industrials,,1,2016,,4.089220806947457,,
ULBI,82460000.0,0.0789,57352000.0,25108000.0,5946000.0,15399000.0,21345000.0,3763000.0,263000.0,3607000.0,98000.0,-27000.0,0.0,3509000.0,0.0,3509000.0,0.23,0.23,15235246.0,15261000.0,0.0,0.3045,0.08,0.0469,0.043,0.078,6596000.0,3870000.0,3482000.0,0.0437,0.0426,10706000.0,0.0,10706000.0,13179000.0,23456000.0,49420000.0,7999000.0,27159000.0,0.0,94000.0,35324000.0,84744000.0,7292000.0,0.0,11328000.0,0.0,0.0,0.0,5710000.0,0.0,5556000.0,16884000.0,-3080000.0,-90542000.0,68030000.0,0.0,-10706000.0,2079000.0,4036000.0,2726000.0,710000.0,7653000.0,-1219000.0,-9857000.0,0.0,-11076000.0,0.0,-147000.0,0.0,-175000.0,-166000.0,-3764000.0,6434000.0,0.1425,1.1057,1.8405,0.9109,21.4348,11.6936,9.8144,9.8210407683261,0.91147738297356,-0.0,13.017954063069,1.104812950169,0.046931845743391,0.93204134366925,0.97283060715276,0.30448702401164,1.0,0.045634246907592,0.042553965559059,0.027169392847241,0.0761,0.0516,0.0374,3.1372,3.4889,10.308788598575,0.97304823940338,4.363,2.1084922316384,0.9450918079096,-149.2788,58.3354,32.2772,0.0,0.0,0.0,0.0,14.7148,0.28203365303055994,1.2456857268852,0.5015,0.422,0.7015,0.0,0.092808634489449,0.8407160590618101,0.28203365303055994,6.278096800656299,6.278096800656299,5.4033,0.2299,0.5015,0.422,0.7015,4.458,3.773,4.4578,0.0,75109762.78,64403762.78,21.4348,0.9109,9.8144,11.6936,1.1057,1.8405,0.7809999999999999,9.7641,8.4155,10.0099,0.0467,0.0857,0.0,0.0,-1.6231,4.363,14.7148,2.181,0.0,0.0,0.1867,0.0721,0.3205,0.1593,0.0148,-0.4472,0.0086,4.8037,0.0374,0.0761,0.4332,38092000.0,57585000.0,32536000.0,35551000.0,12393000.0,6893000.0,23635000.0,58.3354,32.2772,-149.2788,6.6538,3.1372,3.4889,0.0516,-0.0799,0.0769,0.1293,0.13,0.2231,0.2778,0.3529,-0.0569,-0.064,0.0,-0.105,0.1406,-0.0718,0.0618,-0.0457,0.0829,0.0,0.0,0.0104,0.0182,0.0,0.0,0.1354,-0.015,0.0395,0.0905,0.0,0.0612,0.0819,Industrials,,1,2016,,32.86004906296659,,
GTY,115271000.0,0.0406,23205000.0,92066000.0,0.0,14155000.0,44097000.0,47969000.0,16561000.0,38411000.0,0.0,0.0,1414000.0,38411000.0,0.0,38411000.0,1.12,1.12,33939374.0,33806000.0,1.03,0.7987,0.643,0.4769,0.3329999999999999,0.263,74142000.0,54972000.0,38411000.0,0.3332,0.3332,13194000.0,0.0,13194000.0,34084000.0,0.0,192850000.0,661590000.0,0.0,0.0,0.0,396837000.0,877306000.0,63586000.0,0.0,73328000.0,299000000.0,298544000.0,0.0,0.0,0.0,329906000.0,446388000.0,0.0,-55085000.0,430918000.0,124834000.0,301000000.0,2788.0,9742000.0,19170000.0,1426000.0,36874000.0,-6553000.0,0.0,17532000.0,12980000.0,-19636000.0,14886000.0,-36231000.0,-41011000.0,0.0,8843000.0,30321000.0,-0.35,2.0355,2.0355,7.5787,22.9821,28.6985,23.6915,21.303720849379,6.814839834823999,0.046121625697354,14.806012821343,1.8229765352109,0.4768935812129699,0.69873753911082,1.0,0.79869177850457,1.0,0.41614109359683,0.3332234473545,0.0,0.034,0.0891,0.0281,0.4351,0.0,0.17423328647652,0.13139201145324,2.6299639973816,0.64474689068296,0.17993126772856,0.0,107.9253,201.342,0.3403,0.6928,0.40963505489658,0.40963505489658,3.3194,0.12332441471572,2.0359001016435,1.0908,0.897,0.3903,0.92,0.31988965134336,0.82228670608016,0.12332441471572,5.6270410499008,0.86186424831713,3.4098,1.1362,1.0908,0.897,0.3903,12.747,25.951,12.7468,8.8311,873599486.76,1510759986.96,22.9821,7.5787,23.6915,28.6985,2.0355,2.0355,11.6369,17.2609,22.992,-8.2766,0.0435,0.0347,0.6928,0.3403,2.1504,1.388,3.3194,0.96,0.04,0.92,0.1228,0.0,0.0,0.1777,0.0568,-0.3418,0.0124,17.8516,0.0281,0.034,-0.2776,51222301.0,877306000.0,-253538000.0,1162656000.0,31254500.0,68304500.0,0.0,107.9253,201.342,0.0,3.6881,0.4351,0.0,0.0891,-0.1938,0.0681,0.0591,0.4363,0.0268,0.009,0.009,0.0115,0.0115,-0.1043,-0.2579,1.1887,0.0409999999999999,0.0346,-0.0962,-0.0587,0.251,-0.1847,0.0285,0.0085,-0.0674,0.0661,0.1991,0.0,-0.0219,0.0478,-0.0585,0.0,-0.1639,Real Estate,,1,2016,,10.22864247971698,,
MAYS,18582854.0,-0.0173,10080913.0,8501941.0,0.0,4333589.0,5968749.0,2533192.0,245381.0,2313760.0,796000.0,0.0,0.0,1517760.0,0.0,1517760.0,0.75,0.75,2015780.0,2015780.0,0.0,0.4575,0.243,0.1377,0.0819999999999999,0.0782,4510580.0,2559141.0,1517760.0,0.1245,0.0817,6388164.0,0.0,6388164.0,2516163.0,0.0,7092364.0,49064737.0,0.0,2062205.0,17004.0,56452890.0,63545254.0,80343.0,1156846.0,4418835.0,5549600.0,6706446.0,1020833.0,4623963.0,897965.0,11155482.0,15574317.0,264541.0,43469706.0,47970937.0,2062205.0,318282.0,-1811963.0,3181646.0,1951439.0,0.0,3962579.0,-2508505.0,0.0,-534192.0,-2790071.0,-150763.0,0.0,0.0,-29386.0,0.0,1143122.0,1454074.0,-0.0033,1.996,1.996,5.1526,63.3333,65.8492,24.1634,24.163442545877,5.1525750565548,-0.0,23.874382895326,1.9959908225266,0.13771517550533,0.90411587325591,0.65597123297144,0.45751535259331,1.0,0.13631878074272,0.081675290566239,0.3440287670285599,0.0293,0.0316,0.0294,78.7838,0.0,0.37874153895903,0.29243496296356,1.605,2.0150847451874,1.4456670140433,0.0,49.4219,1.5781,0.1055,0.1398,0.10369103733021,0.12265484615458,10.4293,0.59086124006665,1.3246615132825,1.9658,0.823,3.1691,0.0,0.2132384508859599,0.36695142229341,0.59086124006665,1.5796576048284,1.5796576048284,9.2187,0.7529,1.9658,0.823,3.1691,23.798,31.524,23.7977,3.327,95749550.0,96067832.0,63.3333,5.1526,24.1634,65.8492,1.996,1.996,5.1697,21.2983,24.2438,66.068,0.0158,0.0152,0.1398,0.1055,0.0706,1.605,10.4293,2.6108,0.0,0.0,0.2332,0.0,0.0,0.633,0.135,-1.2855,0.0,20.0397,0.0294,0.0293,-0.0886,2673529.0,63545254.0,-8481953.0,59444701.0,2899026.0,60051.0,0.0,49.4219,1.5781,0.0,6.41,78.7838,0.0,0.0316,-1.2444,-0.081,-0.2169,-0.2125,-0.3128,-0.3182,-0.3182,0.0,0.0,0.0,-0.0368,-0.1232,0.0458,0.0535,0.0766,0.1207,0.2339999999999999,0.3175,0.0297,0.0337,0.0,0.0,-0.2333,0.0,0.0118,0.0342,-0.0187,0.0,0.0051,Real Estate,,0,2016,,-8.235294117647058,,
T,163786000000.0,0.1157,77190000000.0,86596000000.0,0.0,36845000000.0,63053000000.0,23543000000.0,4910000000.0,19455000000.0,6479000000.0,357000000.0,0.0,12976000000.0,0.0,12976000000.0,2.1,2.1,6141000000.0,6141000000.0,1.92,0.5287,0.307,0.1488,0.079,0.1033,50212000000.0,24365000000.0,13333000000.0,0.1188,0.0792,5788000000.0,0.0,5788000000.0,16794000000.0,0.0,38369000000.0,124899000000.0,222067000000.0,1674000000.0,0.0,365452000000.0,403821000000.0,31138000000.0,9832000000.0,50576000000.0,113681000000.0,123513000000.0,4519000000.0,62207000000.0,0.0,229135000000.0,279711000000.0,4961000000.0,34734000000.0,123135000000.0,1674000000.0,117725000000.0,15787000000.0,9606000000.0,25847000000.0,0.0,38442000000.0,-21516000000.0,-1581000000.0,672000000.0,-23318000000.0,-683000000.0,-366000000.0,-11797000000.0,-14462000000.0,0.0,662000000.0,16926000000.0,-0.4456,2.1455,0.0,1.6130000000000002,20.4857,15.6083,6.8723,5.982690572811,1.4041895583261002,0.051294294805213,6.959603102843901,1.8677597027653,0.14876118837996,0.7984814282782701,0.66697507067592,0.52871429792534,1.0,0.14374244440917,0.079225330614338,0.33302492932408,0.1151,0.1054,0.0413,1.3605,0.0,1.3113475688356002,0.4055905958333,0.759,0.44649636191079,0.11444163239481,0.0,37.4257,69.3916,0.3059,1.0031,0.48003935544896,0.50076627420453,4.9623,0.31123849311409,3.2794981118285,6.2599,2.756,0.9425,0.914,0.2347087052617399,0.44029967223349,0.31123849311409,1.7866703848299,1.15396391799,26.6709,2.113,6.2599,2.756,0.9425,20.051,29.597,20.0513,20.1128,264185820000.0,381910820000.0,20.4857,1.6130000000000002,6.8723,15.6083,2.1455,0.0,2.3318,7.606,9.9347,22.5636,0.0488,0.0641,1.0031,0.3059,2.3446,0.759,4.9623,2.9625,0.0446,0.914,0.225,0.0,0.5499,0.5597,0.1314,-0.8324,0.0,30.78,0.0413,0.1151,-0.9135,-12207000000.0,181754000000.0,-241342000000.0,248903000000.0,16663000000.0,30755000000.0,0.0,37.4257,69.3916,0.0,9.8293,1.3605,0.0,0.1054,-3.5037,0.0858,-0.0043,-0.0501,-0.0277,-0.1139,-0.1139,-0.0018,0.0962,0.0213,0.0714,0.0158,0.0452,0.0295,0.0132,-0.0177,0.2599,-0.1545,0.024,0.051,0.0222,0.0217,0.0158,0.0,0.0029,0.0056,-0.0209,0.0,0.1193,Communication Services,,0,2016,,-5.099217007786157,,
TMUS,37490000000.0,0.1547,16550000000.0,20940000000.0,0.0,11378000000.0,17725000000.0,3215000000.0,1730000000.0,2327000000.0,867000000.0,0.0,0.0,1460000000.0,55000000.0,1405000000.0,1.71,1.69,824015429.0,822470275.0,0.0,0.5585,0.275,0.1082,0.037,-0.0513,10300000000.0,4057000000.0,1460000000.0,0.0621,0.0389,5500000000.0,0.0,5500000000.0,4850000000.0,1111000000.0,14217000000.0,20943000000.0,29073000000.0,0.0,0.0,51674000000.0,65891000000.0,7277000000.0,354000000.0,9022000000.0,27432000000.0,27786000000.0,986000000.0,4938000000.0,0.0,38633000000.0,47655000000.0,1000000.0,-20610000000.0,18236000000.0,0.0,22286000000.0,2756000000.0,1391000000.0,6243000000.0,235000000.0,2779000000.0,-4702000000.0,0.0,6354000000.0,-2324000000.0,622000000.0,0.0,0.0,463000000.0,0.0,918000000.0,-1923000000.0,-0.4637,2.6384,0.0,1.2819,34.1053,0.0,17.2928,17.260333370997,1.2794469575353,-0.0,7.854220042524299,2.6303173085106,0.10821552413977,0.57357653438501,0.62741727546197,0.5585489463857,1.0,0.085756201653774,0.038943718324887,0.37258272453803,0.0559,0.0801,0.0388,1.3209,31.1638,1.7900969297617,0.56896996554916,1.5759999999999998,1.1471957437375,0.6096209266238101,-24.5024,47.2193,70.8484,0.4217,1.5237,0.60068319173163,0.60375472600061,2.3451,0.1000143957388599,3.6132375520948,3.3788,-2.338,6.6872,0.0,0.074126433715658,-0.69197553076646,0.1000143957388599,0.59102509570396,0.59102509570396,45.5822,1.7751,3.3788,-2.338,6.6872,22.172,44.765,22.1722,33.7836,48056579819.28,70342579819.28,34.1053,1.2819,17.2928,0.0,2.6384,0.0,1.8763,6.8294,25.3122,-36.5796,0.0293,-0.04,1.5237,0.4217,2.1637,1.5759999999999998,2.3451,1.9779,0.0,0.0,0.3035,0.0,0.4412,1.692,0.1254,-0.7532,0.0063,29.1625,0.0388,0.0559,-0.6958,5195000000.0,36818000000.0,-33438000000.0,50082000000.0,4949500000.0,7748000000.0,1203000000.0,47.2193,70.8484,-24.5024,7.5745,1.3209,31.1638,0.0801,-5.7169,0.1919,0.6399,0.3882,1.0723,1.0602,1.061,0.0117,0.0127,0.0,-0.4867,-3.787,0.0343,0.079,-0.1834,-0.1376,0.0,2.2439,0.3231,0.0156,0.0,-1.0,-0.0394,-0.1421,0.0557,0.0887,0.0588,0.0,0.1167,Communication Services,,1,2016,,8.899174646548543,,
GEOS,62060000.0,-0.2687,81423000.0,-19363000.0,13851000.0,21533000.0,36147000.0,-55510000.0,26000.0,-55333000.0,-9363000.0,0.0,0.0,-45970000.0,0.0,-45970000.0,-3.52,-3.52,13328066.0,13044875.0,0.0,-0.312,-0.57,-0.8912,-0.741,-0.04,-35393000.0,-55307000.0,-45970000.0,-0.8916,-0.7407,10262000.0,27491000.0,37753000.0,16925000.0,104540000.0,100638000.0,75705000.0,0.0,1817000.0,16126000.0,154134000.0,254772000.0,2120000.0,0.0,10268000.0,0.0,0.0,174000.0,162000.0,0.0,37000.0,10305000.0,-15941000.0,182308000.0,244467000.0,29308000.0,-37753000.0,-58580000.0,8148000.0,19914000.0,3809000.0,-1695000.0,-785000.0,0.0,-9423000.0,-10208000.0,0.0,0.0,0.0,0.0,-149000.0,-12052000.0,-2480000.0,0.1454,1.0401,1.0401,4.1835,0.0,0.0,-153.1745,8.952864249365799,4.0946529970996,-0.0,14.151556050879499,1.0394620337305,-0.8911859490815299,0.65151515151515,0.8415187281705401,-0.31200451176281,1.0,-0.8944569771189201,-0.74073477280052,0.11228249785347,-0.2768,-0.188,-0.1678,5.2651,0.5412,0.81976091407437,0.24359034744791,9.801,5.3250876509544005,0.99941566030386,-468.628,99.5428,12.4686,0.0,0.0,0.0,0.0,-2127.1923,0.19052516783909,1.0421529286161,-0.1299,-0.1901,0.7867,0.0,-0.0273122784402189,0.29658566477087994,0.19052516783909,-2.1592356687898,-2.1592356687898,4.7574,-3.524,-0.1299,-0.1901,0.7867,18.74,19.53,18.7405,0.0,259630725.68,221877725.68,0.0,4.1835,-153.1745,0.0,1.0401,1.0401,3.5752,0.0,-130.9013,-89.4668,-0.1807,-0.0096,0.0,0.0,1.0667,9.801,-2127.1923,0.0369,0.0,0.0,0.347,0.2232,0.0,0.0,0.0126,-0.0394,0.0614,0.0,-0.1678,-0.2768,0.3479,90370000.0,254772000.0,90333000.0,234242000.0,15811000.0,3098500.0,114670000.0,99.5428,12.4686,-468.628,3.9251,5.2651,0.5412,-0.188,-0.0602,-0.7288,-0.1149,-0.0562,-0.4084,-0.4024,-0.4024,0.0037,0.0037,0.0,0.8509,0.8129,-0.193,-0.4114,0.0,0.0,0.0,0.0,0.0566,-0.0582,0.0,0.0,0.1516,-0.1623,-0.1608,-0.159,0.0,-0.0574,-0.0502,Energy,,0,2016,,-40.285448079852216,,
BRN,13627000.0,-0.2228,10750000.0,2877000.0,0.0,6701000.0,8990000.0,-6113000.0,97000.0,-4337000.0,-722000.0,751000.0,0.0,-3615000.0,0.0,-3615000.0,-0.44,-0.44,8277160.0,8277160.0,0.0,0.2111,-0.193,-0.3111,-0.265,0.1771,-2633000.0,-4240000.0,-2864000.0,-0.3183,-0.2653,15931000.0,0.0,15931000.0,1228000.0,0.0,21114000.0,8094000.0,0.0,3552000.0,378000.0,10454000.0,31568000.0,1423000.0,0.0,4736000.0,0.0,0.0,0.0,204000.0,0.0,13088000.0,17824000.0,-3920000.0,13852000.0,13214000.0,3552000.0,-15931000.0,3955000.0,3313000.0,1607000.0,-22000.0,1770000.0,643000.0,1646000.0,0.0,9378000.0,-3440000.0,0.0,0.0,-4252000.0,183000.0,7079000.0,2413000.0,1.1665,1.0335,1.0335,1.0022,0.0,5.6599,7.716,7.7159966101695,1.0022245541939,-0.0,14.151556050879499,1.0335488118662,-0.31114698759815,0.65151515151515,0.8415187281705401,0.2111249724811,1.0,-0.4485947016951599,-0.26528216041682,0.11228249785347,-0.1477,-0.2736,-0.3684,0.8322,0.0,1.6835927847788,0.43167131272174,4.458,3.6230996621622,3.3638091216216,0.0,32.8921,38.1151,0.0,0.0,0.0,0.0,-43.7113,0.19052516783909,2.3889813833813,0.2138,0.2915,1.9247,0.0,0.12988919057753,1.3632768361582,0.19052516783909,1.0594104272124,0.79341562276025,1.6463,-0.4367,0.2138,0.2915,1.9247,1.596,3.814,1.5964,0.0,13657314.0,-2273686.0,0.0,1.0022,7.716,5.6599,1.0335,1.0335,-0.1669,0.8635,-1.2846,-0.9423,-0.2667,0.1767,0.0,0.0,6.0505,4.458,-43.7113,-0.4896,0.0,0.0,0.4917,0.0,0.0,0.0,-0.0472,0.4001,-0.0016,0.0,-0.3684,-0.1477,0.2409,16378000.0,31568000.0,3290000.0,10901000.0,1764000.0,2038000.0,0.0,32.8921,38.1151,0.0,7.7251,0.8322,0.0,-0.2736,0.0777,-0.614,-2.5219,-4.5707,-3.8622,-3.9333,-3.9333,0.0,0.0,0.0,1.2482,-0.7021,-0.1874,-0.1788,-0.3316,-0.1784,0.0,0.0,-0.1894,-0.153,0.0,0.0,-0.4661,0.0,-0.2403,-0.2904,-1.0,0.0,-0.2163,Energy,,1,2016,,30.81760251829993,,
FCNCA,1288833000.0,-0.0602,0.0,1288833000.0,0.0,733196000.0,937766000.0,351067000.0,0.0,351067000.0,125585000.0,0.0,0.0,225482000.0,0.0,225482000.0,18.77,18.77,12010405.0,12010405.0,1.2,1.0,0.358,0.2724,0.175,0.1153,461652000.0,351067000.0,225482000.0,0.2724,0.175,2412335000.0,0.0,2412335000.0,0.0,0.0,759384000.0,1133044000.0,228641000.0,74000000.0,0.0,179520142.54860002,32990836000.0,0.0,0.0,28764830000.0,830000000.0,1436429000.0,0.0,0.0,28161343000.0,68900000.0,29978409000.0,-135192000.0,2476691000.0,3012427000.0,28600162000.0,8599000.0,2109000.0,28764830000.0,110585000.0,0.0,230506000.0,-81841000.0,-727000.0,-1011598000.0,-1100396000.0,107649000.0,0.0,-14412000.0,875545000.0,0.0,5655000.0,148665000.0,0.2547,1.4153,1.5316,3.3081,18.9126,28.6791,18.4966,18.353083279999,3.2824235680957004,0.0034066928870296,16.187151392260002,1.404347994006,0.2723913804193399,1.0,0.6422762606568001,1.0,1.0,0.2723913804193399,0.17495051725088,0.3577237393432,0.1849,0.0749,0.0959,0.0,0.0,1.1374959842689,0.039066394073797,0.026399738847753,0.0838640450856129,0.0838640450856129,0.0,0.0,0.0,0.0435,0.4768,0.21600930869994,0.21600930869994,0.0,0.2777180722891599,10.951580237463,19.1922,12.378,200.8538,0.064,0.17884861731504,0.6449506737351701,0.2777180722891599,2.8165100621937995,2.3947928895723,107.3097,18.7739,19.1922,12.378,200.8538,250.818,2727.818,250.8181,119.5987,4263573670.95,4251104343.4,18.9126,3.3081,18.4966,28.6791,1.4153,1.5316,2.7682,7.1206,6.2031,7.3703,0.0529,0.0349,0.4768,0.0435,-0.31895,1.892,0.0,1.0223,0.0034,0.064,0.5689,0.0,0.0069,0.355,0.0635,-0.7401,0.0,325.4638,0.0959,0.1849,-6.3891,195916000.0,32762195000.0,-29219025000.0,31786289000.0,0.0,0.0,0.0,0.0,0.0,0.0,0.0,0.0,0.0,0.0749,-6.8142,-0.0602,0.0561,0.0561,0.0718,0.0713,0.0713,0.0,0.0,0.0,-0.0109,0.0373,0.0019,-0.0024,-0.0992,-0.1769,-0.0002,0.0267,0.0694,0.0521,0.0,0.0,0.0,0.0,0.0481,0.0489,0.1059,0.0,-0.0009,Financial Services,,1,2016,,13.920072196553203,,
OPHC,3541000.0,-0.1283,0.0,3541000.0,0.0,2602000.0,3937000.0,-396000.0,0.0,-396000.0,0.0,0.0,0.0,-396000.0,0.0,-396000.0,-0.38,-0.38,1099826.0,1099826.0,0.0,1.0,-0.068,-0.1118,-0.1119999999999999,0.1271,-240000.0,-396000.0,-396000.0,-0.1118,-0.1118,17640000.0,0.0,17640000.0,0.0,0.0,18020000.0,2648000.0,0.0,77000.0,0.0,179520142.54860002,119703000.0,0.0,18500000.0,104623000.0,28655000.0,28912000.0,0.0,0.0,86087000.0,68900000.0,116622000.0,-252000.0,-30717000.0,3081000.0,98334000.0,8599000.0,2109000.0,86123000.0,156000.0,174000.0,551000.0,-101000.0,0.0,10264000.0,14366000.0,3470000.0,375000.0,0.0,-7642000.0,0.0,7275000.0,450000.0,-5.303999999999999,1.3244,1.3244,1.1523,0.0,9.0675,7.4054,7.4053619963702,1.152316989551,-0.0,16.149364440899998,1.3243604219409,-0.11183281558882,1.0,0.68620268620269,1.0,1.0,-0.11183281558882,-0.11183281558882,0.2880597014925399,0.1849,-0.1285,0.0959,0.0,0.0,1.3372356495468,0.029581547663801,0.17223746212592,0.16860537357942,0.16860537357942,0.0,0.0,0.0,0.2415,9.384,0.90291782203176,0.93866948005414,0.0,0.011684869048881,38.851996105161,0.501,0.629,16.0389,0.0,0.15560576108444,0.81669691470054,0.011684869048881,5.4554455445545,5.4554455445545,3.2196,-0.3601,0.501,0.629,16.0389,2.801,108.838,2.8014,26.2878,4080354.46,28974916.54,0.0,1.1523,7.4054,9.0675,1.3244,1.3244,8.4772,0.0,59.8655,96.9061,-0.1024,0.1103,9.384,0.2415,-0.31895,1.892,0.0,-1.3914,0.0,0.0,0.7348,0.0,0.0,0.1833,0.0285,-0.6474,0.0491,0.0,0.0959,0.1849,-19.6493,195916000.0,119703000.0,-98602000.0,130975000.0,0.0,0.0,0.0,0.0,0.0,0.0,0.0,0.0,0.0,-0.1285,-0.0918,-0.1283,0.1801,0.1801,-1.4294,-1.2353,-1.2353,0.1464,0.0912,0.0,-0.1212,-0.2537,-0.13,0.2515,0.0,0.0,0.0,0.0,-0.2578,0.0,0.0,0.0,0.0,0.0,-0.061,-0.0944,0.1322,0.0,-0.0277,Financial Services,,1,2016,,26.68462967489989,,
SR,1537300000.0,-0.2222,1118100000.0,419200000.0,0.0,0.0,136900000.0,282300000.0,77200000.0,213700000.0,69500000.0,0.0,0.0,144200000.0,0.0,144200000.0,3.26,3.24,45640580.0,44100000.0,1.96,0.2727,0.2789999999999999,0.1892,0.094,0.0228,428400000.0,290900000.0,144200000.0,0.139,0.0938,5200000.0,11400000.0,16600000.0,232000000.0,202300000.0,569600000.0,3300900000.0,1164900000.0,62100000.0,0.0,5494800000.0,6064400000.0,210900000.0,648700000.0,1161300000.0,1820700000.0,2469400000.0,70200000.0,662500000.0,34900000.0,3134900000.0,4296200000.0,0.0,550900000.0,1768200000.0,73500000.0,2452800000.0,118700000.0,301700000.0,137500000.0,0.0,328300000.0,-293300000.0,-317700000.0,0.0,-612700000.0,225700000.0,137100000.0,-85200000.0,275800000.0,0.0,-8600000.0,35000000.0,-0.8431,1.6438,4.8177,1.8924,19.5521,80.3124,8.8612,7.8772298507463,1.6822315488193995,0.032945431044099,10.298773482726,1.462557719715,0.18922786703961,0.7346167067720899,0.67477772578381,0.27268587783777,1.0,0.1836336434007699,0.093800819618812,0.32522227421619,0.0532,0.0816,0.0319,1.5630000000000002,7.3608,0.46572146990215,0.25349581162192,0.49,0.2140704383018999,0.0044777404632739,-66.0402,55.0836,50.0738,0.4072,1.3966,0.50731421884143,0.58273551066641,3.7681,0.13294727464161,3.4297025223391,7.4444,0.7937,0.1179,0.601,0.21355623495739,0.10660980810235,0.13294727464161,1.1193317422434,0.8673712021136101,34.8594,3.2698,7.4444,0.7937,0.1179,40.095,111.1,40.0952,55.9955,2909130569.2,5361930569.2,19.5521,1.8924,8.8612,80.3124,1.6438,4.8177,3.4879,12.5162,16.3324,153.19799999999998,0.0511,0.012,1.3966,0.4072,5.7255,0.49,3.7681,2.2767,0.0307,0.601,0.0,0.0,0.1921,0.8934,0.1908,-2.1331,0.0,53.3312,0.0319,0.0532,-1.281,-591700000.0,4899500000.0,-3726600000.0,6202400000.0,231250000.0,178700000.0,208850000.0,55.0836,50.0738,-66.0402,6.6478,1.5630000000000002,7.3608,0.0816,-6.6508,0.0417,0.0628,0.036,0.0533,0.0316,0.0253,0.0208,0.0231,0.0652,0.0183,0.0736,-0.1364,-0.0389,-0.0032,0.0556,0.0251,0.1706,0.091,-0.0025,0.0388,0.0486,0.0065,-0.0608,0.1463,0.1007,0.1278,0.0,0.0,Utilities,,1,2016,,20.247966161072267,,
ARTNA,79089000.0,0.0268,42751000.0,36338000.0,0.0,0.0,9188000.0,27150000.0,6644000.0,21285000.0,8331000.0,0.0,0.0,12954000.0,0.0,12954000.0,1.42,1.41,9115207.0,9098000.0,0.9,0.4595,0.469,0.3531,0.1639999999999999,0.0193,37117000.0,27929000.0,12954000.0,0.2691,0.1638,226000.0,0.0,226000.0,9199000.0,1564000.0,14635000.0,429383000.0,0.0,0.0,1819000.0,436341000.0,450976000.0,5532000.0,8478000.0,19328000.0,102331000.0,110809000.0,0.0,68997000.0,864000.0,319542000.0,338870000.0,0.0,32416000.0,139023000.0,0.0,110583000.0,3646000.0,5318000.0,9188000.0,92000.0,29779000.0,-28251000.0,0.0,0.0,-28155000.0,-5160000.0,1826000.0,-8180000.0,-1607000.0,0.0,17000.0,1528000.0,-0.3927,2.0268,2.0268,3.5602,21.7535,183.9249,9.4553,8.8386158030827,3.3279614105627995,0.031078420429024,9.8543023412453,1.8932488868748,0.3531338112759,0.76211106734935,0.6085976039464399,0.4594570673545,1.0,0.34328414823806,0.16379016045215,0.39140239605356,0.0305,0.0932,0.0363,3.7176,48.2691,0.18419220136801,0.17537296884978,0.757,0.4876345198675499,0.011692880794702,-13.3531,42.4539,25.5305,0.2457,0.7971,0.4239871723692199,0.44353405488488,4.2036,0.26874170870597,3.2438948950893,3.2731,0.168,0.0248,0.634,0.37652518049286,0.0513113267739009,0.26874170870597,1.054086581006,0.81740825121462,8.693,1.4238,3.2731,0.168,0.0248,15.281,49.569,15.2806,12.1795,281568744.23,392151744.23,21.7535,3.5602,9.4553,183.9249,2.0268,2.0268,4.9584,10.5653,13.1687,256.6438,0.046,0.0054,0.7971,0.2457,2.9793,0.757,4.2036,2.2988,0.0291,0.634,0.0,0.0,0.0,0.9487,0.3572,-3.0748,0.0012,22.0662,0.0363,0.0305,-1.1515,-4693000.0,450976000.0,-324235000.0,542231000.0,8542000.0,5223000.0,1638500.0,42.4539,25.5305,-13.3531,9.2588,3.7176,48.2691,0.0932,-3.1052,0.0624,0.0706,0.0703,0.1459,0.127,0.119,0.0154,0.0173,0.0309,0.0483,-0.8019,0.0165,0.0336,0.067,0.1096,0.1138,0.146,0.0189,0.0324,0.0336,0.0303,0.1666,-0.087,0.0448,0.0347,-0.0445,0.0,0.0,Utilities,,1,2016,,28.12567945848249,,
NOVT,384758000.0,0.0299,222306000.0,162452000.0,32002000.0,81299000.0,129497000.0,32955000.0,4559000.0,32522000.0,10519000.0,0.0,0.0,22003000.0,0.0,22003000.0,0.63,0.63,34443526.0,34694000.0,0.0,0.4222,0.149,0.0964,0.057,0.1205,57438000.0,37081000.0,22003000.0,0.0845,0.0572,68108000.0,0.0,68108000.0,63769000.0,59745000.0,199250000.0,35421000.0,169871000.0,0.0,10651000.0,226387000.0,425637000.0,32213000.0,7366000.0,70496000.0,70554000.0,77920000.0,0.0,10973000.0,0.0,96271000.0,166767000.0,-27715000.0,-167547000.0,258870000.0,0.0,9812000.0,7628000.0,30917000.0,20357000.0,4293000.0,47788000.0,-1425000.0,-11440000.0,0.0,-12865000.0,-18773000.0,-1634000.0,0.0,-23189000.0,-3585000.0,8149000.0,46363000.0,-0.0132,2.8894,8.4044,1.9292,34.2063,16.1261,15.5323,15.645260316397,1.9431842872663,-0.0,15.430859361398,2.8881511955808,0.096374864200355,0.8770529381623999,0.67655740729352,0.4222186413278,1.0,0.085651240520015,0.0571865952104959,0.32344259270648,0.134,0.085,0.07,3.4931,6.4497,10.862426244318,0.90395806755522,2.826,1.8707018837948,0.9661257376305,-98.0942,60.4943,30.5588,0.1831,0.301,0.21417383068629,0.2313607886219899,8.1336,0.61329568788501,1.6442113802295,1.3774,1.336,1.9631,0.0,0.12420274562192,0.97018079852683,0.61329568788501,33.535438596491,33.535438596491,11.09,0.6342,1.3774,1.336,1.9631,7.462000000000001,7.372000000000001,7.4615,2.2459,742257985.3,752069985.3,34.2063,1.9292,15.5323,16.1261,2.8894,8.4044,1.9547,13.0936,15.7376,16.2213,0.0292,0.0625,0.301,0.1831,0.1708,2.826,8.1336,2.1719,0.0,0.0,0.2113,0.0832,0.3991,0.0298,0.0037,-0.07,0.0112,10.2819,0.07,0.134,0.0438,128754000.0,255766000.0,32483000.0,195082000.0,60478500.0,28307000.0,59655500.0,60.4943,30.5588,-98.0942,6.3619,3.4931,6.4497,0.085,-0.0411,0.0289,-0.2756,0.139,-0.3822,-0.3883,-0.3824,0.0033,0.0025,0.0,0.4301,0.6564,0.0406,0.0604,0.0041,-0.0156,-0.0603,0.4353,0.0363,0.0166,0.0,0.0,0.1151,0.003,0.0231,0.0544,-0.1867,0.0309,-0.0091,Technology,,1,2016,,132.01856969912393,,
INTT,40227000.0,0.0344,19849000.0,20378000.0,3660000.0,12572000.0,16232000.0,4146000.0,0.0,4207000.0,1549000.0,0.0,0.0,2658000.0,0.0,2658000.0,0.26,0.26,10376770.0,10313747.0,0.0,0.5066,0.119,0.1046,0.066,0.0982,4806000.0,4207000.0,2658000.0,0.1046,0.0661,28611000.0,0.0,28611000.0,5377000.0,3676000.0,38006000.0,944000.0,2581000.0,175000.0,1110000.0,4838000.0,42844000.0,1368000.0,0.0,5056000.0,0.0,0.0,74000.0,575000.0,0.0,0.0,5056000.0,639000.0,11671000.0,37788000.0,175000.0,-28611000.0,342000.0,3688000.0,599000.0,269000.0,4288000.0,-339000.0,0.0,0.0,-339000.0,0.0,-978000.0,0.0,-978000.0,-70000.0,2901000.0,3949000.0,0.5994,1.2506,1.3423,1.1866,17.6923,12.014,11.1318,11.064187546642,1.1793878787879,-0.0,15.82485147732,1.2555106435906,0.10458149998757,1.0,0.63180413596387,0.50657518582047,1.0,0.10306510552614,0.066075024237452,0.36819586403613,0.0784,0.0703,0.2824,9.0224,11.1804,42.613347457627,0.93891793483335,7.517,6.7223101265823,5.6588212025316,-67.5974,48.7883,12.4126,0.0,0.0,0.0,0.0,0.0,0.338810207895055,1.1337990896581,0.4158,0.2769999999999999,2.7741,0.0,0.10659507296095,0.9209421641791,0.338810207895055,12.648967551622,12.648967551622,3.9003,0.2577,0.4158,0.2769999999999999,2.7741,3.664,3.904,3.6638,0.0,47733142.0,19122142.0,17.6923,1.1866,11.1318,12.014,1.2506,1.3423,0.4754,3.9788,4.4595,4.8423,0.0565,0.0827,0.0,0.0,-5.9532,7.517,0.0,1.6132,0.0,0.0,0.3125,0.091,0.0602,0.0791,0.0084,-0.5659,0.0067,4.6386,0.2824,0.0784,0.6903,32950000.0,40263000.0,32950000.0,6596000.0,4886000.0,1138500.0,3598000.0,48.7883,12.4126,-67.5974,8.2331,9.0224,11.1804,0.0703,-0.0329,0.0898,0.6287,0.6183,0.4283,0.4444,0.4444,-0.0152,-0.0153,0.0,0.2258,0.3622,-0.0349,0.0084,-0.1161,0.0455,-0.2332,-0.0461,0.0725,0.0682,0.0,0.0,0.2234,0.0443,0.0715,0.0682,0.0,-0.0699,0.0304,Technology,,1,2016,,88.04347386657619,,
POST,5225800000.0,0.0396,3651700000.0,1574100000.0,0.0,867400000.0,1053800000.0,520300000.0,314800000.0,74400000.0,26100000.0,0.0,0.0,48300000.0,13500000.0,34800000.0,0.51,0.5,66156938.0,67800000.0,0.0,0.3012,0.136,0.0745,0.0069999999999999,0.0376,712300000.0,389200000.0,48300000.0,0.0142,0.0092,1530100000.0,0.0,1530100000.0,480600000.0,573500000.0,2615900000.0,1690700000.0,7385900000.0,0.0,0.0,9260900000.0,11876800000.0,336000000.0,22100000.0,704400000.0,7149100000.0,7171200000.0,0.0,905800000.0,0.0,8382700000.0,9087100000.0,-40000000.0,-376000000.0,2780000000.0,0.0,5641100000.0,31700000.0,346300000.0,323100000.0,23600000.0,386700000.0,-190400000.0,-1915200000.0,0.0,-2090800000.0,2374000000.0,-304400000.0,0.0,2053100000.0,33300000.0,382300000.0,196300000.0,-0.9651,2.1071,0.0,1.1185,173.2353,30.5152,15.115,15.490380139643,1.1462608595813,-0.0,20.594314193458,2.1547230215827,0.07447663515634,0.19116135662898,0.6491935483871,0.30121703853955,1.0,0.099563703165066,0.0092426040032148,0.3508064516129,0.0134,0.0174,0.0337,4.8251,9.708,3.0909090909091,0.44000067358211,3.714,2.8544860874503,2.1722032935832,-57.3233,33.5679,23.4682,0.6038,2.5796,0.72001490568128,0.7206367071308001,1.2363,0.053924029451138,4.2722302158273,5.7035,2.8953,22.5678,0.0,0.073998239503999,0.5076286527023499,0.053924029451138,2.030987394958,2.030987394958,77.0767,0.7124,5.7035,2.8953,22.5678,41.003,66.237,41.0029,105.7699,5844965472.3,11486065472.3,173.2353,1.1185,15.115,30.5152,2.1071,0.0,2.198,16.1253,29.7028,58.5128,0.0058,0.0336,2.5796,0.6038,7.9196,3.714,1.2363,11.1121,0.0,0.0,0.166,0.0,0.6219,0.4924,0.0364,-0.5893,0.0045,21.9353,0.0337,0.0134,-1.1071,1911500000.0,4490900000.0,-6471200000.0,9427600000.0,432800000.0,300200000.0,538300000.0,33.5679,23.4682,-57.3233,12.0744,4.8251,9.708,0.0174,-2.8083,0.0173,0.4081,-0.0465,2.2254,2.2439,2.2195,-0.0145,0.016,0.0,-0.2303,-0.4846,0.2249,0.0827,0.0632,0.0734,-0.1331,0.0,0.0269,-0.1067,0.0,0.0,0.2483,0.1399,0.2688,-0.0624,0.5714,0.0,0.033,Consumer Defensive,,1,2017,,,12.19787829080055,
JBSS,846635000.0,-0.1107,704712000.0,141923000.0,0.0,81446000.0,81446000.0,60477000.0,2910000.0,54138000.0,18013000.0,0.0,0.0,36125000.0,0.0,36125000.0,3.19,3.17,11281167.0,11317149.0,5.0,0.1676,0.086,0.0674,0.043,0.0494,72607000.0,57048000.0,36125000.0,0.0639,0.0427,1955000.0,0.0,1955000.0,64830000.0,182420000.0,253377000.0,125462000.0,0.0,0.0,9095000.0,144682000.0,398059000.0,50047000.0,33806000.0,109873000.0,25211000.0,59017000.0,0.0,0.0,0.0,52718000.0,162591000.0,-4404000.0,123190000.0,235468000.0,0.0,57062000.0,4172000.0,26020000.0,15559000.0,2504000.0,52668000.0,-10885000.0,0.0,0.0,-10543000.0,14011000.0,63000.0,-56464000.0,-42390000.0,0.0,-265000.0,41783000.0,-0.0808,3.0077,3.0077,0.8339,19.6176,16.9501,13.4043,13.254653160082,0.8245537600444101,0.0808828501023609,9.9888725967909,2.9647173825539,0.0673820477537549,0.94899032393774,0.6672762200302901,0.1676318602467399,1.0,0.071432199235798,0.042668918719401,0.33272377996971,0.1343,0.1534,0.1181,4.2999,4.995,6.7481388787043,2.1269083226356,2.306,0.60783814039846,0.0177932704122029,-94.483,27.9494,21.5762,0.1483,0.2506,0.096712815378301,0.20040749104369,19.6041,0.8924208278970501,1.6905014694141,4.6538,6.608,0.1727,1.567,0.062208625913174,0.79332801701223,0.8924208278970501,4.8385852090032,0.7820160655688999,74.8099,3.1921,4.6538,6.608,0.1727,20.806,35.173,20.8063,5.2148,705975430.86,763037430.86,19.6176,0.8339,13.4043,16.9501,3.0077,3.0077,0.9013,10.5091,14.4877,18.2619,0.051,0.0592,0.2506,0.1483,0.7859,2.306,19.6041,1.4579,0.0799,1.567,0.0962,0.0,0.0,0.2067,0.0129,-0.6996,0.003,38.6439,0.1181,0.1343,0.1286,143504000.0,398059000.0,90786000.0,345248000.0,71459000.0,46883000.0,169496500.0,27.9494,21.5762,-94.483,11.8478,4.2999,4.995,0.1534,-0.9618,0.0324,0.142,0.1376,0.1885,0.1771,0.1828,0.0074,0.0062,1.5,-0.4099,-0.4371,0.0275,0.0196,0.257,0.6257,0.1487,0.1024,0.0211,0.004,0.0,0.4938,-0.1698,0.1651,0.0176,-0.0695,0.3132,0.0,-0.0339,Consumer Defensive,,0,2017,,,-9.61810163976538,
AXTA,4377000000.0,0.0695,2780500000.0,1596500000.0,65300000.0,995400000.0,1232800000.0,363700000.0,147000000.0,178600000.0,141900000.0,11000000.0,0.0,36700000.0,0.0,36700000.0,0.15,0.15,243630429.0,240400000.0,0.0,0.3647,0.154,0.0744,0.008,0.0948,673100000.0,325600000.0,47700000.0,0.0408,0.0084,772900000.0,0.0,772900000.0,870200000.0,608600000.0,2315600000.0,1388600000.0,2699400000.0,0.0,0.0,4516600000.0,6832200000.0,554900000.0,37700000.0,1082200000.0,3877900000.0,3915600000.0,0.0,152900000.0,0.0,4342200000.0,5424400000.0,-241000000.0,-21400000.0,1276100000.0,0.0,3142700000.0,63900000.0,489600000.0,347500000.0,38500000.0,540000000.0,-125000000.0,-564400000.0,0.0,-689600000.0,419500000.0,-33600000.0,0.0,367300000.0,17100000.0,217700000.0,415000000.0,-0.4026,6.0284,0.0,1.7834,213.6,18.56,14.4554,14.263733333333,1.7597477724469,-0.0,18.352720249591,6.035903142387,0.0743888508110579,0.5485257985258,0.2054871220604699,0.36474754397989,1.0,0.083093442997487,0.0083847384053004,0.79451287793953,0.0139999999999999,0.0288,0.0466,2.2785,7.6904,3.1520956358923,0.64064283832441,2.14,1.5182960635742,0.71419330992423,-79.8917,72.5664,46.2734,0.5731,3.0684,0.75240589833139,0.7542038253365899,2.215,0.13790989886607,5.3539691246767,2.2463,1.7263,3.2151,0.0,0.12337217272104,0.76851851851852,0.13790989886607,4.32,4.32,18.2072,0.1527,2.2463,1.7263,3.2151,5.308,17.191,5.3082,16.2879,7805918945.16,10948618945.16,213.6,1.7834,14.4554,18.56,6.0284,0.0,2.5014,16.266,20.2752,26.3822,0.0047,0.0532,3.0684,0.5731,4.669,2.14,2.215,14.7139,0.0,0.0,0.2274,0.0149,0.3951,0.2315,0.0286,-0.3597,0.0088,4.2353,0.0466,0.0139999999999999,-0.3983,1233400000.0,4132800000.0,-3108800000.0,6193300000.0,836050000.0,514550000.0,569150000.0,72.5664,46.2734,-79.8917,5.2353,2.2785,7.6904,0.0288,-0.52,0.0208,0.2764,-0.1022,-0.0541,-0.0625,-0.0625,0.0097,0.0069999999999999,0.0,-0.0345,-0.0191,0.0,-0.0167,0.0,0.2701,0.0,0.0852,0.0125,0.0523,0.0,0.0,0.0852,0.149,0.1647,0.1234,0.1997,0.1317,0.0371,Basic Materials,,0,2017,,,-26.90387201286234,
UAN,330802000.0,-0.0715,315217000.0,15585000.0,0.0,25630000.0,25308000.0,-9723000.0,62845000.0,-72568000.0,220000.0,0.0,0.0,-72788000.0,0.0,-72788000.0,-0.64,-0.64,113282973.0,113283000.0,0.02,0.0471,0.1939999999999999,-0.0294,-0.22,-0.0126,64263000.0,-9723000.0,-72788000.0,-0.2194,-0.22,49173000.0,0.0,49173000.0,9855000.0,53169000.0,117990000.0,1070454000.0,40969000.0,0.0,0.0,1116286000.0,1234276000.0,23518000.0,0.0,56095000.0,625904000.0,625904000.0,12895000.0,0.0,0.0,628328000.0,684423000.0,0.0,0.0,549853000.0,0.0,576731000.0,5793000.0,32577000.0,73986000.0,3021000.0,10400000.0,-14556000.0,0.0,0.0,-14556000.0,0.0,0.0,-2266000.0,-2266000.0,0.0,-6422000.0,-4156000.0,-1.4382,0.7293,0.7879999999999999,1.2123,0.0,0.0,38.5598,36.676460509615005,1.1530619201214,0.0059407208971949,16.440443012309,0.6937039341424001,-0.0293922044002149,0.80977777777778,0.76746139448392,0.0471127744088609,1.0,-0.0293922044002149,-0.2200349453751799,0.21882097585769,-0.0643,-0.1324,-0.0054,2.9882,5.9424,0.30902962668176,0.26801298899112,2.103,1.0522863000267,0.8766021927088,-61.5661,10.8738,25.9493,0.5071,1.1383,0.53234129161043,0.53234129161043,-0.1547,0.016615966665815,2.2447381391026,0.0918,-0.0367,0.4341,-0.031,0.0314387458358779,-0.39961538461538,0.016615966665815,0.7144820005496,0.61823802163833,2.9201,-0.6425,0.0918,-0.0367,0.4341,4.854,10.534,4.8538,5.5251,401021724.42,977752724.42,0.0,1.2123,38.5598,0.0,0.7293,0.7879999999999999,2.9557,15.2149,94.0147,-235.2629,-0.1808,-0.0104,1.1383,0.5071,8.9745,2.103,-0.1547,-0.1429,0.0056,-0.031,0.0775,0.0,0.0332,1.3996,0.044,-0.1967,0.0091,0.0,-0.0054,-0.0643,-1.4125,61895000.0,1193307000.0,-566433000.0,1713943000.0,11889500.0,26166500.0,55668000.0,10.8738,25.9493,-61.5661,27.823,2.9882,5.9424,-0.1324,-0.1285,-0.7117,-1.4431,-1.4431,-1.7021,-1.4615,-1.4615,0.0967,0.0967,-0.9718,-0.7687,-1.1912,-0.0674,-0.1059,-0.4502,-0.6164,0.0,0.0,-0.045,-0.05,-0.6097,-0.7579,-0.2922,-0.0859,-0.0594,-0.1976,0.0045,0.0,-0.1245,Basic Materials,,0,2017,,,-3.954794763910472,
PCRX,286630000.0,0.0371,87915000.0,198715000.0,57290000.0,161494000.0,223652000.0,-24937000.0,18047000.0,-42471000.0,140000.0,0.0,0.0,-42611000.0,0.0,-42611000.0,-1.07,-1.07,40570002.0,39806000.0,0.0,0.6933,-0.037,-0.0852,-0.149,-0.0052,-10591000.0,-24424000.0,-42611000.0,-0.1482,-0.1487,54126000.0,257221000.0,311347000.0,31658000.0,41411000.0,391110000.0,107046000.0,55197000.0,74193000.0,0.0,237261000.0,628371000.0,14658000.0,324000.0,56217000.0,276173000.0,276497000.0,102000.0,76000.0,0.0,292671000.0,348888000.0,-454000.0,-389136000.0,279483000.0,331414000.0,-34850000.0,6694000.0,41235000.0,13833000.0,31601000.0,17785000.0,-19266000.0,-8460000.0,-196039000.0,-223765000.0,215807000.0,8640000.0,0.0,224162000.0,0.0,18182000.0,-1481000.0,0.0186,6.7266,8.382,6.5534,0.0,0.0,105.6166,103.62765251617,6.429954296479799,-0.0,18.3916598255915,6.5943824848023,-0.085210899068486,0.91005367764399,0.745693393049685,0.6932805358824999,1.0,-0.087000662875484,-0.14866203816767,0.254306606950315,-0.0964,-0.1525,-0.0597,7.1341,7.8865,2.6776339143919,0.45614772164852,6.957000000000001,6.10144618176,0.96280484550937,-171.9276,40.3139,18.6658,0.44,0.9893,0.49702153850584,0.49731465160617,-1.3534,0.064322578545156,2.2483335301253,0.4468,-0.0372,1.3597,0.0,0.0620486341276209,-0.08327242057914,0.064322578545156,0.92312882798713,0.92312882798713,7.2007,-1.0705,0.4468,-0.0372,1.3597,7.021,14.399,7.0211,6.9461,1878391092.6,1843541092.6,0.0,6.5534,105.6166,0.0,6.7266,8.382,6.4318,0.0,103.6571,-1244.7948,-0.0231,-0.0008,0.9893,0.44,3.2905,6.957000000000001,-1.3534,-0.4174,0.0,0.0,0.5634,0.1999,0.0878,1.0833,0.0672,-1.3928,0.1103,0.0,-0.0597,-0.0964,0.0225,334893000.0,573174000.0,42222000.0,739328000.0,30797500.0,11084500.0,36344500.0,40.3139,18.6658,-171.9276,9.3069,7.1341,7.8865,-0.1525,-0.484,0.1952,0.2066,0.2213,-0.1228,-0.049,-0.049,0.069,0.069,0.0,-0.4684,-1.1694,0.4108,0.0874,0.0,-0.1595,0.0,0.0,0.2646,0.1314,0.0,0.0,0.0575,0.324,0.6052,0.1938,1.5428,0.2542,0.0582,Healthcare,,0,2017,,,-7.084230741566451,
CLDX,12743000.0,0.8778,0.0,12743000.0,96171000.0,25003000.0,135070000.0,-122327000.0,0.0,-117313000.0,-24282000.0,0.0,0.0,-93031000.0,0.0,-93031000.0,-10.86,-10.86,9065693.0,8570000.0,0.0,1.0,-8.789,-9.2061,-7.301,-7.9823,-112003000.0,-117313000.0,-93031000.0,-9.2061,-7.3006,40288000.0,99139000.0,139427000.0,1880000.0,0.0,144756000.0,10372000.0,158567000.0,0.0,0.0,170868000.0,315624000.0,1715000.0,0.0,27736000.0,0.0,0.0,0.0,0.0,0.0,51519000.0,79255000.0,2564000.0,-812517000.0,236369000.0,99139000.0,-139427000.0,3449000.0,26021000.0,5310000.0,12312000.0,-99931000.0,-1788000.0,0.0,48256000.0,46468000.0,0.0,51290000.0,0.0,51290000.0,0.0,-2173000.0,-101719000.0,0.3511,1.6879,5.127999999999999,31.1604,0.0,0.0,-3.9735,17.2102230803965,29.456642862748,-0.0,18.3916598255915,1.5880508865376002,-9.2060739229381,0.91005367764399,0.745693393049685,1.0,1.0,-9.5995448481519,-7.3005571686416,0.254306606950315,-0.7303,-0.3936,-0.515,2.0006,0.0,1.2285962205938998,0.040373989303728,5.218999999999999,5.0947144505336,1.4525526391693,0.0,53.8492,49.123000000000005,0.0,0.0,0.0,0.0,0.0,-0.35407886010141,1.3353020066083,-11.6606,-11.869000000000002,4.7011,0.0,-7.842030918935901,0.76045959785188,-0.35407886010141,-55.889821029083,-55.889821029083,1.4869,-10.8554,-11.6606,-11.869000000000002,4.7011,27.581,18.326,27.581,0.0,397077353.4,257650353.4,0.0,31.1604,-3.9735,0.0,1.6879,5.127999999999999,20.219,0.0,-2.5783,-2.533,-0.2479,-0.2562,0.0,0.0,1.2449,5.218999999999999,0.0,1.0742,0.0,0.0,1.9621,7.547000000000001,0.5024,0.0,0.1403,-0.3367,0.9662,0.0,-0.515,-0.7303,0.165,117020000.0,157057000.0,65501000.0,89033000.0,1832000.0,1727500.0,0.0,53.8492,49.123000000000005,0.0,6.9558,2.0006,0.0,-0.3936,-0.2086,0.8778,0.0873,0.0797,0.2762,0.4281,0.4281,0.2661,0.2661,0.0,0.1159,0.1215,-0.1258,0.352,0.0,0.0,0.0,0.0,0.0207,-0.0808,0.0,0.0,0.0538,0.0,-0.1767,-0.2966,0.0,-0.0638,-0.3051,Healthcare,,0,2017,,,-93.15068481220062,
APTV,12884000000.0,0.0497,10270000000.0,2614000000.0,0.0,952000000.0,1198000000.0,1416000000.0,140000000.0,1578000000.0,223000000.0,73000000.0,0.0,1355000000.0,0.0,1355000000.0,5.07,5.06,265839794.0,267160000.0,18.317,0.2029,0.176,0.1333,0.105,0.0598,2264000000.0,1718000000.0,1428000000.0,0.1225,0.1052,1597000000.0,0.0,1597000000.0,2440000000.0,1083000000.0,5641000000.0,2804000000.0,3163000000.0,91000000.0,0.0,6528000000.0,12169000000.0,2227000000.0,17000000.0,3540000000.0,4132000000.0,4149000000.0,0.0,0.0,0.0,5112000000.0,8652000000.0,-471000000.0,2118000000.0,3299000000.0,91000000.0,2552000000.0,521000000.0,1296000000.0,546000000.0,62000000.0,1468000000.0,-698000000.0,-324000000.0,-21000000.0,-1252000000.0,779000000.0,-383000000.0,-310000000.0,456000000.0,86000000.0,758000000.0,770000000.0,-0.1132,6.8358,165.8177,1.7503,16.7318,29.4327,15.3618,15.432166179837,1.758337469109,0.0136838639283999,12.536846268551,6.8670566692937,0.13334368208631,0.91850989522701,0.8586818757921401,0.2028873020801,1.0,0.10990375659733,0.10516920211115,0.14131812420786,0.2762,0.4107,0.1296,1.7,13.2688,4.5948644793153,1.0587558550415,1.594,1.140395480226,0.45112994350282,-38.4903,69.1245,63.0903,0.3409,1.2577,0.556048983986,0.5570622986036501,12.2714,0.3538201976379899,3.688693543498,5.4948,2.8822,5.9777,3.613,0.1139397702576799,0.5245231607629399,0.3538201976379899,2.1031518624642,1.4563492063492,48.2258,5.0719,5.4948,2.8822,5.9777,12.348,33.71,12.3484,15.53,22551189725.02,25103189725.02,16.7318,1.7503,15.3618,29.4327,6.8358,165.8177,1.9484,11.088,17.1003,32.6015,0.0598,0.0341,1.2577,0.3409,1.1272,1.594,12.2714,1.0834,0.2159,3.613,0.0739,0.0,0.2599,0.4755,0.0542,-1.2784,0.0048,37.6254,0.1296,0.2762,-0.1335,2101000000.0,9006000000.0,-3011000000.0,8018000000.0,2285000000.0,2023500000.0,971000000.0,69.1245,63.0903,-38.4903,5.6385,1.7,13.2688,0.4107,-2.6127,-0.0484,0.088,-0.0799,0.078,0.1022,0.1024,-0.0215,-0.0207,14.7905,-0.2437,-0.4003,0.0007,-0.0224,0.0372,-0.0823,0.0875,0.0407,0.1119999999999999,0.1389,0.0,1.636,0.1455,0.2608,-0.01,0.4041,0.0469,0.0,0.0303,Consumer Cyclical,,0,2017,,,-27.79448238095393,
VAC,2183000000.0,0.0915,1355000000.0,828000000.0,0.0,494000000.0,583000000.0,245000000.0,10000000.0,240000000.0,5000000.0,0.0,0.0,235000000.0,0.0,235000000.0,8.7,8.49,26494634.0,26494634.0,1.45,0.3793,0.124,0.1145,0.108,0.0531,271000000.0,250000000.0,235000000.0,0.1099,0.1077,491000000.0,0.0,491000000.0,1207000000.0,398000000.0,981000000.0,583000000.0,0.0,0.0,0.0,896200000.0,2845000000.0,145000000.0,0.0,530000000.0,1095000000.0,1095000000.0,69000000.0,90000000.0,84000000.0,468464000.0,1804000000.0,17000000.0,529000000.0,1041000000.0,0.0,200578756.0,33128000.0,385000000.0,21000000.0,16000000.0,142000000.0,-26000000.0,0.0,0.0,-38000000.0,322000000.0,-68000000.0,-38000000.0,171000000.0,3000000.0,278000000.0,116000000.0,-0.2034,3.469,3.469,1.6542,15.6667,31.1312,25.4311,24.791961943448,1.6126699935729,0.010794048265048,18.843020649334,3.3818046070792995,0.11452130096198,0.96,0.97916666666667,0.37929454878607,1.0,0.1122308749427399,0.1076500229042599,0.020833333333333,0.1006,0.2257,0.0635,4.1716,3.9314,3.7444253859348,0.7673110720562399,1.8509433962264,3.2037735849057003,0.92641509433962,-107.2103,201.8117,24.2442,0.3849,1.0519,0.5126404494382,0.5126404494382,25.0,0.1296803652968,2.7329490874158995,5.3596,4.378,18.5321,0.1669999999999999,0.065048098946404,0.8169014084506999,0.1296803652968,5.4615384615385,2.21875,82.39399999999999,8.8697,5.3596,4.378,18.5321,39.291,107.38,39.291,41.3291,3611218614.2,3632132306.85,15.6667,1.6542,25.4311,31.1312,3.469,3.469,1.6086,16.7528,19.5413,22.1183,0.0638,0.0321,1.0519,0.3849,1.3019,1.579,25.0,0.6043,0.0106,0.1669999999999999,0.2263,0.0,0.0,0.1831,0.0119,-1.2381,0.0073,87.6996,0.0635,0.1006,-0.1492,123193000.0,2845000000.0,-823000000.0,3449000000.0,1170522000.0,134719500.0,555268000.0,201.8117,24.2442,-107.2103,1.865,4.1716,3.9314,0.2257,-0.9813,0.158,0.2077,0.225,0.9262,0.9908,0.979,-0.0498,-0.0148,0.16,0.0071,0.0943,0.1158,0.1736,0.0249,-0.1477,1.1275,0.5463,0.0348,0.07,0.0,0.7967,0.0643,-0.4414,0.1897,0.2068,0.4853,0.0,0.1382,Consumer Cyclical,,0,2017,,,-47.42806401226877,
ASPS,942213000.0,-0.0552,699865000.0,242348000.0,0.0,192642000.0,192642000.0,49706000.0,22253000.0,32635000.0,-276256000.0,2740000.0,0.0,308891000.0,0.0,308891000.0,16.99,16.53,17904739.0,18183000.0,0.0,0.2572,0.134,0.0583,0.3279999999999999,0.059,126702000.0,54888000.0,311631000.0,0.0346,0.3278,105006000.0,78558000.0,183564000.0,52740000.0,0.0,271641000.0,73273000.0,206348000.0,0.0,303707000.0,593523000.0,865164000.0,84400000.0,5945000.0,109561000.0,403336000.0,409281000.0,9802000.0,0.0,0.0,415618000.0,525179000.0,733000.0,626600000.0,338612000.0,78558000.0,225717000.0,35337000.0,19216000.0,71814000.0,4255000.0,66082000.0,-10514000.0,0.0,0.0,-10326000.0,-59761000.0,-36637000.0,0.0,-100334000.0,0.0,-44578000.0,55568000.0,-0.4462,1.4784,3.785,0.5368,1.6627,9.244,7.6543,7.7732173663025,0.54517370276148,-0.0,8.066263752742701,1.5169862556554,0.058254343763034,0.59457440606326,9.4650222154129,0.25721147978217,1.0,0.052754525781325,0.3278356380139099,-8.465022215412901,1.3125,0.9122,0.0539,2.5794,0.0,12.858938490302998,1.0890571036243,2.479,2.1568258778215,0.95842498699355,0.0,20.4307,32.6954,0.4731,1.2087,0.54361761201594,0.54724539472893,2.4665,0.16145875327709,2.5550305364252,3.6343,3.056,5.775,0.0,0.070134884574932,0.84089464604582,0.16145875327709,6.285143618033099,6.285143618033099,51.8183,16.9879,3.6343,3.056,5.775,18.622,36.233,18.6224,22.509,505808876.75,731525876.75,1.6627,0.5368,7.6543,9.244,1.4784,3.785,0.7764,5.7736,11.07,13.1645,0.6014,0.1099,1.2087,0.4731,1.7815,2.479,2.4665,0.2139,0.0,0.0,0.2045,0.0,0.2385,0.1591,0.0112,-0.1464,0.0045,85.4664,0.0539,1.3125,-0.5013,162080000.0,658816000.0,-253538000.0,853530000.0,70280500.0,83767500.0,0.0,20.4307,32.6954,0.0,13.4065,2.5794,0.0,0.9122,-0.5782,-0.2113,-0.1689,-0.2365,9.7654,10.1046,10.3219,-0.0274,-0.0469,0.0,-0.4789,-0.4634,0.1632,0.0127,-0.0614,-0.2645,0.291,0.3979,0.2238,1.1523,0.0,0.0,-0.3995,0.0,0.2553,4.7281,-0.1357,0.0,-0.1005,Industrials,,0,2017,,,-20.38938134117464,
ULBI,85531000.0,0.0372,59299000.0,26232000.0,4737000.0,15019000.0,19756000.0,6476000.0,183000.0,6279000.0,-1369000.0,16000.0,0.0,7648000.0,0.0,7648000.0,0.49,0.48,15627513.0,15528000.0,0.0,0.3067,0.104,0.0756,0.089,0.0687,8889000.0,6462000.0,7664000.0,0.0734,0.0894,18330000.0,0.0,18330000.0,14657000.0,26326000.0,61916000.0,7570000.0,27543000.0,0.0,32000.0,35270000.0,97186000.0,8787000.0,0.0,14239000.0,0.0,0.0,0.0,4035000.0,0.0,3898000.0,18137000.0,-1611000.0,-82894000.0,79203000.0,0.0,-18330000.0,2603000.0,5452000.0,2427000.0,653000.0,7270000.0,-1392000.0,0.0,0.0,-1392000.0,0.0,1429000.0,0.0,1403000.0,343000.0,7624000.0,5878000.0,0.1805,1.2825,1.9662,1.1876,13.2653,17.1711,13.9723,13.883356258597,1.180063368837,-0.0,13.416807289909,1.2743456687247,0.075551554407174,0.97168059424327,1.2180283484631,0.30669581789059,1.0,0.075715237750056,0.089417871882709,-0.21802834846313,0.1384,0.0966,0.0625,2.7998,3.4362,11.298678996037,0.88007531949046,4.348,2.3166654961725,1.2873095020718002,-162.043,62.5481,37.4982,0.0,0.0,0.0,0.0,35.3115,0.2308282208588999,1.227049480449,0.4682,0.379,1.1804,0.0,0.084998421624908,0.80852819807428,0.2308282208588999,5.2227011494253,5.2227011494253,5.5082,0.4925,0.4682,0.379,1.1804,5.101,4.485,5.1007,0.0,101578834.5,83248834.5,13.2653,1.1876,13.9723,17.1711,1.2825,1.9662,0.9733,9.3654,11.451,14.1628,0.0754,0.0579,0.0,0.0,-2.0621,4.348,35.3115,0.9506,0.0,0.0,0.1756,0.0554,0.2834,0.1915,0.0163,-0.5735,0.0076,7.4749,0.0625,0.1384,0.431,47677000.0,69643000.0,43779000.0,37074000.0,13918000.0,8039500.0,24891000.0,62.5481,37.4982,-162.043,6.1454,2.7998,3.4362,0.0966,-0.0896,0.0448,0.6698,0.721,1.1795,1.1304,1.087,0.0175,0.0294,0.0,-0.05,-0.0864,-0.0117,0.1312,0.1131,0.307,0.0,0.0,0.0384,0.0736,0.0,0.0,0.1121,0.1224,0.1468,0.1442,0.0,-0.2033,-0.0247,Industrials,,1,2017,,,3.8461538461538463,
GTY,120153000.0,0.0424,22345000.0,97808000.0,0.0,13879000.0,44550000.0,53258000.0,17769000.0,47186000.0,0.0,0.0,-2138000.0,47186000.0,0.0,47186000.0,1.26,1.26,39609859.0,36897000.0,1.16,0.8140000000000001,0.6990000000000001,0.5406,0.3929999999999999,-1.2806,84044000.0,64955000.0,47186000.0,0.3927,0.3927,20813000.0,0.0,20813000.0,37322000.0,0.0,196250000.0,837611000.0,0.0,0.0,0.0,373552500.0,1072754000.0,63490000.0,0.0,76336000.0,274000000.0,379158000.0,0.0,0.0,0.0,265982875.0,519059000.0,0.0,-51574000.0,553695000.0,121953000.0,277500000.0,3001.0,12846000.0,19089000.0,1350000.0,56742000.0,-210604000.0,0.0,1876000.0,-206217000.0,79501000.0,117840000.0,-39299000.0,157094000.0,0.0,7619000.0,-153862000.0,-0.35,1.9579,1.9579,9.013,21.6984,0.0,19.0852,16.766084715026,7.9177480287633,0.0413090496570749,14.827402062015,1.718168267548,0.5406023986084401,0.7264413824955699,1.0,0.8140287799721999,1.0,0.44325152097742,0.3927159538255399,0.0,0.03955,0.0852,0.0223,0.5352,0.0,0.1434472565427099,0.11200424328411,2.5708708866066,0.76156728149235,0.27264986376022,0.0,113.3765,192.8695,0.3534,0.6848,0.33103981539094,0.33103981539094,3.6555,0.20708759124088,1.9374457056683,1.5378,-4.17,0.5641,0.921,0.4722478839479699,-2.7116069225618,0.20708759124088,0.26942508214469,0.22705609776593,3.2564,1.2789,1.5378,-4.17,0.5641,15.007,29.074,15.0065,10.2761,1082933545.06,1510759986.96,21.6984,9.013,19.0852,0.0,1.9579,1.9579,11.6369,17.2609,22.992,-8.2766,0.0461,-0.1421,0.6848,0.3534,1.822,1.4535,3.6555,1.2025,0.0424,0.921,0.1155,0.0,0.0,3.7116,1.7528,-11.0327,0.0112,19.8967,0.0223,0.03955,-0.2776,36331500.0,1072754000.0,-322809000.0,1431099000.0,35703000.0,63538000.0,0.0,113.3765,192.8695,0.0,3.3653,0.5352,0.0,0.0852,-5.7079,0.0624,0.1816,0.1103,0.2285,0.125,0.125,0.0914,0.0914,0.1262,0.5388,-6.0744,0.0277,0.0289,0.2677,0.2067,0.2829,0.222,0.0637,0.0719,0.2534,0.1226,0.095,0.0,0.2228,0.1773,0.27,0.0,-0.0195,Real Estate,,1,2017,,,12.817120111976203,
MAYS,19549387.0,0.052,10212761.0,9336626.0,0.0,4616086.0,6298776.0,3037850.0,225938.0,2906539.0,981000.0,0.0,0.0,1925539.0,0.0,1925539.0,0.96,0.96,2015780.0,2015780.0,0.0,0.4776,0.261,0.1602,0.098,0.0961,5095042.0,3132477.0,1925539.0,0.1487,0.0985,6676929.0,0.0,6676929.0,2108364.0,0.0,7243726.0,49485089.0,0.0,2815727.0,6891.0,57605213.0,64848939.0,79103.0,162569.0,2781328.0,5409908.0,5572477.0,0.0,5645135.0,1036197.0,12067200.0,14848528.0,368476.0,45395245.0,50000411.0,2815727.0,-1104452.0,-1541567.0,2539656.0,1962565.0,0.0,3982274.0,-2103042.0,0.0,-571853.0,-2811291.0,-1156846.0,0.0,0.0,-1018614.0,0.0,152369.0,1879232.0,0.0146,1.5118,1.5118,3.8667,39.0625,40.2248,18.9821,18.982056483306,3.8667069202733,-0.0,17.208609271523,1.5118225728185002,0.16023402677537,0.92787241534415,0.6624851756676899,0.47759175262119,1.0,0.1553936192475,0.098496131873598,0.3375148243323099,0.0357,0.0385,0.0342,62.581,0.0,0.39505611478237,0.30146039860421,2.604,3.1586684490287,2.4006262476055,0.0,39.3646,1.4769,0.0859,0.1114,0.09763358337641,0.10027330233404,13.8643,0.7146326489997199,1.2969681189221,1.9755,0.721,3.3123,0.0,0.20370326701292,0.47189922139963,0.7146326489997199,1.8935779694367,1.8935779694367,9.6982,0.9552,1.9755,0.721,3.3123,24.804,32.171,24.8045,2.7644,75591750.0,74487298.0,39.0625,3.8667,18.9821,40.2248,1.5118,1.5118,3.8102,14.6196,18.7047,39.6371,0.0256,0.0249,0.1114,0.0859,-0.2168,2.604,13.8643,2.0681,0.0,0.0,0.2361,0.0,0.0,0.5281,0.1076,-1.0716,0.0,23.1466,0.0342,0.0357,-0.1006,4462398.0,64848939.0,-7604802.0,60963159.0,2312263.5,79723.0,0.0,39.3646,1.4769,0.0,8.4547,62.581,0.0,0.0385,-1.0433,0.0982,0.2239999999999999,0.1992,0.2687,0.28,0.28,0.0,0.0,0.0,0.005,0.2924,0.0341,0.046,0.0213,-0.0125,0.0867,0.3758,0.032,0.0427,0.0,0.0,-0.1621,0.0,0.0205,0.0423,-0.1691,0.0,0.0652,Real Estate,,0,2017,,,-0.7435920910957532,
T,160546000000.0,-0.0198,77810000000.0,82736000000.0,0.0,35465000000.0,62766000000.0,19970000000.0,6300000000.0,14742000000.0,-14708000000.0,397000000.0,0.0,29450000000.0,0.0,29450000000.0,4.77,4.76,6139000000.0,6139000000.0,1.96,0.5153,0.283,0.1311,0.183,0.1081,45429000000.0,21042000000.0,29847000000.0,0.0918,0.1834,50498000000.0,0.0,50498000000.0,16522000000.0,0.0,79146000000.0,125222000000.0,219725000000.0,1560000000.0,0.0,364951000000.0,444097000000.0,34470000000.0,38374000000.0,81389000000.0,125972000000.0,164346000000.0,4213000000.0,44469000000.0,0.0,220701000000.0,302090000000.0,7017000000.0,50500000000.0,140861000000.0,1560000000.0,113848000000.0,12126000000.0,8545000000.0,24387000000.0,0.0,38010000000.0,-20647000000.0,2158000000.0,449000000.0,-18943000000.0,36452000000.0,-430000000.0,-12038000000.0,25930000000.0,0.0,44997000000.0,17363000000.0,-0.4812,1.6796,0.0,1.4737,8.0797,13.6265,6.2246,5.6900825966851,1.3471530869657,0.05565932033224,8.645359561073299,1.5354146250559,0.13106523986895,0.70059880239521,1.9976936643603,0.5153413974811,1.0,0.12438802586175,0.18343652286572,-0.99769366436033,0.2395,0.2091,0.0357,1.2705,0.0,1.2820910063726998,0.36151111131127,0.972,0.8234528007470301,0.6204523952868299,0.0,37.5626,78.3673,0.3701,1.1667,0.4721005272960999,0.53847388821357,3.34,0.23128034755942,3.1527321259965,6.1916,2.8280000000000003,8.2258,0.411,0.23675457501277,0.45680084188371,0.23128034755942,1.8409454157989,1.162918770078,26.1518,4.7972,6.1916,2.8280000000000003,8.2258,22.945,36.549,22.9453,26.7708,236597060000.0,350445060000.0,8.0797,1.4737,6.2246,13.6265,1.6796,0.0,2.1828,7.7141,9.2198,20.1834,0.1238,0.0734,1.1667,0.3701,2.5061,0.972,3.34,1.2907,0.0509,0.411,0.2209,0.0,0.4948,0.5432,0.1286,-0.8466,0.0,49.6243,0.0357,0.2395,-0.9423,-2243000000.0,224372000000.0,-222944000000.0,256831000000.0,16658000000.0,32804000000.0,0.0,37.5626,78.3673,0.0,9.6378,1.2705,0.0,0.2091,-3.3633,-0.0446,-0.1364,-0.1518,1.2696,1.2714,1.2667,-0.0003,-0.001,0.0208,-0.0112,0.0258,0.0311,0.008,-0.0214,0.0082,0.3027,0.569,0.0713,0.0988,0.0218,0.0213,-0.0162,0.0,0.0997,0.1443,0.3306,0.0,-0.0375,Communication Services,,0,2017,,,-21.56611624702857,
TMUS,40604000000.0,0.0831,17708000000.0,22896000000.0,0.0,12259000000.0,18243000000.0,4653000000.0,1671000000.0,3161000000.0,-1375000000.0,0.0,0.0,4536000000.0,55000000.0,4481000000.0,5.39,5.2,831964098.0,831850073.0,0.0,0.5639,0.266,0.119,0.11,-0.0346,10816000000.0,4832000000.0,4536000000.0,0.0778,0.1117,1219000000.0,0.0,1219000000.0,5501000000.0,1566000000.0,8915000000.0,22196000000.0,37266000000.0,0.0,0.0,61648000000.0,70563000000.0,8710000000.0,1612000000.0,11515000000.0,26707000000.0,28319000000.0,779000000.0,3537000000.0,0.0,36489000000.0,48004000000.0,8000000.0,-16074000000.0,22559000000.0,0.0,27100000000.0,629000000.0,1193000000.0,5984000000.0,306000000.0,3831000000.0,-5237000000.0,0.0,4319000000.0,-6745000000.0,-724000000.0,-427000000.0,0.0,-1367000000.0,0.0,-4281000000.0,-1406000000.0,-0.5086,2.3774,0.0,1.3122,11.8813,0.0,13.9073,13.905423825351,1.3119810529731002,-0.0,7.5071818301516,2.3614379482654,0.11900305388632,0.65418046357616,1.4349889275546002,0.5638853314944301,1.0,0.11459462121958,0.11171313171116,-0.4349889275545699,0.2315,0.2011,0.0489,1.346,30.3355,1.8293386195711,0.5754290492184301,0.774,0.5835866261398199,0.1058619192357799,-32.2786,49.4499,78.2965,0.4013,1.2553,0.5420979986197401,0.55660599866347,2.8917,0.13528020057205,3.1279312026242,4.6054,-1.69,1.4654,0.0,0.094350310314255,-0.3670060036544,0.13528020057205,0.73152568264273,0.73152568264273,48.8117,5.4529,4.6054,-1.69,1.4654,27.119,40.028,27.1191,34.0434,53278980835.92,80378980835.92,11.8813,1.3122,13.9073,0.0,2.3774,0.0,1.9796,7.4315,20.9812,-57.1685,0.0842,-0.0264,1.2553,0.4013,2.5055,0.774,2.8917,0.8549,0.0,0.0,0.3019,0.0,0.5281,1.367,0.129,-0.8752,0.0075,57.1558,0.0489,0.2315,-0.7337,-2600000000.0,33297000000.0,-39089000000.0,48882000000.0,5175500000.0,7993500000.0,1338500000.0,49.4499,78.2965,-32.2786,7.8454,1.346,30.3355,0.2011,-6.2956,0.0934,0.191,0.4473,2.1893,2.152,2.0769,0.0114,0.0465,0.0,0.3786,0.2689,0.0579,0.0996,-0.0859,-0.0365,0.0,1.61,0.1888,0.1172,0.0,0.0,0.1342,0.4095,0.0709,0.2231,0.0192,0.0,0.0774,Communication Services,,0,2017,,,-0.6714558073523107,
GEOS,73721000.0,0.1879,94404000.0,-20683000.0,13782000.0,20238000.0,33640000.0,-54323000.0,39000.0,-54108000.0,2683000.0,0.0,0.0,-56791000.0,0.0,-56791000.0,-4.32,-4.32,13439566.0,13134071.0,0.0,-0.2806,-0.492,-0.7334,-0.77,0.181,-36303000.0,-54069000.0,-56791000.0,-0.7340000000000001,-0.7704,15092000.0,36137000.0,51229000.0,12490000.0,76687000.0,86367000.0,53861000.0,0.0,8195000.0,982000.0,119329000.0,205696000.0,2599000.0,0.0,10505000.0,0.0,0.0,1568000.0,37000.0,0.0,37000.0,10542000.0,-14230000.0,125517000.0,195154000.0,44332000.0,-51229000.0,-54039000.0,7906000.0,17766000.0,5732000.0,10091000.0,3252000.0,0.0,-8710000.0,-5458000.0,0.0,50000.0,0.0,50000.0,147000.0,4830000.0,13343000.0,0.2102,1.2215,1.2215,3.3052,0.0,17.8461,24.1462,23.59733497473,3.2300254639791,-0.0,11.234890548032,1.2201682119249,-0.7334273816144701,0.7067277784072299,0.99139784946237,-0.28055777865194,1.0,-0.73687280422132,-0.77035037506274,0.0082133491662956,-0.4378,-0.291,-0.2358,10.0373,0.8136,1.3687269081525002,0.35839782980709,8.222000000000001,6.065587815326,1.4366492146597,-296.4997,61.8392,12.8679,0.0,0.0,0.0,0.0,-1386.3846,0.25191532258065,1.0540188773994,0.7683,1.0159,1.1491,0.0,0.13688094301488,1.3222673669607,0.25191532258065,1.0631304544939002,0.8277443045923949,5.613,-4.3239,0.7683,1.0159,1.1491,14.859000000000002,15.661,14.8586,0.0,243659331.58,192430331.58,0.0,3.3052,24.1462,17.8461,1.2215,1.2215,2.6103,0.0,19.0695,14.4218,-0.2383,0.0548,0.0,0.0,1.4112,8.222000000000001,-1386.3846,-0.1777,0.0,0.0,0.2745,0.1869,0.0,0.0,-0.0441,0.183,0.0778,0.0,-0.2358,-0.4378,0.3112,75862000.0,205696000.0,75825000.0,180099000.0,14707500.0,2359500.0,90613500.0,61.8392,12.8679,-296.4997,5.0125,10.0373,0.8136,-0.291,0.2476,-0.0682,0.0224,0.0214,-0.2354,-0.2273,-0.2273,0.0068,0.0068,0.0,6.9534,6.3802,-0.179,-0.3255,-0.257,-0.4721,0.0,0.0,-0.0252,-0.1639,0.0,0.0,-0.262,-0.2664,-0.1926,-0.2071,0.0,-0.005,-0.0601,Energy,,0,2017,,,-23.686156588096427,
BRN,13030000.0,-0.0438,6259000.0,6771000.0,0.0,6976000.0,7807000.0,-1036000.0,6000.0,91000.0,-1080000.0,1143000.0,0.0,1171000.0,0.0,1171000.0,0.14,0.14,8277160.0,8277160.0,0.0,0.5196,0.1,0.0074,0.09,0.1159,1300000.0,97000.0,2314000.0,0.0069999999999999,0.0899,20694000.0,0.0,20694000.0,1414000.0,0.0,25142000.0,6406000.0,0.0,2209000.0,1445000.0,7878000.0,33020000.0,1185000.0,0.0,4798000.0,0.0,0.0,0.0,236000.0,0.0,10039000.0,14837000.0,-1058000.0,15023000.0,17252000.0,2209000.0,-20694000.0,3034000.0,3613000.0,1203000.0,15000.0,-2119000.0,3629000.0,3695000.0,-4413000.0,2911000.0,0.0,0.0,0.0,-370000.0,309000.0,731000.0,1510000.0,1.3813,0.8684,0.8684,1.1498,12.9286,9.9216,-7.0702,7.6751324085287,1.1511160119724,-0.0,27.456185873846003,0.86940885903084,0.0074443591711435,0.93814432989691,12.868131868132,0.51964696853415,1.0,-0.079508825786646,0.089869531849578,-11.868131868132,0.0438,0.0679,-0.0982,3.352,0.0,2.034030596316,0.3946093276801899,5.24,4.6077532305127,4.3130471029596,0.0,39.6094,33.1946,0.0,0.0,0.0,0.0,16.1667,0.25191532258065,1.9139809877116,-0.256,0.1824,2.5001,0.0,-0.16262471220261,0.20952086074774,0.25191532258065,1.0631304544939002,0.8277443045923949,1.5742,0.1415,-0.256,0.1824,2.5001,2.084,3.989,2.0843,0.0,14981659.6,-5712340.4,12.9286,1.1498,-7.0702,9.9216,0.8684,0.8684,-0.4384,0.0,2.6958,-3.783,0.0773,0.1008,0.0,0.0,-15.9185,5.24,16.1667,-1.8096,0.0,0.0,0.5354,0.0,0.0,1.7126,-0.2785,3.0166,0.0012,2.5621,-0.0982,0.0438,0.6878,20344000.0,33020000.0,10305000.0,7528000.0,1321000.0,1304000.0,0.0,39.6094,33.1946,0.0,9.8637,3.352,0.0,0.0679,0.4384,1.3535,1.0229,0.8305,1.3239,1.3182,1.3182,0.0,0.0,0.0,-2.1972,-0.3742,-0.1748,-0.2545,0.0,0.0,0.0,0.2034,-0.1026,-0.035,0.0,0.0,0.1515,0.0,0.046,0.3058,0.0,0.0,0.0409999999999999,Energy,,0,2017,,,-35.74878812523403,
FCNCA,1556167000.0,0.2074,0.0,1556167000.0,0.0,798753000.0,1012469000.0,543698000.0,0.0,543698000.0,219946000.0,0.0,0.0,323752000.0,0.0,323752000.0,26.96,29.1,12010405.0,12010405.0,1.25,1.0,0.422,0.3494,0.208,0.1758,657344000.0,543698000.0,323752000.0,0.3494,0.208,1724077000.0,0.0,1724077000.0,0.0,0.0,533675000.0,1138431000.0,223697000.0,51000000.0,0.0,241985791.0241,34527512000.0,0.0,15000000.0,29960082000.0,884000000.0,1564047000.0,0.0,0.0,29266275000.0,62972732.8446,31193448000.0,-122294000.0,2785430000.0,3334064000.0,30606367000.0,13823213.0,897500.0,29945082000.0,113646000.0,0.0,355258000.0,-81737000.0,304820000.0,-924739000.0,-668672000.0,123365000.0,0.0,-14412000.0,109823000.0,0.0,-203591000.0,273521000.0,0.2547,1.4571,1.5619,3.1219,15.0037,17.7617,13.6752,13.616358607333,3.1084840676637,0.0029793354643412,11.326485563303,1.4508780653653002,0.34938281045672,1.0,0.5954629224311999,1.0,1.0,0.34938281045672,0.2080445093617799,0.4045370775688,0.2621,0.0971,0.0651,0.0,0.0,1.3669401131908998,0.04507034853829,0.0178128684694519,0.0575458037798429,0.0575458037798429,0.0,0.0,0.0,0.0453,0.4691,0.20957481915874,0.21237571650228,0.0,0.395170189099,10.355983568402,29.5792,22.774,143.5486,0.046,0.22829040842018,0.76992214109183,0.395170189099,4.346354772012701,3.6948694214188,129.5682,26.956,29.5792,22.774,143.5486,277.598,2856.175,277.598,130.2243,4858208822.5,4251104343.4,15.0037,3.1219,13.6752,17.7617,1.4571,1.5619,2.7682,7.1206,6.2031,7.3703,0.0667,0.0563,0.4691,0.0453,0.0412,1.887,0.0,1.0973,0.0031,0.046,0.5133,0.0,0.0065,0.2301,0.0525,-0.7192,0.0,410.3547,0.0651,0.2621,-6.3891,209995000.0,34303815000.0,-30659773000.0,34143785000.0,0.0,0.0,0.0,0.0,0.0,0.0,0.0,0.0,0.0,0.0971,-6.8055,0.2074,0.5487,0.5487,0.4358,0.4363,0.5503,0.0,0.0,0.0417,0.5412,0.8398,0.066,0.0796,0.0853,0.1838,0.1584,0.2575,0.0882,0.0183,-0.0093,0.0137,0.0,0.0,0.0466,0.1068,0.0888,0.0,0.0894,Financial Services,,0,2017,,,-6.471169479747429,
OPHC,3572000.0,0.0088,0.0,3572000.0,0.0,2527000.0,4161000.0,-589000.0,0.0,-589000.0,0.0,0.0,0.0,-589000.0,0.0,-589000.0,-0.53,-0.53,1103447.0,1103447.0,0.0,1.0,-0.123,-0.1649,-0.165,0.1333,-440000.0,-589000.0,-589000.0,-0.1649,-0.1649,11665000.0,0.0,11665000.0,0.0,0.0,11981000.0,2593000.0,0.0,432000.0,0.0,241985791.0241,95866000.0,0.0,5000000.0,70297000.0,25655000.0,25701000.0,0.0,0.0,65251000.0,62972732.8446,93321000.0,-250000.0,-31306000.0,2545000.0,80636000.0,13823213.0,897500.0,65297000.0,149000.0,21000.0,570000.0,-94000.0,0.0,17569000.0,17475000.0,-3214000.0,30000.0,0.0,-24020000.0,0.0,-5975000.0,476000.0,-5.303999999999999,2.1158,2.1158,1.5075,0.0,11.3126,9.4471,9.4470550175439,1.5075087793953,-0.0,16.0177529053345,2.1158433634578,-0.16489361702128,1.0,0.642827027866905,1.0,1.0,-0.16489361702128,-0.16489361702128,0.31617658332945,0.2621,-0.2314,0.0651,0.0,0.0,1.3775549556498,0.037260342561492,0.17043401567634,0.16593880250935,0.16593880250935,0.0,0.0,0.0,0.2681,10.0986,0.90975177304965,0.92334337349398,0.0,0.018594030337628,37.66836935167,0.5166,0.409,10.5714,0.0,0.1595744680851099,0.8350877192982499,0.018594030337628,6.063829787234,6.063829787234,3.2371,-0.5338,0.5166,0.409,10.5714,2.306,86.87899999999999,2.3064,23.2916,5384821.36,28974916.54,0.0,1.5075,9.4471,11.3126,2.1158,2.1158,8.4772,0.0,59.8655,96.9061,-0.1086,0.0884,10.0986,0.2681,0.0412,1.887,0.0,-0.9677,0.0,0.0,0.7074,0.0,0.0,0.1649,0.0263,-0.6309,0.0059,0.0,0.0651,0.2621,-19.6493,209995000.0,95866000.0,-81340000.0,109902000.0,0.0,0.0,0.0,0.0,0.0,0.0,0.0,0.0,0.0,-0.2314,-0.0852,0.0088,-0.4874,-0.4874,-0.4874,-0.3947,-0.3947,0.0033,0.0615,0.0,0.0345,0.0578,0.1609,-0.1587,0.0,-0.283,0.0,0.0,-0.2374,-0.1038,0.0,0.0,0.0,0.0,-0.1991,-0.1767,-0.1111,0.0,-0.0288,Financial Services,,0,2017,,,-38.52459160559472,
SR,1740700000.0,0.1323,1265500000.0,475200000.0,0.0,0.0,153500000.0,321700000.0,89100000.0,239200000.0,77600000.0,0.0,0.0,161600000.0,0.0,161600000.0,3.44,3.43,48262027.0,46900000.0,2.1,0.273,0.2769999999999999,0.1886,0.093,-0.0861,482400000.0,328300000.0,161600000.0,0.1374,0.0928,7400000.0,5900000.0,13300000.0,276700000.0,232000000.0,725500000.0,3717200000.0,1171600000.0,64200000.0,0.0,5821200000.0,6546700000.0,257100000.0,577300000.0,1097900000.0,1995000000.0,2572300000.0,32000000.0,768500000.0,34900000.0,3457500000.0,4555400000.0,0.0,614200000.0,1991300000.0,70100000.0,2559000000.0,203500000.0,263500000.0,154100000.0,0.0,288300000.0,-438100000.0,3800000.0,0.0,-433500000.0,104800000.0,146900000.0,-96200000.0,147400000.0,0.0,2200000.0,-149800000.0,-0.7056,1.8266,4.4373,2.0836,21.8459,0.0,12.5803,11.5938329171,1.9202056816223,0.0287808351757379,11.079813495025,1.6785527193291,0.18860228643649,0.7286018885166,0.67558528428094,0.27299362325501,1.0,0.18481070833573,0.092836215315678,0.32441471571906,0.0483,0.0812,0.0334,1.1056,8.0161,0.46828257828473,0.2658896848794,0.6609999999999999,0.26414063211586,0.006740140267784,-66.9143,58.02,53.9102,0.3929,1.2918,0.50046408950656,0.56365588570427,3.6846,0.11207868444583,3.2876512830814,6.1471,-3.194,0.1578,0.61,0.1656230252197399,-0.51959764134582,0.11207868444583,0.6580689340333299,0.53958450308815,37.1151,3.4456,6.1471,-3.194,0.1578,42.458,114.608,42.4584,54.8465,3626891329.05,6185891329.05,21.8459,2.0836,12.5803,0.0,1.8266,4.4373,3.5537,12.8232,21.4564,-41.2943,0.0458,-0.0413,1.2918,0.3929,5.3047,0.6609999999999999,3.6846,1.784,0.0279,0.61,0.0,0.0,0.179,1.5196,0.2517,-2.843,0.0,56.4311,0.0334,0.0483,-1.056,-372400000.0,5375100000.0,-3829900000.0,6842100000.0,254350000.0,234000000.0,217150000.0,58.02,53.9102,-66.9143,6.8437,1.1056,8.0161,0.0812,-9.3412,0.1336,0.1286,0.1396,0.1207,0.0552,0.0586,0.0635,0.0609,0.0714,-0.1218,-5.28,-0.0596,-0.0653,0.0136,0.2153,0.0418,0.134,0.0949,0.0026,0.0481,0.0606,0.1927,0.1468,0.0795,0.0589,0.0417,0.0,0.0,Utilities,,1,2017,,,3.177965151125344,
ARTNA,82235000.0,0.0398,45785000.0,36450000.0,0.0,0.0,9555000.0,26895000.0,6177000.0,21278000.0,7295000.0,0.0,0.0,13983000.0,0.0,13983000.0,1.52,1.51,9193049.0,9175000.0,0.927,0.4432,0.45,0.3339,0.17,-0.0646,37010000.0,27455000.0,13983000.0,0.2587,0.17,952000.0,0.0,952000.0,10324000.0,1519000.0,18985000.0,464384000.0,0.0,0.0,4148000.0,475654000.0,494639000.0,8853000.0,11258000.0,28461000.0,105587000.0,116845000.0,0.0,54663000.0,969000.0,337892000.0,366353000.0,0.0,37903000.0,146644000.0,0.0,115893000.0,6190000.0,8350000.0,9555000.0,423000.0,35779000.0,-41094000.0,0.0,0.0,-41007000.0,1386000.0,1711000.0,-8496000.0,5954000.0,0.0,726000.0,-5315000.0,-0.3379,2.3428,2.3428,4.1709,24.5461,0.0,9.5864,9.1971047262361,4.0014982671612,0.025818747711116,11.769851661713,2.2439595892092004,0.3338602784702399,0.77501365871426,0.6571576275965799,0.4432419286192,1.0,0.32705052593178,0.17003708883079,0.3428423724034199,0.0307,0.0954,0.034,2.8068,53.3474,0.1770840511301,0.16625255994776,0.667,0.3961912792944699,0.033449281472893,-12.1095,45.8231,39.294,0.2362,0.7968,0.41861230380088,0.4434530473757899,4.4447,0.30620908040567,3.3730599274433,3.8996,-0.579,0.1038,0.61,0.43508238584544,-0.14855082590346,0.30620908040567,0.87066238380299,0.72149626940916,8.9629,1.524,3.8996,-0.579,0.1038,15.983,53.912,15.983,12.7351,342992658.19,458885658.19,24.5461,4.1709,9.5864,0.0,2.3428,2.3428,5.5802,12.399,12.8256,-86.3378,0.0407,-0.0155,0.7968,0.2362,3.1314,0.667,4.4447,2.5587,0.0248,0.61,0.0,0.0,0.0,1.1486,0.4997,-4.3008,0.0051,23.3381,0.034,0.0307,-1.0128,-9476000.0,494639000.0,-347368000.0,582071000.0,9761500.0,7192500.0,1541500.0,45.8231,39.294,-12.1095,8.4244,2.8068,53.3474,0.0954,-4.4789,0.0031,-0.017,-0.0094,0.0794,0.0704,0.0709,0.0085,0.0088,0.03,0.2015,-4.4784,0.0194,0.0319,0.0765,0.2333,0.0605,0.1251,0.0323,0.0417,0.0322,0.0301,0.1223,-0.0288,0.0968,0.0459,0.0545,0.0,0.0,Utilities,,0,2017,,,-4.083139394392928,
NOVT,521290000.0,0.3549,300759000.0,220531000.0,41673000.0,101654000.0,162965000.0,57566000.0,7165000.0,73878000.0,13827000.0,2256000.0,0.0,60051000.0,0.0,60051000.0,1.14,1.13,34592138.0,34817000.0,0.0,0.423,0.214,0.1555,0.115,0.1042,111801000.0,81043000.0,62307000.0,0.1417,0.1152,100057000.0,0.0,100057000.0,81482000.0,91278000.0,287879000.0,61718000.0,366036000.0,0.0,11439000.0,438824000.0,726703000.0,39793000.0,9119000.0,98168000.0,225500000.0,234619000.0,0.0,35368000.0,0.0,270067000.0,368235000.0,-17880000.0,-127740000.0,311545000.0,0.0,134562000.0,15062000.0,49256000.0,30758000.0,5493000.0,63378000.0,-9048000.0,-168332000.0,0.0,-177380000.0,149189000.0,-370000.0,0.0,143330000.0,2621000.0,31949000.0,54330000.0,-0.0778,5.5916,0.0,3.3179,43.8596,32.0421,27.2903,27.742410615671,3.3728989621900003,-0.0,18.638612355882,5.6436742685647,0.15546624719446,0.91159014350407,0.8128400877121701,0.4230485909954199,1.0,0.110429895068,0.11519691534463,0.18715991228783,0.2388,0.1928,0.0733,4.0807,6.9035,8.4463203603487,0.71733569284839,2.9330000000000003,1.849268600766,1.0192425230218,-110.7746,57.0526,27.8625,0.3229,0.7531,0.41989032576414,0.42957609802184,11.311,0.27013157502163,2.3325779582404,1.8203,1.56,2.8738,0.0,0.12157915939304,0.85723752721765,0.27013157502163,7.004641909814299,7.004641909814299,14.9723,1.7248,1.8203,1.56,2.8738,8.948,10.359000000000002,8.9481,6.7386,1729606900.0,1864168900.0,43.8596,3.3179,27.2903,32.0421,5.5916,0.0,3.5761,16.674,29.4135,34.312,0.0228,0.0314,0.7531,0.3229,1.2036,2.9330000000000003,11.311,1.0554,0.0,0.0,0.195,0.0799,0.5037,0.1428,0.0174,-0.2942,0.0105,15.1447,0.0733,0.2388,-0.0465,189711000.0,360667000.0,-80356000.0,397061000.0,72625500.0,36003000.0,75511500.0,57.0526,27.8625,-110.7746,7.1778,4.0807,6.9035,0.1928,-0.2599,0.3575,1.1856,0.7468,1.7292,0.8095,0.7937,0.0035,0.0105,0.0,0.3262,0.1718,0.1571,0.1214,0.1668,0.1393,0.2442,0.0,0.0582,0.1339,0.0,0.0,0.2778,0.5278,0.7073,0.1991,2.011,0.3022,0.2504,Technology,,1,2017,,,24.752475247524757,
INTT,66801000.0,0.6606,32111000.0,34690000.0,4301000.0,19802000.0,24103000.0,10587000.0,0.0,3838000.0,2863000.0,0.0,0.0,975000.0,0.0,975000.0,0.09,0.09,10413058.0,10284572.0,0.0,0.5193,0.084,0.0575,0.015,0.0978,5617000.0,3838000.0,975000.0,0.0575,0.0146,13290000.0,0.0,13290000.0,12166000.0,4966000.0,30999000.0,1541000.0,29752000.0,175000.0,0.0,31494000.0,62493000.0,7387000.0,0.0,14419000.0,0.0,0.0,886000.0,4241000.0,0.0,8786000.0,23205000.0,882000.0,12646000.0,39288000.0,175000.0,-13290000.0,577000.0,7032000.0,1779000.0,344000.0,7242000.0,-709000.0,-21962000.0,0.0,-22671000.0,0.0,-62000.0,0.0,-62000.0,170000.0,-15321000.0,6533000.0,0.1459,2.2958,9.4586,1.364,97.2222,13.7747,12.5814,12.426126070146,1.3471355967725,-0.0,18.387040235001,2.2905214060273,0.0574542297270999,1.0,0.25403856175091,0.51930360323947,1.0,0.1584856514123999,0.014595589886379,0.74596143824909,0.0538,0.0248,0.1902,4.4274,15.4596,43.34912394549,1.0689357208007,2.15,1.7654483667383,0.92170053401762,-56.4476,66.4749,40.3625,0.0,0.0,0.0,0.0,0.0,0.29002514668902,1.5906383628588998,0.7042,0.3829999999999999,1.2922,0.0,0.1084115507252899,0.9020988677161,0.29002514668902,10.214386459803,10.214386459803,6.4953,0.0948,0.7042,0.3829999999999999,1.2922,3.82,3.184,3.8201,0.0,91114257.5,77824257.5,97.2222,1.364,12.5814,13.7747,2.2958,9.4586,1.165,13.8551,10.7462,11.9125,0.0103,0.0717,0.0,0.0,-2.366,2.15,0.0,7.4277,0.0,0.0,0.2964,0.0644,0.4761,0.0979,0.0106,-0.3985,0.0051,2.778,0.1902,0.0538,0.0855,16580000.0,32741000.0,7794000.0,5032000.0,8771500.0,4377500.0,4321000.0,66.4749,40.3625,-56.4476,7.6157,4.4274,15.4596,0.0248,-0.0689,0.7023,-0.0877,1.5535,-0.6332,-0.6538,-0.6538,-0.0028,0.0006,0.0,0.6889,0.6543,0.09,0.1747,0.0172,0.1272,-0.147,-0.34,0.0712,0.0506,-1.0,0.0,1.2626,0.3509,0.4586,0.0426,0.0,0.1751,0.5751,Technology,,0,2017,,,-29.942855834960927,
T,170756000000.0,0.0636,79419000000.0,91337000000.0,0.0,36765000000.0,65241000000.0,26096000000.0,7957000000.0,24290000000.0,4920000000.0,583000000.0,0.0,19370000000.0,0.0,19370000000.0,2.85,2.85,7278000000.0,7278000000.0,2.0,0.5349,0.355,0.1888,0.113,0.1338,60677000000.0,32247000000.0,19953000000.0,0.1422,0.1134,5204000000.0,0.0,5204000000.0,26472000000.0,7713000000.0,51427000000.0,148542000000.0,293128000000.0,6245000000.0,0.0,480437000000.0,531864000000.0,43184000000.0,10255000000.0,64420000000.0,166250000000.0,176505000000.0,5948000000.0,59038000000.0,0.0,273560000000.0,337980000000.0,4249000000.0,58753000000.0,184089000000.0,6245000000.0,171301000000.0,12038000000.0,10981000000.0,28430000000.0,0.0,43602000000.0,-20758000000.0,-41711000000.0,-185000000.0,-63145000000.0,-8789000000.0,136000000.0,-13410000000.0,-25989000000.0,0.0,-45532000000.0,22844000000.0,-0.8247,1.1283,0.0,1.2164,10.014,9.0927,4.7639,4.6124045410761,1.1777627890089,0.066679905586505,6.1401200257099005,1.0924610530776,0.18884841528263,0.7532483641889202,0.79744750926307,0.5348977488345901,1.0,0.15282625500714,0.11343671671859,0.20255249073693,0.1429,0.1052,0.0352,1.2361,44.2775,1.149546929488,0.32105199825519,0.7979999999999999,0.49171064886681,0.0807823657249299,-35.448,56.5853,92.3081,0.3319,0.9588,0.47454037375228,0.48948401803691,4.0527,0.24702982918331,2.8891677395172994,5.9909,3.139,0.715,0.7020000000000001,0.2553468106538,0.5239209210586699,0.24702982918331,2.1004913768186,1.2761062982908,23.4619,2.6614,5.9909,3.139,0.715,25.294,32.802,25.2939,24.2519,207714120000.0,379015120000.0,10.014,1.2164,4.7639,9.0927,1.1283,0.0,2.2196,6.2464,8.6926,16.5915,0.0999,0.11,0.9588,0.3319,2.8232,0.7979999999999999,4.0527,2.251,0.0701,0.7020000000000001,0.2153,0.0,0.5511,0.4761,0.1216,-0.7301,0.0,40.2738,0.0352,0.1429,-1.3796,-12993000000.0,238736000000.0,-286553000000.0,345617000000.0,21497000000.0,38827000000.0,3856500000.0,56.5853,92.3081,-35.448,7.9432,1.2361,44.2775,0.1052,-2.8522,0.104,0.5325,0.3068,-0.3423,-0.4025,-0.4013,0.1855,0.1008,0.0204,0.1471,0.3157,-0.0081,-0.0056,-0.0193,0.009,-0.0531,0.0705,0.0793,0.0825,0.0213,0.0208,0.6022,0.0,0.1976,0.1024,0.074,0.0,0.0367,Communication Services,,1,2018,,,,40.618216354998616
TMUS,43310000000.0,0.0666,18354000000.0,24956000000.0,0.0,13161000000.0,19647000000.0,5309000000.0,1357000000.0,3917000000.0,1029000000.0,0.0,0.0,2888000000.0,0.0,2888000000.0,3.4,3.36,848393022.0,849744152.0,0.0,0.5762,0.272,0.1218,0.067,-0.0379,11760000000.0,5274000000.0,2888000000.0,0.0904,0.0667,1203000000.0,0.0,1203000000.0,5865000000.0,1084000000.0,8281000000.0,23359000000.0,37658000000.0,0.0,0.0,64187000000.0,72468000000.0,7941000000.0,841000000.0,10267000000.0,26706000000.0,27547000000.0,698000000.0,4472000000.0,0.0,37483000000.0,47750000000.0,-332000000.0,-12954000000.0,24718000000.0,0.0,26344000000.0,129000000.0,1485000000.0,6486000000.0,424000000.0,3899000000.0,-5541000000.0,-338000000.0,5406000000.0,-579000000.0,-2067000000.0,-1071000000.0,0.0,-3336000000.0,0.0,-16000000.0,-1642000000.0,-0.4882,2.1851,0.0,1.246,18.7088,0.0,13.8411,13.86309964317,1.2480310669296002,-0.0,6.9694919650272,2.1867556237851,0.1217732625259799,0.74270003792188,0.7372989532805699,0.5762179635188199,1.0,0.12258138997922,0.066682059570538,0.2627010467194299,0.1351,0.1168,0.0537,1.3747,32.6868,1.854103343465,0.5976430976431,0.807,0.6884192071686,0.1171715204051799,-21.5572,49.428,66.9237,0.3801,1.1145,0.5193294959552001,0.52706400076533,3.8865,0.14153991360221,2.9317905979448,4.5884,-1.932,1.4157,0.0,0.090025398291388,-0.42113362400616,0.14153991360221,0.7036635986284101,0.7036635986284101,50.9683,3.3987,4.5884,-1.932,1.4157,29.089,40.965,29.0888,32.418,53966280129.42,80310280129.42,18.7088,1.246,13.8411,0.0,2.1851,0.0,1.8543,6.8291,20.5977,-48.91,0.0535,-0.0304,1.1145,0.3801,2.2401,0.807,3.8865,1.3501,0.0,0.0,0.3039,0.0,0.5197,1.4211,0.1279,-0.8543,0.0098,47.191,0.0537,0.1351,-0.7314,-1986000000.0,34810000000.0,-39469000000.0,50887000000.0,5683000000.0,8325500000.0,1325000000.0,49.428,66.9237,-21.5572,7.621,1.3747,32.6868,0.1168,-6.5208,0.09,0.0915,0.141,-0.3555,-0.3692,-0.3538,0.0215,-0.0155,0.0,0.0177,-0.1679,0.0703,0.0847,-0.0272,-0.1168,1.3071,0.5563,0.0656,0.1262,-1.0,0.0,0.0662,-0.3078,0.027,0.0726,-0.0273,0.0,0.0736,Communication Services,,1,2018,,,,20.16548513934049
APTV,14435000000.0,0.1204,11706000000.0,2729000000.0,0.0,993000000.0,1256000000.0,1473000000.0,141000000.0,1317000000.0,250000000.0,40000000.0,0.0,1067000000.0,0.0,1067000000.0,4.04,4.02,263472291.0,264410000.0,0.88,0.1891,0.148,0.1009999999999999,0.074,0.0542,2134000000.0,1458000000.0,1107000000.0,0.0912,0.0739,568000000.0,0.0,568000000.0,2487000000.0,1277000000.0,4777000000.0,3179000000.0,3904000000.0,99000000.0,0.0,7703000000.0,12480000000.0,2334000000.0,306000000.0,3694000000.0,4038000000.0,4344000000.0,0.0,0.0,0.0,5116000000.0,8810000000.0,-694000000.0,2511000000.0,3459000000.0,99000000.0,3776000000.0,445000000.0,1054000000.0,676000000.0,58000000.0,1628000000.0,-846000000.0,-1197000000.0,11000000.0,-2048000000.0,255000000.0,-499000000.0,-233000000.0,-555000000.0,-54000000.0,-1029000000.0,782000000.0,-0.2328,4.6739,0.0,1.1238,15.2401,20.8181,9.9644,9.9443171756757,1.1215343513682,0.014392179029695,9.7447743027179,4.6803551205551,0.10100450294423,0.90329218106996,0.81017463933181,0.18905438171112,1.0,0.1020436439210299,0.073917561482508,0.18982536066819,0.2504,0.3085,0.1107,1.5944,12.2331,4.5407360805285,1.1566506410256,1.293,0.82701678397401,0.15376285868977,-39.8176,62.8857,59.017,0.3481,1.2559,0.5386154461784699,0.5567089580930401,10.3404,0.37476979742173,3.6079791847355,6.1571,2.9575,2.1482,0.218,0.11278143401455,0.4803439803439799,0.37476979742173,1.9243498817967,1.5088044485635002,54.5932,4.0354,6.1571,2.9575,2.1482,13.082,32.434,13.082,16.429000000000002,16221988956.87,19997988956.87,15.2401,1.1238,9.9644,20.8181,4.6739,0.0,1.3854,9.3711,12.2838,25.5729,0.0656,0.0482,1.2559,0.3481,1.7694,1.293,10.3404,1.5258,0.0143,0.218,0.0688,0.0,0.3128,0.5197,0.0586,-1.2515,0.004,34.6038,0.1107,0.2504,-0.2486,1083000000.0,8576000000.0,-4033000000.0,8658000000.0,2463500000.0,2280500000.0,1180000000.0,62.8857,59.017,-39.8176,5.8595,1.5944,12.2331,0.3085,-3.1996,0.044,-0.1513,0.0403,-0.2125,-0.2032,-0.2055,-0.0103,-0.0105,-0.952,0.109,0.0156,0.0243,0.1275,0.018,0.0103,0.0069,-0.0741,0.0691,0.1836,0.0529,-0.0417,0.0193,0.1791,0.0256,0.0594,0.047,0.0,0.0431,Consumer Cyclical,,1,2018,,,,56.96020509887381
AXTA,4696000000.0,0.0729,3106300000.0,1589700000.0,73100000.0,959100000.0,1147600000.0,442100000.0,159600000.0,261300000.0,54200000.0,6200000.0,0.0,207100000.0,0.0,207100000.0,0.87,0.85,238715154.0,238715154.0,0.0,0.3385,0.168,0.0896,0.044,0.0751,790000000.0,420900000.0,213300000.0,0.0556,0.0441,696400000.0,0.0,696400000.0,860800000.0,613000000.0,2309600000.0,1298200000.0,2578800000.0,0.0,0.0,4366100000.0,6675700000.0,522800000.0,42200000.0,1040600000.0,3821800000.0,3864000000.0,0.0,140800000.0,0.0,4324600000.0,5365200000.0,-336100000.0,198600000.0,1205100000.0,0.0,3167600000.0,139400000.0,475600000.0,369100000.0,37300000.0,496100000.0,-143400000.0,-82800000.0,5000000.0,-216100000.0,-87100000.0,-236400000.0,0.0,-341300000.0,-15200000.0,-61300000.0,352700000.0,-0.5666,4.6392,0.0,1.1905,26.9195,15.8512,11.2693,11.269318497642,1.1905257467376,-0.0,12.796087223646,4.6392074572069,0.089629471890971,0.6208125445474,0.7925755836203601,0.33852214650767,1.0,0.09414395229983,0.04410136286201,0.20742441637964,0.0807,0.1719,0.0567,2.1635,7.6883,3.6173162840857,0.7034468295459699,2.219,1.4964443590236003,0.66922929079377,-72.0294,66.9063,40.635,0.5788,3.2064,0.76026974875172,0.76226549091555,2.6372,0.12839026915114,5.539540287113099,2.0782,1.4775,2.9173,0.0,0.10564310051107,0.71094537391655,0.12839026915114,3.4595536959554,3.4595536959554,19.672,0.8676,2.0782,1.4775,2.9173,5.048,17.162,5.0483,16.1867,5590708906.68,8758308906.68,26.9195,1.1905,11.2693,15.8512,4.6392,0.0,1.8651,11.0865,17.6543,24.8322,0.0371,0.0631,3.2064,0.5788,4.0096,2.219,2.6372,2.3955,0.0,0.0,0.2042,0.0156,0.3863,0.2891,0.0305,-0.3885,0.0079,9.9406,0.0567,0.0807,-0.5465,1269000000.0,4096900000.0,-3055600000.0,6223900000.0,865500000.0,538850000.0,610800000.0,66.9063,40.635,-72.0294,5.4258,2.1635,7.6883,0.1719,-0.6007,-0.0043,0.2927,0.2156,4.6431,4.8,4.6667,-0.0069999999999999,-0.0126,0.0,-0.0813,-0.1501,0.0241,0.0382,0.0472,0.0584,0.0,0.3034,0.0017,0.0321,0.0,0.0,-0.0108,0.0072,-0.0229,-0.049,-0.0132,0.1194,-0.0365,Basic Materials,,1,2018,,,,28.70448153428992
POST,6257200000.0,0.1974,4390400000.0,1866800000.0,0.0,975200000.0,1279300000.0,587500000.0,387300000.0,263300000.0,-204000000.0,1100000.0,0.0,467300000.0,10000000.0,457300000.0,6.87,6.16,66620654.0,66600000.0,0.0,0.2983,0.168,0.104,0.073,0.079,1049000000.0,650600000.0,468400000.0,0.0421,0.0747,994500000.0,0.0,994500000.0,462300000.0,484200000.0,2200300000.0,1709700000.0,8038900000.0,5200000.0,0.0,10857200000.0,13057500000.0,365100000.0,22100000.0,792100000.0,7232100000.0,7254200000.0,0.0,778400000.0,0.0,9204900000.0,9997000000.0,-39400000.0,88000000.0,3050400000.0,5200000.0,6259700000.0,259300000.0,404900000.0,398400000.0,30900000.0,719300000.0,-225000000.0,-1454400000.0,0.0,-1676900000.0,654300000.0,-213000000.0,0.0,423400000.0,-2000000.0,-536200000.0,494300000.0,-0.9586,2.1401,0.0,1.0436,14.2678,13.2068,9.0785,9.0756735715279,1.0432992392764,-0.0,14.065521448999,2.1400904799371,0.1039762193952599,0.40470335075315,1.7747816179263,0.29834430735792,1.0,0.0938918366042319,0.074681966374736,-0.7747816179263199,0.1499,0.1532,0.0325,4.6496,11.8317,3.6598233608235,0.4792035228795699,2.778,1.8391617220048,1.2555232925136002,-40.2544,26.9673,21.2973,0.5556,2.3781,0.70334062727936,0.7039768647012,1.6798,0.099156350803672,4.2805861526357,10.8003,7.4219,14.9324,0.0,0.114955571182,0.6871958848880899,0.099156350803672,3.1968888888889,3.1968888888889,93.952,7.0165,10.8003,7.4219,14.9324,45.802,75.354,45.8018,108.9219,6530156505.08,12789856505.08,14.2678,1.0436,9.0785,13.2068,2.1401,0.0,2.044,12.1924,17.781,25.8747,0.0701,0.0757,2.3781,0.5556,5.9673,2.778,1.6798,1.5729,0.0,0.0,0.1559,0.0,0.6157,0.3128,0.036,-0.5648,0.0049,84.1418,0.0325,0.1499,-1.194,1408200000.0,5018600000.0,-7796700000.0,10486200000.0,471450000.0,350550000.0,528850000.0,26.9673,21.2973,-40.2544,13.2722,4.6496,11.8317,0.1532,-3.3784,0.1859,0.6716,0.1292,12.1408,12.4706,11.32,-0.0177,0.0858,0.0,0.8601,1.5181,0.2433,0.0465,0.2426,0.1069,0.721,0.0,-0.0001,-0.0444,0.0,0.0,-0.0381,-0.1557,0.0994,0.1169999999999999,0.0116,0.0,0.1243,Consumer Defensive,,1,2018,,,,21.31657745345522
PCRX,337277000.0,0.1767,86845000.0,250432000.0,55688000.0,177265000.0,234517000.0,15915000.0,21949000.0,-425000.0,46000.0,0.0,0.0,-471000.0,0.0,-471000.0,-0.01,-0.01,41114217.0,40911000.0,0.0,0.7425,0.103,0.0638,-0.001,0.1019,34689000.0,21524000.0,-471000.0,-0.0013,-0.0014,132526000.0,250928000.0,383454000.0,38000000.0,48569000.0,477969000.0,108670000.0,62040000.0,40674000.0,0.0,211384000.0,689353000.0,14368000.0,338000.0,60661000.0,290592000.0,290930000.0,0.0,90000.0,0.0,307466000.0,368127000.0,-280000.0,-388226000.0,321226000.0,291602000.0,-92524000.0,7946000.0,45955000.0,13165000.0,31725000.0,48870000.0,-14514000.0,-6843000.0,41933000.0,20576000.0,0.0,8954000.0,0.0,8954000.0,0.0,78400000.0,34356000.0,0.0523,5.5103,6.8293,5.2442,0.0,51.2281,36.1926,36.01373480663,5.218236701583599,-0.0,62.933760558102,5.4789812157173,0.063816981294307,-0.0197454004831819,0.8188942043933101,0.74251134823898,1.0,0.047186733752969,-0.0013964782656392,0.18110579560675,-0.0009,-0.0015,0.0405,6.5537,7.4967,3.103680868685,0.4892660219075,7.879,6.947692916371301,2.1846985707456,-204.1302,41.1235,15.549,0.422,0.9057,0.47496477710692,0.47525467364528,0.9806,0.1679785515416099,2.1460062385984,1.1945,0.8398,3.2394,0.0,0.1448957385176,0.7030079803560499,0.1679785515416099,3.3670938404299,3.3670938404299,8.2442,-0.0115,1.1945,0.8398,3.2394,7.852,15.334,7.8518,7.1113,1768733615.34,1676209615.34,0.0,5.2442,36.1926,51.2281,5.5103,6.8293,4.9698,48.3211,34.2994,48.7894,-0.0002,0.0194,0.9057,0.422,-2.6672,7.879,0.9806,-103.758,0.0,0.0,0.5256,0.1651,0.09,0.297,0.043,-1.1025,0.0941,0.0,0.0405,-0.0009,0.0621,417308000.0,627313000.0,109842000.0,725056000.0,34829000.0,14513000.0,44990000.0,41.1235,15.549,-204.1302,9.6838,6.5537,7.4967,-0.0015,-0.3548,0.2603,1.8813,1.6382,0.9889,0.9907,0.9907,0.0278,0.0278,0.0,1.7478,24.1978,0.2617,0.0655,0.0,0.1592,0.0,0.0,0.4457,0.0952,0.0,0.0,0.2003,0.1729,0.0969999999999999,0.1184,0.0522,-0.0279999999999999,0.0977,Healthcare,,1,2018,,,,8.399134349454009
CLDX,9538000.0,-0.2515,0.0,9538000.0,66449000.0,19269000.0,195595000.0,-186057000.0,0.0,-151949000.0,-765000.0,0.0,0.0,-151184000.0,0.0,-151184000.0,-14.48,-14.48,11497710.0,10442000.0,0.0,1.0,-15.532,-15.9309,-15.851,-7.9732,-148148000.0,-151949000.0,-151184000.0,-15.9309,-15.8507,24310000.0,69712000.0,94022000.0,3162000.0,0.0,99079000.0,6111000.0,48690000.0,0.0,0.0,56730000.0,155809000.0,1069000.0,0.0,12602000.0,0.0,0.0,0.0,0.0,0.0,19147000.0,31749000.0,2583000.0,-962438000.0,124060000.0,69712000.0,-94022000.0,1895000.0,11533000.0,3801000.0,8081000.0,-75235000.0,-813000.0,342000.0,30287000.0,29816000.0,0.0,29441000.0,0.0,29441000.0,0.0,-15978000.0,-76048000.0,2.7258,0.2815,0.4633,3.6164,0.0,0.0,-0.4585,17.586837223757,3.2498508072971,-0.0,18.141993772599,0.24985552958246,-15.930907947159,0.901848416259375,0.8188942043933101,1.0,1.0,-19.506919689662,-15.850702453345,0.18110579560675,-1.6329,-1.2186,-2.3642,1.2672,0.0,1.5607920144003,0.061215975970579,7.862,7.7117917790827,1.9290588795429,0.0,121.0034,40.9085,0.0,0.0,0.0,0.0,0.0,-0.39247927122975,1.25591649202,-7.205,-7.282999999999999,2.3281,0.0,-7.887921996225599,0.76084407971864,-0.39247927122975,-92.539975399754,-92.539975399754,0.9134,-14.4785,-7.205,-7.282999999999999,2.3281,11.880999999999998,10.258,11.8809,0.0,34493130.0,-59528870.0,0.0,3.6164,-0.4585,0.0,0.2815,0.4633,-6.2412,0.4018,0.7912,0.7828,-4.8267,-2.2047,0.0,0.0,0.6346,7.862,0.0,0.4976,0.0,0.0,2.0202,6.9668,0.3125,0.0,0.0852,-0.2139,0.8472,0.0,-2.3642,-1.6329,1.952,86477000.0,107119000.0,67330000.0,70207000.0,2521000.0,1392000.0,0.0,121.0034,40.9085,0.0,3.7834,1.2672,0.0,-1.2186,-0.0779,-0.2515,-0.2952,-0.521,-0.6251,-0.3333,-0.3333,0.2184,0.2184,0.0,0.2471,0.2524,0.0339,0.0255,0.0,0.0,0.0,0.0,-0.2769999999999999,-0.3577,0.0,0.0,0.6819,0.0,-0.5063,-0.5692,0.0,-0.3091,-0.2293,Healthcare,,0,2018,,,,-40.53333282470703
NOVT,614337000.0,0.1785,352809000.0,261528000.0,51024000.0,115900000.0,190515000.0,71013000.0,9814000.0,59316000.0,10207000.0,1986000.0,0.0,49109000.0,0.0,49109000.0,1.46,1.43,34905121.0,34913000.0,0.0,0.4257,0.173,0.1125,0.08,0.1225,106182000.0,69130000.0,51095000.0,0.0966,0.0799,82043000.0,0.0,82043000.0,83955000.0,104764000.0,281769000.0,65464000.0,360582000.0,0.0,11344000.0,437807000.0,719576000.0,50733000.0,4535000.0,104196000.0,202843000.0,207378000.0,0.0,29728000.0,0.0,247125000.0,351321000.0,-22527000.0,-79092000.0,368255000.0,0.0,125335000.0,11007000.0,48928000.0,37052000.0,7714000.0,89647000.0,-14391000.0,-31199000.0,0.0,-45590000.0,-19395000.0,-5850000.0,0.0,-60164000.0,-1907000.0,-18014000.0,75256000.0,-0.057,5.9702,286.5338,3.5795,43.1507,29.2272,24.5298,24.535333028434,3.5803134110431003,-0.0,23.397609764367,5.972815033061299,0.11252781453827,0.85803558512947,0.82792164002967,0.4257077141699099,1.0,0.11559290747586,0.079938209809925,0.17207835997033,0.2021,0.1334,0.0825,3.4505,6.2674,9.3843486496395,0.85374859639566,2.704,1.5931321739798,0.7873910706745,-108.384,49.8807,30.1423,0.2882,0.5631,0.3551807220477,0.36026079116381,7.044,0.43228789939145,1.9540155598702,2.5677,2.156,2.3499,0.0,0.14592479372071,0.8394703671065401,0.43228789939145,6.229379473281901,6.229379473281901,17.5962,1.4066,2.5677,2.156,2.3499,10.548,10.283,10.5478,5.9399,2199022623.0,2324357623.0,43.1507,3.5795,24.5298,29.2272,5.9702,286.5338,3.7835,21.8903,25.9279,30.886,0.0232,0.0342,0.5631,0.2882,1.1804,2.704,7.044,1.8255,0.0,0.0,0.1887,0.0831,0.5011,0.1605,0.0234,-0.3884,0.0126,18.6181,0.0825,0.2021,-0.0316,177573000.0,358994000.0,-69552000.0,380133000.0,82718500.0,45263000.0,98021000.0,49.8807,30.1423,-108.384,7.4268,3.4505,6.2674,0.1334,-0.4122,0.1859,-0.147,0.2336,-0.1822,0.2807,0.2655,0.0028,0.0055,0.0,0.4145,0.3852,0.136,0.1765,0.122,0.385,0.4566,0.1095,0.0823,0.1423,0.0,0.0,0.0304,0.1477,-0.0098,0.1788,-0.1161,0.2244,0.1401,Technology,,1,2018,,,,38.01498113963244
SR,1965000000.0,0.1289,1518300000.0,446700000.0,0.0,0.0,167000000.0,279700000.0,98400000.0,187700000.0,-26500000.0,0.0,0.0,214200000.0,0.0,214200000.0,4.35,4.33,50669092.0,49100000.0,2.251,0.2273,0.231,0.1456,0.109,-0.0218,454500000.0,286100000.0,214200000.0,0.0955,0.109,4400000.0,13300000.0,17700000.0,305500000.0,232600000.0,659600000.0,4145000000.0,1171600000.0,68700000.0,0.0,6184000000.0,6843600000.0,290100000.0,729100000.0,1321700000.0,1900100000.0,2629200000.0,22700000.0,501200000.0,35500000.0,3266500000.0,4588200000.0,6400000.0,715600000.0,2255400000.0,82000000.0,2611500000.0,103800000.0,302500000.0,168400000.0,0.0,456600000.0,-499400000.0,-28100000.0,0.0,-531700000.0,46300000.0,154700000.0,-108700000.0,89100000.0,0.0,14000000.0,-42800000.0,-0.7151,1.6073,3.3448,1.8584,16.5678,0.0,7.9976,7.5817131625055,1.7617354860051,0.0313997569993889,11.807063212321,1.5348985678815,0.1455979643765899,0.6560643131772099,1.1411827384123998,0.22732824427481,1.0,0.14234096692112,0.10900763358779,-0.1411827384123599,0.0615,0.095,0.0279999999999999,0.8743,8.4589,0.47406513872135,0.28712958092232,0.499,0.24453355526973,0.0033290459257017,-55.9171,56.7468,53.8863,0.3842,1.1657,0.4572494284682999,0.53826311263972,2.9075,0.1736649931538099,3.0343176376696004,9.2994,-0.8717,0.0896,0.517,0.2323664122137399,-0.0937363118703459,0.1736649931538099,0.91429715658791,0.7508633448445999,40.0204,4.3625,9.2994,-0.8717,0.0896,45.935,115.519,45.9348,53.5479,3651721460.44,6263221460.44,16.5678,1.8584,7.9976,0.0,1.6073,3.3448,3.1874,13.7805,13.7171,-146.33700000000002,0.0604,-0.0117,1.1657,0.3842,5.7459,0.499,2.9075,2.1317,0.0312,0.517,0.0,0.0,0.1712,1.0937,0.2541,-2.9656,0.0,66.2466,0.0279999999999999,0.0615,-1.0758,-662100000.0,5672000000.0,-3928600000.0,6975100000.0,291100000.0,273600000.0,232300000.0,56.7468,53.8863,-55.9171,6.7503,0.8743,8.4589,0.095,-10.1711,-0.06,-0.1285,-0.1306,0.3255,0.2645,0.2624,0.0469,0.0489,0.0719,0.5838,0.7143,0.0038,-0.0436,0.08,0.0761,0.1643,0.1124,0.026,0.0804,0.0578,0.0695,0.1041,0.0026,0.0454,0.0819,0.0221,0.0,0.0,Utilities,,1,2018,,,,18.485329861111108
UAN,351082000.0,0.0613,319355000.0,31727000.0,0.0,25023000.0,19212000.0,12515000.0,62588000.0,-50073000.0,-46000.0,0.0,0.0,-50027000.0,0.0,-50027000.0,-0.44,-0.44,113282973.0,113283000.0,0.0,0.0904,0.24,0.0356,-0.142,0.0354,84090000.0,12515000.0,-50027000.0,-0.1426,-0.1425,61776000.0,0.0,61776000.0,61662000.0,63554000.0,193981000.0,1015240000.0,40969000.0,0.0,0.0,1060407000.0,1254388000.0,29765000.0,0.0,122635000.0,628989000.0,628989000.0,68804000.0,0.0,0.0,631927000.0,754562000.0,0.0,0.0,499826000.0,0.0,567213000.0,6989000.0,92870000.0,71575000.0,3017000.0,32234000.0,-19806000.0,0.0,0.0,-19631000.0,0.0,0.0,0.0,0.0,0.0,12603000.0,12428000.0,-1.4727,0.7706,0.8394,1.0971,0.0,30.9915,11.9489,11.365201144754,1.0434767196836998,-0.0,12.571184370318,0.73294685290481,0.035646942879441,-4.0010387534958,0.79334751322953,0.090369201497086,1.0,0.035646942879441,-0.14249377638273,0.20270551495519,-0.046,-0.1001,0.0073,3.6829,6.0156,0.3458118277451599,0.27988309837148,1.582,1.0065478860032,0.50373873690219,-72.6377,64.1065,30.945,0.5014,1.2584,0.55721176632132,0.55721176632132,0.2,0.051247319110509,2.5096493579766004,0.2845,0.1097,0.5453,0.0,0.0918133085717869,0.38555562449587,0.051247319110509,1.6274866202161002,1.6274866202161002,3.0992,-0.4416,0.2845,0.1097,0.5453,4.412,10.711,4.4122,5.5524,385162108.2,952375108.2,0.0,1.0971,11.9489,30.9915,0.7706,0.8394,2.7127,11.3257,29.5457,76.6314,-0.1294,0.0323,1.2584,0.5014,6.7453,1.582,0.2,-0.6443,0.0,0.0,0.0713,0.0,0.0327,0.6144,0.0564,-0.2767,0.0086,0.0,0.0073,-0.046,-1.4554,71346000.0,1213419000.0,-560581000.0,1657997000.0,35758500.0,26641500.0,58361500.0,64.1065,30.945,-72.6377,9.8181,3.6829,6.0156,-0.1001,-0.1748,1.0357,2.2872,2.2872,0.3127,0.3125,0.3125,0.0,0.0,-1.0,2.0994,3.9904,-0.0689,-0.0781,-0.3059,-0.3575,0.0,0.0,-0.0603,-0.0577,-1.0,-1.0,5.2569,0.1953,0.0163,-0.0911,0.0049,0.0,-0.0237,Basic Materials,,1,2018,,,,2.6865951238497123
VAC,2968000000.0,0.3596,1790000000.0,1178000000.0,0.0,725000000.0,1038000000.0,140000000.0,54000000.0,106000000.0,51000000.0,-3000000.0,0.0,55000000.0,0.0,55000000.0,1.64,1.61,47037330.0,47037330.0,1.65,0.3969,0.075,0.0539,0.019,0.0192,222000000.0,160000000.0,52000000.0,0.0357,0.0185,614000000.0,0.0,614000000.0,2363000000.0,863000000.0,1801000000.0,951000000.0,3935000000.0,0.0,0.0,902743000.0,9018000000.0,301000000.0,0.0,1311000000.0,3818000000.0,3818000000.0,383000000.0,318000000.0,171000000.0,492304000.0,5552000000.0,6000000.0,523000000.0,3461000000.0,0.0,3204000000.0,-2039000000.0,1010000000.0,62000000.0,29000000.0,97000000.0,-40000000.0,-1353000000.0,0.0,-1407000000.0,1598000000.0,-96000000.0,-51000000.0,1433000000.0,0.0,123000000.0,57000000.0,-0.966,0.9583,0.0,1.1175,42.9939,58.18600000000001,34.1918,33.873957445546,1.1070666685371,0.015521457648445,34.764747172153,0.94937124305634,0.0539083557951479,0.6625,0.5188679245283,0.39690026954178,1.0,0.047169811320755,0.018530997304582,0.4811320754717,0.1032,0.0159,0.0648,4.7175,4.7074,3.1209253417455,0.3291195387003799,1.373760488177,2.2707856598017,0.46834477498093,-175.9749,290.598,37.0165,0.4234,1.1031,0.52452259925814,0.52452259925814,2.963,0.025405971712939,2.6056053163825,2.0622,1.212,13.0535,1.006,0.0326819407008089,0.58762886597938,0.025405971712939,2.425,1.0659340659341,63.0988,1.1693,2.0622,1.212,13.0535,73.58,108.063,73.5799,81.1696,3316602138.3,6520602138.3,42.9939,1.1175,34.1918,58.18600000000001,0.9583,0.0,2.197,29.3721,67.2227,114.3965,0.0233,0.0172,1.1031,0.4234,14.4324,1.508,2.963,1.7636,0.0234,1.006,0.2443,0.0,0.4363,0.4124,0.0135,-0.6452,0.0098,52.1066,0.0648,0.1032,-1.131,125204000.0,5083000000.0,-3751000000.0,8287000000.0,1785000000.0,223000000.0,630500000.0,290.598,37.0165,-175.9749,1.6627,4.7175,4.7074,0.0159,-0.8504,0.4227,-0.36,-0.4286,-0.7659999999999999,-0.8115,-0.8104,0.7754,0.2143,0.1379,-0.3169,-0.5086,0.0499,0.0314,-0.1462,-0.1815,-0.123,-0.3307,0.1657,0.3339,0.0,0.1626,0.9577,1.1683,2.1698,0.8727,2.4868,0.0,0.4676,Consumer Cyclical,,1,2018,,,,87.27323670157429
ASPS,838202000.0,-0.1104,622165000.0,216037000.0,0.0,175670000.0,187230000.0,28807000.0,26254000.0,-1284000.0,4098000.0,2683000.0,0.0,-5382000.0,0.0,-5382000.0,-0.32,-0.32,16990838.0,17073000.0,0.0,0.2577,0.1,0.0298,-0.006,0.0769,84181000.0,24970000.0,-2699000.0,-0.0015,-0.0064,58294000.0,76054000.0,134348000.0,36466000.0,0.0,201534000.0,45631000.0,173040000.0,0.0,309089000.0,540166000.0,741700000.0,87240000.0,0.0,104378000.0,331476000.0,331476000.0,10108000.0,0.0,0.0,340654000.0,445032000.0,0.0,590655000.0,295431000.0,76054000.0,197128000.0,30720000.0,17138000.0,59211000.0,10192000.0,68402000.0,-3916000.0,15000000.0,0.0,11084000.0,-83921000.0,-36718000.0,0.0,-124283000.0,0.0,-44797000.0,64486000.0,-0.5159,1.2744,3.0761,0.4559,0.0,5.9543,5.5864,5.613458232215401,0.45808978026776,-0.0,9.1914062555684,1.2997003361191002,0.029789955165939,-0.051421706047257,0.77621994218615,0.25773858807304,1.0,0.0343676106714129,-0.0064208866120577,0.22262538214977,-0.0377,-0.0182,0.0359,2.5359,0.0,18.369135017861,1.1301092085748998,1.931,1.6364942804038998,0.55848933683343,0.0,15.8793,37.9892,0.4469,1.122,0.52874828323818,0.52874828323818,0.9511,0.20635581459895,2.5105693038307004,4.0064,3.777,3.4144,0.0,0.081605627283161,0.94275021198211,0.20635581459895,17.467313585291,17.467313585291,49.0952,-0.3152,4.0064,3.777,3.4144,17.304000000000002,33.308,17.304000000000002,19.4152,382123946.62,579251946.62,0.0,0.4559,5.5864,5.9543,1.2744,3.0761,0.6911,6.881,8.4683,8.9826,-0.0142,0.1688,1.122,0.4469,2.3417,1.931,0.9511,-12.7094,0.0,0.0,0.2096,0.0,0.2333,0.0572,0.0047,-0.0661,0.0122,0.0,0.0359,-0.0377,-0.6372,97156000.0,568660000.0,-243498000.0,737464000.0,44603000.0,85820000.0,0.0,15.8793,37.9892,0.0,18.7925,2.5359,0.0,-0.0182,-0.2294,-0.1086,-0.5451,-0.4205,-1.0174,-1.0188,-1.0194,-0.061,-0.0866,0.0,0.0351,0.1605,0.0807,-0.0307,-0.13,-0.2632,0.0,0.0,0.2057,0.8777,0.0,0.0,-0.3086,0.0,-0.1427,-0.0708,-0.1901,0.0,-0.0881,Industrials,,0,2018,,,,-12.691958190641136
INTT,78563000.0,0.1761,39162000.0,39401000.0,4908000.0,22412000.0,27320000.0,12081000.0,0.0,5043000.0,2006000.0,0.0,0.0,3037000.0,0.0,3037000.0,0.29,0.29,10489958.0,10347947.0,0.0,0.5015,0.088,0.0642,0.039,0.1114,6914000.0,5043000.0,3037000.0,0.0642,0.0387,17861000.0,0.0,17861000.0,10563000.0,6520000.0,35621000.0,2717000.0,28649000.0,175000.0,0.0,31566000.0,67187000.0,13954000.0,0.0,21418000.0,0.0,0.0,1258000.0,3389000.0,0.0,2889000.0,24307000.0,783000.0,15683000.0,42880000.0,175000.0,-17861000.0,677000.0,7464000.0,1871000.0,653000.0,10960000.0,-2212000.0,-4123000.0,0.0,-6335000.0,0.0,0.0,0.0,0.0,-54000.0,4571000.0,8748000.0,0.2778,1.4821,4.4656,0.8185,21.1379,7.2511,5.8671,5.787674736313901,0.80741462405967,-0.0,11.757870279144,1.4793123859608,0.064190522256024,1.0,0.6022209002577801,0.50152107226048,1.0,0.1537746776472399,0.03865687410104,0.39777909974222,0.1795,0.0708,0.2706,1.7277,13.6798,28.915347810085,1.1693184693467,1.663,1.3271080399664,0.83392473620319,-60.7681,49.0752,64.8296,0.0,0.0,0.0,0.0,0.0,0.31228467553646,1.5668610074627,1.0591,0.635,1.726,0.0,0.13950587426651,0.7981751824817499,0.31228467553646,4.9547920433996,4.9547920433996,7.5921,0.2935,1.0591,0.635,1.726,4.144,3.724,4.1438,0.0,64303442.54,46442442.54,21.1379,0.8185,5.8671,7.2511,1.4821,4.4656,0.5911,6.7172,4.2374,5.3089,0.0473,0.136,0.0,0.0,-2.5833,1.663,0.0,3.6088,0.0,0.0,0.2853,0.0625,0.4264,0.2018,0.0282,-1.1823,0.0083,5.1949,0.2706,0.1795,0.1759,14203000.0,38538000.0,11314000.0,-741000.0,11364500.0,10670500.0,5743000.0,49.0752,64.8296,-60.7681,6.912999999999999,1.7277,13.6798,0.0708,-0.2138,0.1358,0.314,0.1411,2.1149,2.2222,2.2222,0.0062,0.0041,0.0,0.5134,0.3389999999999999,0.1482,0.2692,0.2383,0.4691,-0.0023,0.1821,0.0663,0.065,0.0,0.0,-0.1318,0.3129,0.0751,0.0848,0.0,0.1411,0.1318,Technology,,0,2018,,,,-16.315053480538975
GTY,136106000.0,0.1328,23649000.0,112457000.0,0.0,14661000.0,48380000.0,64077000.0,22345000.0,47706000.0,0.0,0.0,704000.0,47706000.0,0.0,47706000.0,1.17,1.17,40533322.0,40171000.0,1.31,0.8262,0.688,0.5147,0.351,-0.1337,93687000.0,70051000.0,47706000.0,0.3505,0.3505,48742000.0,0.0,48742000.0,40730000.0,0.0,206464000.0,892415000.0,0.0,0.0,0.0,270265500.0,1161948000.0,62059000.0,0.0,85063000.0,442000000.0,444409000.0,0.0,0.0,0.0,141639000.0,580784000.0,0.0,-57423000.0,581164000.0,119411000.0,393258000.0,116992000.0,23004000.0,23636000.0,1777000.0,63346000.0,-81550000.0,0.0,2604000.0,-75931000.0,61139000.0,30138000.0,-50503000.0,40514000.0,0.0,27929000.0,-18204000.0,-0.3299,2.0564,2.0564,8.7585,25.1368,0.0,18.8186,18.446470438544,8.5852946703305,0.043219993811942,17.71059075859,2.0106374730713,0.51467973491249,0.6810181153730899,1.0,0.82624572024745,1.0,0.47078747446843,0.35050622309083,0.0,0.03985,0.0821,0.03465,0.5584,0.0,0.15251424505415,0.1171360508387599,2.4271892597251,1.0518321714494,0.57301059214935,0.0,109.227,166.4257,0.3825,0.7647,0.43199330703582,0.43199330703582,3.135,0.14331674208145,1.999346139816,1.5769,-0.4529999999999999,1.2134,1.12,0.46541666054399,-0.2873741041265399,0.14331674208145,0.77677498467198,0.4797013320409199,3.3882,1.1876,1.5769,-0.4529999999999999,1.2134,14.467,28.925,14.4673,11.0629,1192085000.02,1587752000.02,25.1368,8.7585,18.8186,0.0,2.0564,2.0564,11.6656,16.9474,25.0648,-87.22,0.0398,-0.0153,0.7647,0.3825,4.1976,1.205,3.135,1.3278,0.0445,1.12,0.1077,0.0,0.0,1.2874,0.5992,-3.4502,0.0131,19.4036,0.03465,0.03985,-0.314,12068000.0,1161948000.0,-374320000.0,1557615000.0,39026000.0,62774500.0,0.0,109.227,166.4257,0.0,3.4876,0.5584,0.0,0.0821,-2.0301,0.1498,0.0785,0.2031,0.011,-0.0714,-0.0714,0.0887,0.0893,0.1293,0.1164,0.8817,0.0193,0.0073,0.0381,0.0198,-0.1074,0.0199,0.0308,0.0595,0.0904,0.0444,0.0913,0.0,0.0831,-0.036,0.1721,0.0,0.0563,Real Estate,,1,2018,,,,18.954858321071445
JBSS,888931000.0,0.05,750032000.0,138899000.0,0.0,82710000.0,82710000.0,56189000.0,3463000.0,49350000.0,16850000.0,0.0,0.0,32500000.0,0.0,32500000.0,2.86,2.84,11345001.0,11383080.0,2.5,0.1563,0.077,0.0594,0.037,0.0595,68243000.0,52813000.0,32500000.0,0.0555,0.0366,1449000.0,0.0,1449000.0,65426000.0,174362000.0,247882000.0,125078000.0,27304000.0,0.0,5024000.0,167971000.0,415853000.0,60340000.0,40509000.0,117193000.0,27356000.0,67865000.0,0.0,0.0,0.0,55658000.0,172851000.0,-3181000.0,127320000.0,243002000.0,0.0,66416000.0,6645000.0,16344000.0,15430000.0,2796000.0,66154000.0,-13229000.0,-21727000.0,0.0,-34968000.0,-2707000.0,16000.0,-28370000.0,-31692000.0,0.0,-506000.0,52925000.0,-0.0774,3.5442,3.9928,0.9656,26.4545,16.2729,12.9752,12.926749125011,0.96200510682606,0.033175227254855,12.953140419032,3.5191321948626,0.059411810365484,0.93442902315718,0.6585612968591701,0.1562539724680499,1.0,0.0632096304437579,0.0365607679336189,0.34143870314083,0.1271,0.1337,0.104,3.8352,4.9830000000000005,7.1070132237484005,2.1376087223129,2.115,0.57063988463475,0.012364219705955,-84.8526,26.8643,24.7759,0.1632,0.2793,0.10118435555819,0.2183087944362099,15.2506,0.97478818242098,1.7113151332088,5.8116,3.692,0.1273,0.8740000000000001,0.074419724365558,0.80002720923905,0.97478818242098,5.0006803235316,1.5902786124666002,78.0923,2.8551,5.8116,3.692,0.1273,21.348000000000003,34.134,21.3476,5.9619,858362775.66,924778775.66,26.4545,0.9656,12.9752,16.2729,3.5442,3.9928,1.0403,13.5513,13.9792,17.4734,0.0378,0.0617,0.2793,0.1632,0.9732,2.115,15.2506,2.0355,0.033,0.8740000000000001,0.093,0.0,0.0657,0.2,0.0149,-0.8574,0.0031,37.064,0.104,0.1271,0.0874,130689000.0,388549000.0,75031000.0,337772000.0,65128000.0,55193500.0,178391000.0,26.8643,24.7759,-84.8526,13.649,3.8352,4.9830000000000005,0.1337,-1.1622,-0.0213,-0.0742,-0.0709,-0.1003,-0.1034,-0.1041,0.0058,0.004,-0.5,0.2561,0.2667,0.0293,-0.0062,0.1204,0.6692,0.0735,0.0279999999999999,0.015,-0.0045,0.2011,0.1856,0.0092,-0.0442,0.0447,0.0261,0.1499,0.0,0.0155,Consumer Defensive,,1,2018,,,,75.45986484126159
ULBI,87190000.0,0.0194,61607000.0,25583000.0,4508000.0,14520000.0,19028000.0,6555000.0,63000.0,6544000.0,-18386000.0,69000.0,0.0,24930000.0,0.0,24930000.0,1.57,1.53,15956677.0,15882000.0,0.0,0.2934,0.103,0.0758,0.286,0.0769,8976000.0,6607000.0,24999000.0,0.0751,0.2859,25934000.0,0.0,25934000.0,16015000.0,22843000.0,67160000.0,10744000.0,26613000.0,0.0,15444000.0,53688000.0,120848000.0,9919000.0,0.0,15386000.0,0.0,0.0,0.0,591000.0,0.0,999000.0,16385000.0,-2786000.0,-58035000.0,104548000.0,0.0,-25934000.0,2368000.0,5467000.0,2369000.0,890000.0,10886000.0,-4185000.0,0.0,0.0,-4185000.0,0.0,826000.0,0.0,1168000.0,-265000.0,7604000.0,6701000.0,0.2408,1.0299,1.3815,1.2353,4.2994,15.9981,9.8941,9.8478320778982,1.2295389379516002,-0.0,14.832609180035998,1.0253998163523002,0.075777038651221,0.99046465869532,3.8095965770171,0.29341667622434,1.0,0.075180639981649,0.28592728523913,-2.8095965770171,0.3988,0.2385,0.0515,2.2375,3.5465,8.115227103499599,0.72148484046074,4.365,2.7264396204342,1.685558299753,-135.3368,67.043,41.5235,0.0,0.0,0.0,0.0,104.873,0.22987598698953,1.155909247427,0.6854,0.422,1.6329,0.0,0.1248537676338999,0.61556127135771,0.22987598698953,2.6011947431302,2.6011947431302,5.4899,1.5697,0.6854,0.422,1.6329,6.582999999999999,5.933,6.5828,0.0,107707569.75,81773569.75,4.2994,1.2353,9.8941,15.9981,1.0299,1.3815,0.9379,9.1102,7.5118,12.2032,0.2326,0.0622,0.0,0.0,-2.8893,4.365,104.873,0.4367,0.0,0.0,0.1665,0.0517,0.2202,0.3844,0.048,-1.7666,0.0102,15.2158,0.0515,0.3988,0.4714,51774000.0,94235000.0,50775000.0,52915000.0,15336000.0,9353000.0,24584500.0,67.043,41.5235,-135.3368,5.6853,2.2375,3.5465,0.2385,-0.2635,-0.0247,0.0224,0.0122,2.2597,2.2041,2.1875,0.0228,0.0308,0.0,0.4974,0.14,0.0399,0.0514,0.1166,0.0906,0.0,1.0687,0.0929,0.1721,0.0,0.0,0.0927,-0.1323,0.2435,0.2905,0.0,-0.0483,-0.0332,Industrials,,1,2018,,,,3.3566401107275885
GEOS,75748000.0,0.0275,64776000.0,10972000.0,10832000.0,19874000.0,31715000.0,-20743000.0,336000.0,-19792000.0,-580000.0,0.0,0.0,-19212000.0,0.0,-19212000.0,-1.45,-1.45,13597041.0,13250867.0,0.0,0.1448,-0.067,-0.2569,-0.254,-0.1124,-5044000.0,-19456000.0,-19212000.0,-0.2613,-0.2536,11934000.0,25471000.0,37405000.0,18581000.0,50467000.0,76654000.0,73169000.0,12349000.0,4740000.0,300000.0,122426000.0,199080000.0,4106000.0,0.0,14735000.0,0.0,0.0,3752000.0,96000.0,0.0,7758000.0,22493000.0,-15619000.0,105954000.0,176587000.0,30211000.0,-37405000.0,-29799000.0,10629000.0,14412000.0,2318000.0,-10401000.0,1886000.0,-4352000.0,10541000.0,7777000.0,0.0,63000.0,0.0,63000.0,-597000.0,-3158000.0,-8515000.0,0.2023,1.0221,1.0989,2.4412,0.0,0.0,-17.779,4.50958264163355,2.3790963616201,-0.0,7.3921879211032,1.0205269425269,-0.2568516660505899,0.79632551966307,0.80618760018279,0.1448487088768,1.0,-0.2738422136558099,-0.25363045889,0.19381239981721,-0.1422,-0.1088,-0.0882,6.1408,1.1914,1.0352471675163002,0.3804902551738,5.202000000000001,3.7995249406176,0.8099083814048199,-284.3716,89.5346,19.7852,0.0,0.0,0.0,0.0,-57.9048,0.31548921789335505,1.1273763074292,-0.7849,-0.6426,0.9006,0.0,-0.13731055605429,0.1832048623091,0.31548921789335505,1.1115809914988501,0.9103737475884199,5.7165,-1.4499,-0.7849,-0.6426,0.9006,13.326,14.092,13.3264,0.0,184919757.6,147514757.6,0.0,2.4412,-17.779,0.0,1.0221,1.0989,1.9474,0.0,-14.1827,-17.3241,-0.1066,-0.046,0.0,0.0,7.4157,5.202000000000001,-57.9048,0.5414,0.0,0.0,0.2624,0.143,0.062,0.1813,-0.0249,0.1309,0.0306,0.0,-0.0882,-0.1422,0.2929,61919000.0,186731000.0,54161000.0,160062000.0,15535500.0,3352500.0,63577000.0,89.5346,19.7852,-284.3716,4.8758,6.1408,1.1914,-0.1088,0.1423,1.5305,0.6402,0.6182,0.6617,0.6644,0.6644,0.0089,0.0089,0.0,-2.0307,-1.6382,-0.2452,-0.0434,0.0,0.0,0.0,0.0,-0.0989,-0.1575,0.0,0.0,0.4877,-0.3419,-0.0322,-0.1032,0.0,-0.214,-0.018,Energy,,1,2018,,,,51.627484823774175
FCNCA,1580581000.0,0.0157,0.0,1580581000.0,0.0,857972000.0,1076971000.0,503610000.0,0.0,503610000.0,103297000.0,0.0,0.0,400313000.0,0.0,400313000.0,33.53,32.21,11810405.0,11938439.0,1.45,1.0,0.395,0.3186,0.253,0.3967,624039000.0,503610000.0,400313000.0,0.3186,0.2533,1124846000.0,0.0,1124846000.0,0.0,0.0,530878000.0,1204179000.0,308645000.0,46000000.0,0.0,316412664.2547,35408629000.0,0.0,0.0,31244747000.0,310000000.0,892154000.0,0.0,0.0,30672460000.0,75510000.0,31919675000.0,-235187000.0,3218551000.0,3488954000.0,32179431000.0,-814846000.0,-593968000.0,31244747000.0,120429000.0,0.0,765800000.0,-138723000.0,-155126000.0,58397000.0,-210891000.0,-873964000.0,-163095000.0,-16779000.0,-563619000.0,0.0,-8710000.0,627077000.0,0.183,1.2711,1.3945,2.8174,11.2452,7.1784,5.815,5.872519391259999,2.8452672465547995,0.0037310086209215,9.5058503552292,1.2889752486926,0.31862334166993,1.0,0.7948869164631399,1.0,1.0,0.31862334166993,0.25326952557319,0.2051130835368599,0.2395,0.1147,0.0759,0.0,0.0,1.3125797742694,0.04463829989012,0.016990952111086,0.0360011236448799,0.0360011236448799,0.0,0.0,0.0,0.0252,0.2557,0.081601409230014,0.081601409230014,0.0,2.4703225806452003,10.14878069473,64.1457,52.526,94.2205,0.043,0.4845053812490499,0.81885218072604,2.4703225806452003,5.5203535102326,4.9246955023087,132.3943,33.5314,64.1457,52.526,94.2205,292.245,2940.0820000000003,292.2454,74.7295,4453113205.25,4220421205.25,11.2452,2.8174,5.815,7.1784,1.2711,1.3945,2.6702,6.7631,5.5111,6.7303,0.0889,0.1408,0.2557,0.0252,-1.3058,1.867,0.0,1.913,0.0038,0.043,0.5428,0.0,0.0087,0.1811,0.0878,-1.1519,0.0,473.0609,0.0759,0.2395,-7.0487,209782000.0,35099984000.0,-31388797000.0,34867292000.0,0.0,0.0,0.0,0.0,0.0,0.0,0.0,0.0,0.0,0.1147,-11.6199,0.0157,-0.0737,-0.0737,0.2365,0.2437,0.1069,-0.006,0.0,0.16,1.1556,1.2926,0.0414,0.0506,0.1326,0.4897,0.1409,0.2416,0.063,0.0691,0.0386,0.0651,0.0,0.0,0.0255,0.0528,-0.4296,0.0,0.0741,Financial Services,,1,2018,,,,40.72891613175509
ARTNA,80411000.0,-0.0222,46177000.0,34234000.0,0.0,0.0,10288000.0,23946000.0,6252000.0,19269000.0,4991000.0,0.0,0.0,14278000.0,0.0,14278000.0,1.55,1.54,9246255.0,9239000.0,0.955,0.4257,0.445,0.3174,0.178,-0.2476,35809000.0,25521000.0,14278000.0,0.2396,0.1776,293000.0,0.0,293000.0,9600000.0,1459000.0,16118000.0,502527000.0,0.0,0.0,2642000.0,513712000.0,529830000.0,8187000.0,17784000.0,37731000.0,115862000.0,133646000.0,0.0,55562000.0,1044000.0,354084000.0,391815000.0,0.0,43362000.0,153251000.0,0.0,133353000.0,4766000.0,11760000.0,10288000.0,192000.0,29141000.0,-49053000.0,0.0,0.0,-49004000.0,16606000.0,956000.0,-8819000.0,19204000.0,0.0,-659000.0,-19912000.0,-0.4136,2.1049,2.1049,4.0096,22.4968,0.0,11.064,10.906560080299,3.9525446431458,0.0277477067236979,12.119385274652,2.0739053402588,0.31738195023069,0.75502527330434,0.7409829259432199,0.42573777219535,1.0,0.29779507778786,0.17756277126264,0.25901707405678,0.0297,0.0932,0.0285,2.2703,54.0034,0.1600132928181,0.15176754808146,0.427,0.26219819246773,0.0077654978664758,-11.5325,43.5761,37.1623,0.2522,0.8721,0.43053289881946,0.46583268559797,4.0821,0.2180461817039,3.4572694468552,3.1541,-2.155,0.0317,0.616,0.36240066657547,-0.6832984454891701,0.2180461817039,0.59407171834546,0.5035423002488201,8.7034,1.5454,3.1541,-2.155,0.0317,16.587,57.347,16.5874,14.4654,322416911.85,455769911.85,22.4968,4.0096,11.064,0.0,2.1049,2.1049,5.667999999999999,12.7278,15.6402,-22.8892,0.0445,-0.0618,0.8721,0.2522,3.724,0.427,4.0821,2.041,0.0274,0.616,0.0,0.0,0.0,1.6833,0.61,-4.768,0.0024,24.0362,0.0285,0.0297,-1.1653,-21613000.0,529830000.0,-375697000.0,625452000.0,9962000.0,8520000.0,1489000.0,43.5761,37.1623,-11.5325,8.0718,2.2703,54.0034,0.0932,-5.3093,-0.0608,-0.0704,-0.1096,0.0211,0.0197,0.0199,0.0069999999999999,0.0055,0.0302,-0.1855,-2.7464,0.0203,0.0041,0.0565,-0.0017,0.1031,0.0699,0.0362,0.0395,0.0302,0.0304,-0.0701,-0.0395,0.0711,0.0378,0.1438,0.0,0.0,Utilities,,1,2018,,,,10.833705548503888
BRN,9368000.0,-0.281,6283000.0,3085000.0,0.0,6262000.0,5320000.0,-2235000.0,7000.0,-2371000.0,-601000.0,352000.0,0.0,-1770000.0,0.0,-1770000.0,-0.21,-0.21,8277160.0,8277160.0,0.0,0.3293,-0.134,-0.2523,-0.1889999999999999,-1.4142,-1253000.0,-2364000.0,-1418000.0,-0.2531,-0.1889,6706000.0,0.0,6706000.0,1965000.0,0.0,12082000.0,16411000.0,0.0,1608000.0,2890000.0,19296000.0,31378000.0,1191000.0,0.0,3629000.0,0.0,0.0,0.0,315000.0,0.0,11510000.0,15139000.0,-514000.0,13253000.0,16026000.0,1608000.0,-6706000.0,3411000.0,2438000.0,1111000.0,-59000.0,-5091000.0,-8157000.0,601000.0,3672000.0,-3884000.0,0.0,0.0,0.0,-1070000.0,-271000.0,-10316000.0,-13248000.0,0.4526,0.9245,0.9245,1.5816,0.0,0.0,-2.9103,4.50958264163355,1.5847474568745,-0.0,7.3921879211032,0.92636429402221,-0.25234842015371,0.79632551966307,0.80618760018279,0.32931255337319,1.0,-0.2385781383433,-0.18894107600342,0.19381239981721,-0.0712,-0.1104,-0.0671,1.9941,0.0,0.57083663396502,0.29855312639429,3.329,2.3893634610085,1.8478919812621,0.0,76.5612,46.4042,0.0,0.0,0.0,0.0,-337.7143,0.31548921789335505,1.9579433420691,-0.6151,-1.6005,0.8102,0.0,-0.54344577284372,0.1832048623091,0.31548921789335505,-0.62412651710188,-0.62412651710188,1.1318,-0.2138,-0.6151,-1.6005,0.8102,1.936,3.791,1.9362,0.0,14816116.4,8110116.4,0.0,1.5816,-2.9103,0.0,0.9245,0.9245,0.8657,0.0,-1.5930000000000002,-0.6122,-0.1173,-0.8942,0.0,0.0,5.352,3.329,-337.7143,2.8763,0.0,0.0,0.6684,0.0,0.0,0.0,0.8707,-7.342,-0.0063,0.0,-0.0671,-0.0712,-0.2063,8453000.0,31378000.0,-3057000.0,21043000.0,1689500.0,1188000.0,0.0,76.5612,46.4042,0.0,5.5448,1.9941,0.0,-0.1104,-0.9855,-0.5444,-25.3711,-1.1573,-2.5115,-2.5,-2.5,0.0,0.0,0.0,-1.4025,-9.7735,-0.1756,-0.1885,0.0,0.0,0.0,0.0,-0.0592,-0.0487,0.0,0.0,0.3897,0.0,-0.0497,-0.071,0.0,0.0,-0.1024,Energy,,0,2018,,,,-30.40540823542868
MAYS,19300882.0,-0.0127,11074396.0,8226486.0,0.0,4598144.0,6373834.0,1852652.0,233474.0,1730141.0,-1244000.0,0.0,0.0,2974141.0,0.0,2974141.0,1.48,1.48,2015780.0,2015780.0,0.0,0.4262,0.209,0.1017,0.154,0.0074,4035603.0,1963615.0,2974141.0,0.0896,0.1541,6879623.0,0.0,6879623.0,1929397.0,0.0,7568090.0,50792984.0,0.0,3141828.0,8792.0,58994383.0,66562473.0,74205.0,168501.0,2456594.0,5264285.0,5432786.0,0.0,4514240.0,1343671.0,11012667.0,13469261.0,487136.0,48369386.0,53093212.0,3141828.0,-1446837.0,-1240930.0,2213888.0,2071988.0,0.0,3226619.0,-3083585.0,0.0,-85246.0,-3168831.0,-162568.0,0.0,0.0,144906.0,0.0,202694.0,143034.0,0.0181,1.5016,1.5016,4.1306,26.723000000000003,557.3787,24.7082,24.708246929681,4.1305935656205,-0.0,22.764381679764,1.5015874157321998,0.10173706051361,0.88109991011476,1.7190165425823998,0.42622331974259,1.0,0.095987945006865,0.1540935279538,-0.71901654258237,0.0532,0.0559999999999999,0.0202,63.5219,0.0,0.3799911027081999,0.2899664199676,3.0810000000000004,3.5858672617453,2.8004721170857,0.0,36.4869,1.4033,0.0816,0.1023,0.090207518667225,0.092826883533024,8.4104,0.5939160865162,1.25369082963,1.6007,0.932,3.4129,0.0,0.16717469180942,0.044329373874015,0.5939160865162,1.0463856193359,1.0463856193359,9.5749,1.4754,1.6007,0.932,3.4129,26.339,33.021,26.3388,2.6951,79724099.0,78277262.0,26.723000000000003,4.1306,24.7082,557.3787,1.5016,1.5016,4.0556,19.3967,24.2598,547.2633,0.0374,0.0018,0.1023,0.0816,-0.3585,3.0810000000000004,8.4104,1.0849,0.0,0.0,0.2382,0.0,0.0,0.9557,0.1598,-1.4882,0.0,29.6157,0.0202,0.0532,-0.074,5111496.0,66562473.0,-5901171.0,62659042.0,2018880.5,76654.0,0.0,36.4869,1.4033,0.0,9.5602,63.5219,0.0,0.0559999999999999,-1.5297,-0.1189,-0.3731,-0.3901,0.5446,0.5417,0.5417,0.0,0.0,0.0,-0.1898,-0.9239,0.0396,0.0068,0.0276,-0.0778,0.3499,0.1043,0.0409999999999999,0.0461,0.0,0.0,-0.0849,0.0,0.0264,0.0619,-0.0251,0.0,-0.0039,Real Estate,,0,2018,,,,-23.125
OPHC,4884000.0,0.3673,0.0,4884000.0,0.0,2708000.0,4088000.0,796000.0,0.0,796000.0,0.0,0.0,0.0,796000.0,0.0,796000.0,0.53,0.53,1813670.0,1813670.0,0.0,1.0,0.196,0.163,0.163,-0.043,955000.0,796000.0,796000.0,0.163,0.163,7983000.0,0.0,7983000.0,0.0,0.0,8297000.0,2668000.0,0.0,6049000.0,0.0,316412664.2547,100145000.0,0.0,19600000.0,82812000.0,29755000.0,30589000.0,0.0,0.0,62378000.0,75510000.0,94839000.0,-330000.0,-30510000.0,5306000.0,87830000.0,41372000.0,314000.0,63212000.0,159000.0,0.0,24000.0,-234000.0,0.0,-5784000.0,-6018000.0,4660000.0,525000.0,0.0,2312000.0,0.0,-3682000.0,-210000.0,-7.6037,1.0254,1.0254,1.114,5.6604,0.0,226.7088,226.70875,1.1140479115478998,-0.0,45.213623036649,1.0254447794949,0.16298116298116,1.0,1.0,1.0,1.0,0.16298116298116,0.16298116298116,0.0,0.2395,0.15,0.0759,0.0,0.0,1.8305847076462,0.048769284537421,0.10019079360479,0.096399072598174,0.096399072598174,0.0,0.0,0.0,0.3054,5.765,0.8486637574513001,0.90292896214852,0.0,0.0004862729206767,18.873916321146,0.0132,0.431,4.4016,0.0,0.0049140049140049,-8.75,0.0004862729206767,0.1025641025641,0.1025641025641,2.6929,0.4389,0.0132,0.431,4.4016,2.926,55.217,2.9256,16.8658,5441010.0,28047010.0,5.6604,1.114,226.7088,0.0,1.0254,1.0254,5.7426,29.3686,1168.6254,-133.5572,0.1767,-0.0386,5.765,0.3054,43.3215,1.867,0.0,0.0302,0.0,0.0,0.5545,0.0,0.0,9.75,0.0479,-1.4717,0.0,5.907,0.0759,0.2395,-15.9055,209782000.0,100145000.0,-86542000.0,122751000.0,0.0,0.0,0.0,0.0,0.0,0.0,0.0,0.0,0.0,0.15,-0.129,0.3673,2.3514,2.3514,2.3514,2.0,2.0,0.6436,0.3511,0.0,-0.9579,-1.4412,0.1039,-0.14,0.0,-0.7277,0.0,0.0,0.0,-0.0183,0.0,0.0,0.0,0.0,0.0446,0.2689,0.1902,0.0,0.0716,Financial Services,,0,2018,,,,-7.666667302449543
