actual_label,predicted_label,predicted_prob_sell,predicted_prob_hold,predicted_prob_buy
Sell,Hold,0.22449973,0.41107097,0.36442927
Buy,Hold,0.3054655,0.56054974,0.1339847
Hold,Hold,0.21585618,0.4933259,0.29081795
Buy,Buy,0.12500542,0.23898841,0.6360061
Buy,Hold,0.27271867,0.37962067,0.34766066
Sell,Sell,0.5422293,0.30108997,0.15668078
Hold,Buy,0.24516897,0.28632563,0.4685054
Sell,Sell,0.54391015,0.18946792,0.2666219
Hold,Sell,0.37299284,0.2832532,0.343754
Sell,Buy,0.28807536,0.3002076,0.41171697
Sell,Sell,0.46810254,0.29561225,0.2362852
Sell,Sell,0.4317104,0.28875366,0.27953595
Buy,Buy,0.2689776,0.29714015,0.43388218
Buy,Hold,0.23139709,0.4455721,0.32303077
Sell,Sell,0.37068695,0.28126234,0.34805068
Hold,Sell,0.3785469,0.29689422,0.32455888
Buy,Sell,0.57351786,0.18022327,0.24625887
Buy,Hold,0.3010562,0.41696587,0.28197792
Buy,Buy,0.039387967,0.21577719,0.74483484
Buy,Buy,0.05198683,0.31670004,0.6313131
Buy,Sell,0.4595073,0.23820935,0.30228338
Buy,Hold,0.34493062,0.37295055,0.28211886
Buy,Hold,0.15877756,0.59950686,0.2417156
Buy,Buy,0.0087121315,0.15467998,0.8366079
Buy,Buy,0.18257931,0.2461826,0.57123816
Sell,Sell,0.49760175,0.30498245,0.19741581
Buy,Sell,0.51999414,0.24114148,0.23886429
Sell,Sell,0.6438012,0.19206367,0.16413513
Sell,Sell,0.5238768,0.19056678,0.28555652
Buy,Sell,0.41843703,0.24206139,0.33950165
Sell,Sell,0.4751951,0.24759793,0.2772069
Hold,Hold,0.21507885,0.5371328,0.24778838
Sell,Sell,0.473031,0.34482253,0.18214643
Hold,Hold,0.18511842,0.5117273,0.30315432
Buy,Hold,0.2865319,0.54981047,0.16365767
Buy,Buy,0.07453641,0.30091196,0.62455165
Buy,Sell,0.5801721,0.26428878,0.155539
Buy,Hold,0.23436327,0.40378976,0.36184695
Sell,Hold,0.19358309,0.5925232,0.21389364
Buy,Buy,0.059499487,0.2253374,0.71516305
Sell,Buy,0.21635559,0.38007107,0.4035733
Hold,Buy,0.15132818,0.2475584,0.60111344
Sell,Sell,0.52621245,0.20443232,0.26935527
Sell,Sell,0.5908748,0.17851973,0.23060551
Hold,Buy,0.1968384,0.3639872,0.43917435
Hold,Sell,0.4799496,0.23192205,0.28812838
Buy,Buy,0.17199299,0.2603614,0.56764567
Buy,Buy,0.15969878,0.37150496,0.46879634
Hold,Sell,0.41365412,0.278346,0.30799982
Buy,Sell,0.55756664,0.20128395,0.24114937
Sell,Sell,0.57489395,0.19637242,0.22873358
Buy,Hold,0.1943929,0.5914695,0.21413757
Buy,Hold,0.29334867,0.43477958,0.2718717
Sell,Hold,0.24276611,0.3864648,0.3707691
Hold,Hold,0.21589419,0.538569,0.24553683
Sell,Sell,0.5615545,0.18142511,0.25702044
Buy,Hold,0.21409082,0.51065147,0.27525762
Sell,Sell,0.48975563,0.2368933,0.27335107
Buy,Hold,0.2264995,0.4461012,0.32739934
Buy,Buy,0.012485653,0.17627294,0.81124145
Sell,Sell,0.3630707,0.31151068,0.32541862
Buy,Sell,0.45894513,0.29947773,0.24157718
Sell,Sell,0.4737943,0.2704851,0.25572053
Buy,Buy,0.084742546,0.30617908,0.6090784
Buy,Buy,0.013757813,0.19423369,0.79200846
Hold,Hold,0.1939963,0.59684,0.2091637
Sell,Sell,0.5553762,0.30734667,0.13727725
Hold,Sell,0.594084,0.22841696,0.17749895
Buy,Buy,0.10881992,0.27753142,0.61364865
Buy,Sell,0.38224283,0.31582412,0.301933
Buy,Sell,0.49333343,0.20612878,0.3005378
Buy,Buy,0.14928837,0.27830064,0.572411
Hold,Hold,0.1943929,0.5914695,0.21413757
Buy,Sell,0.42760414,0.24083398,0.33156183
Buy,Buy,0.25102407,0.3442877,0.40468827
Hold,Hold,0.22857626,0.50877357,0.2626502
Hold,Sell,0.58854616,0.24661614,0.1648377
Sell,Sell,0.48979476,0.20653714,0.3036681
Buy,Buy,0.11848407,0.27639347,0.60512245
Buy,Hold,0.1943929,0.5914695,0.21413757
Buy,Sell,0.50930274,0.20597215,0.28472513
Sell,Sell,0.56704754,0.19975452,0.23319793
Sell,Sell,0.51412237,0.22552866,0.26034898
Sell,Sell,0.568929,0.15470071,0.27637023
Buy,Sell,0.9940923,8.753113e-06,0.005898998
Buy,Buy,0.18874641,0.35085726,0.46039632
Buy,Sell,0.5328977,0.19906247,0.26803976
Buy,Buy,0.07720791,0.31328568,0.60950637
Hold,Hold,0.3321734,0.37526459,0.29256204
Buy,Buy,0.18945749,0.2876498,0.52289265
Buy,Hold,0.31283054,0.40931612,0.27785337
Buy,Hold,0.13549748,0.43914777,0.42535466
Sell,Hold,0.3360738,0.37650096,0.28742522
Buy,Hold,0.28885952,0.48510668,0.22603388
Hold,Sell,0.33717892,0.32813236,0.33468872
Hold,Hold,0.29717293,0.39106533,0.31176177
Sell,Sell,0.57287294,0.17890166,0.24822548
Buy,Buy,0.107377954,0.2530992,0.63952285
Sell,Hold,0.23289905,0.50368494,0.26341593
Buy,Hold,0.3316669,0.4202108,0.24812226
Buy,Buy,0.062138245,0.19911191,0.73874986
Sell,Sell,0.45771143,0.23858121,0.3037074
Buy,Hold,0.3307895,0.34747997,0.3217305
Hold,Sell,0.37160355,0.31885448,0.30954197
Buy,Sell,0.5544702,0.18696481,0.258565
Sell,Hold,0.32321385,0.3729024,0.3038838
Sell,Sell,0.49628693,0.22979902,0.2739141
Buy,Buy,0.284411,0.26071957,0.45486945
Buy,Sell,0.50582623,0.29664445,0.19752936
Hold,Sell,0.5581154,0.19303615,0.2488483
Hold,Sell,0.3888597,0.3806934,0.23044693
Sell,Sell,0.6063514,0.13407242,0.2595762
Hold,Buy,0.30509916,0.29211313,0.40278777
Hold,Hold,0.26250315,0.40689403,0.3306028
Sell,Sell,0.5525832,0.20407856,0.24333829
Sell,Buy,0.3336126,0.3116716,0.3547158
Sell,Sell,0.46149513,0.33562475,0.20288019
Buy,Buy,0.19108808,0.25746968,0.5514422
Sell,Sell,0.5426248,0.2143138,0.24306148
Sell,Sell,0.4143056,0.24563983,0.3400546
Sell,Sell,0.4078925,0.22513917,0.36696824
Sell,Sell,0.38949844,0.22447282,0.38602874
Buy,Hold,0.28481585,0.38582134,0.32936284
Buy,Buy,0.20989963,0.29827368,0.4918267
Sell,Sell,0.4587325,0.28387007,0.25739738
Buy,Buy,0.23096728,0.33276996,0.43626282
Hold,Sell,0.5870107,0.19274707,0.22024222
Buy,Sell,0.4679743,0.21382126,0.3182044
Buy,Buy,0.29295865,0.27960673,0.4274346
Hold,Sell,0.43464893,0.30775377,0.2575973
Hold,Sell,0.41565463,0.30389413,0.2804512
Buy,Sell,0.4016727,0.2125579,0.38576934
Sell,Sell,0.44586602,0.2890469,0.26508707
Sell,Sell,0.5761376,0.17920507,0.24465734
Buy,Buy,0.12499514,0.26201525,0.6129896
Buy,Sell,0.4006563,0.2325112,0.3668325
Sell,Buy,0.31067842,0.25444317,0.4348784
Sell,Sell,0.570708,0.15459578,0.2746962
Sell,Sell,0.5174751,0.20841777,0.27410716
Sell,Sell,0.5420184,0.15661308,0.30136845
Hold,Buy,0.13253224,0.38733768,0.48013002
Buy,Hold,0.23972428,0.5214178,0.23885795
Buy,Buy,0.030816857,0.22128746,0.7478957
Sell,Hold,0.27188364,0.38318378,0.3449326
Hold,Hold,0.1943929,0.5914695,0.21413757
Sell,Sell,0.56065804,0.18811788,0.2512241
Hold,Hold,0.18525723,0.56157535,0.25316748
Buy,Sell,0.36616355,0.2875261,0.34631026
Sell,Sell,0.64130926,0.073825575,0.28486514
Hold,Hold,0.1943929,0.5914695,0.21413757
Hold,Buy,0.27834404,0.3175389,0.40411702
Buy,Hold,0.1692215,0.46876654,0.36201194
Buy,Hold,0.13197361,0.43409562,0.43393075
Hold,Sell,0.61917716,0.14918508,0.23163779
Sell,Buy,0.2771245,0.33044812,0.39242747
Sell,Buy,0.28344548,0.33245826,0.38409624
Sell,Buy,0.33252364,0.31397784,0.3534985
Hold,Buy,0.37975642,0.20856848,0.4116751
Buy,Buy,0.09414669,0.27129495,0.63455826
Hold,Hold,0.27709112,0.45549282,0.2674161
Hold,Buy,0.27884775,0.34233844,0.3788138
Buy,Buy,0.0708439,0.25925726,0.66989887
Hold,Sell,0.42765328,0.24517672,0.32717004
Buy,Hold,0.20240377,0.43347034,0.36412588
Buy,Hold,0.11877937,0.4816564,0.3995642
Buy,Sell,0.52811724,0.23007376,0.241809
Buy,Buy,0.23319964,0.30446485,0.46233556
Buy,Sell,0.562005,0.19464345,0.24335152
Buy,Sell,0.41225818,0.35951373,0.22822809
Buy,Hold,0.32519698,0.35003918,0.32476377
Hold,Hold,0.19358309,0.5925232,0.21389364
Buy,Sell,0.55299205,0.1913499,0.25565812
Buy,Hold,0.2143517,0.4332637,0.35238466
Sell,Buy,0.2215362,0.2728705,0.50559336
Buy,Sell,0.47387257,0.2100825,0.3160449
Sell,Sell,0.46155977,0.23307192,0.30536827
Buy,Buy,0.07125287,0.2345356,0.6942115
Hold,Sell,0.48678562,0.33240485,0.18080956
Buy,Hold,0.29387203,0.38284773,0.32328025
Sell,Buy,0.2349257,0.34744757,0.4176267
Buy,Buy,0.14848316,0.40306237,0.44845447
Hold,Buy,0.32578415,0.31227458,0.36194125
Sell,Sell,0.4889098,0.20384528,0.30724496
Sell,Sell,0.5003974,0.26380214,0.23580049
Sell,Sell,0.5736985,0.24012321,0.18617819
Buy,Buy,0.07668626,0.22523567,0.69807816
Buy,Buy,0.15545575,0.3067343,0.53780997
Hold,Sell,0.4175762,0.2546957,0.32772803
Sell,Sell,0.36166397,0.27934927,0.3589867
Buy,Buy,0.055046376,0.27612644,0.6688272
Hold,Buy,0.047778692,0.21582973,0.7363916
Buy,Hold,0.23239852,0.42221868,0.34538275
Buy,Sell,0.45961434,0.26922223,0.27116337
Sell,Hold,0.28801438,0.39883977,0.31314585
Sell,Sell,0.40835798,0.2122037,0.37943834
Hold,Sell,0.6194956,0.26197624,0.11852818
Sell,Sell,0.58115333,0.17417221,0.24467446
Sell,Sell,0.49428153,0.24019104,0.2655274
Sell,Sell,0.5242896,0.19016476,0.28554562
Buy,Sell,0.49404898,0.18808515,0.31786585
Buy,Buy,0.012971217,0.16417484,0.822854
Hold,Sell,0.39545628,0.3260416,0.27850205
Hold,Hold,0.22027065,0.5469461,0.23278323
Sell,Sell,0.45465997,0.3594261,0.18591401
Sell,Hold,0.26769972,0.4739891,0.2583111
Sell,Sell,0.54980797,0.13925758,0.31093448
Buy,Buy,0.27932784,0.22141415,0.499258
Buy,Buy,0.06700312,0.24574518,0.6872517
Sell,Sell,0.47793853,0.32386163,0.19819988
Buy,Buy,0.24905482,0.31279603,0.4381491
Buy,Buy,0.28182507,0.2742821,0.4438928
Sell,Sell,0.71482605,0.15197924,0.13319473
Hold,Hold,0.19391824,0.59659207,0.20948972
Sell,Sell,0.57050127,0.18498527,0.24451345
Sell,Sell,0.53595126,0.18150754,0.28254122
Buy,Sell,0.47239622,0.2984524,0.22915132
Sell,Sell,0.49806613,0.23419362,0.26774028
Sell,Buy,0.19199678,0.3754676,0.43253553
Buy,Sell,0.44906512,0.29513583,0.2557991
Hold,Buy,0.308489,0.21129447,0.4802165
Sell,Hold,0.24221371,0.4570473,0.300739
Hold,Hold,0.1943929,0.5914695,0.21413757
Hold,Hold,0.32781422,0.4324819,0.23970388
Buy,Buy,0.2348433,0.2617334,0.5034233
Buy,Hold,0.19593143,0.57395726,0.23011133
Buy,Sell,0.5530606,0.17078398,0.27615538
Sell,Sell,0.42354745,0.25388405,0.3225685
Buy,Buy,0.3842159,0.23088203,0.38490206
Sell,Sell,0.46890467,0.22745438,0.30364096
Sell,Buy,0.27071214,0.29206744,0.43722036
Hold,Sell,0.58827454,0.1655786,0.24614684
Hold,Buy,0.33836144,0.31477237,0.3468662
Hold,Hold,0.2345763,0.44134527,0.3240784
Buy,Hold,0.10007072,0.52122307,0.37870628
Sell,Sell,0.43699762,0.26982564,0.2931767
Buy,Buy,0.16086295,0.22294539,0.6161917
Sell,Sell,0.59941036,0.18015619,0.22043344
Buy,Buy,0.1776955,0.36710837,0.4551961
Buy,Hold,0.19550902,0.5694859,0.23500505
Buy,Buy,0.057924133,0.25295705,0.6891188
Buy,Sell,0.4715679,0.25175935,0.27667278
Buy,Buy,0.029843315,0.20958672,0.76056993
Sell,Hold,0.17137805,0.5665106,0.26211134
Buy,Sell,0.38320246,0.2928949,0.3239026
Hold,Hold,0.31181148,0.4410845,0.24710397
Hold,Buy,0.0853515,0.25696558,0.65768296
Hold,Hold,0.29839107,0.42038333,0.28122556
Buy,Buy,0.14908993,0.29310524,0.5578048
Sell,Sell,0.49830204,0.3252078,0.1764902
Sell,Sell,0.4022249,0.31746227,0.28031278
Sell,Sell,0.38928944,0.28752246,0.32318816
Buy,Sell,0.6087508,0.15170068,0.23954847
Buy,Buy,0.025905829,0.17772652,0.79636765
Sell,Sell,0.3758103,0.33596304,0.28822666
Buy,Buy,0.23419775,0.38230082,0.3835014
Buy,Sell,0.5673556,0.18143132,0.25121313
Buy,Hold,0.25177687,0.4493462,0.29887694
Hold,Buy,0.075183384,0.2231817,0.7016349
Buy,Hold,0.2637917,0.4923381,0.24387014
Buy,Buy,0.075463176,0.37540355,0.54913336
Buy,Hold,0.22397068,0.52761245,0.24841687
Sell,Sell,0.52832824,0.29842362,0.1732482
Hold,Sell,0.46383315,0.2799184,0.2562485
Buy,Hold,0.14162523,0.45216277,0.406212
Buy,Sell,0.61450803,0.16156413,0.22392781
Buy,Buy,0.35999483,0.2247997,0.4152055
Buy,Hold,0.33954948,0.3683385,0.292112
Hold,Buy,0.20940349,0.33970416,0.45089236
Buy,Buy,0.13619986,0.24767469,0.61612546
Hold,Hold,0.1943929,0.5914695,0.21413757
Buy,Sell,0.37020066,0.29001367,0.3397857
Sell,Hold,0.2141214,0.42403817,0.36184043
Hold,Buy,0.16536868,0.3987304,0.43590087
Buy,Hold,0.30107534,0.37704515,0.32187948
Sell,Buy,0.26204726,0.29101974,0.44693306
Hold,Hold,0.20149638,0.5384913,0.26001236
Buy,Hold,0.3274241,0.3705824,0.30199346
Buy,Sell,0.4862589,0.28536645,0.22837463
Sell,Hold,0.23062819,0.50085276,0.26851907
Hold,Buy,0.30341455,0.31403133,0.38255408
Buy,Buy,0.077773534,0.2659325,0.65629387
Sell,Sell,0.6360778,0.13405973,0.2298625
Sell,Sell,0.53193027,0.17857042,0.28949934
Buy,Buy,0.120695055,0.24982919,0.6294757
Buy,Hold,0.2588139,0.3778609,0.36332518
Hold,Hold,0.22637476,0.3995993,0.37402585
Sell,Hold,0.29791105,0.40192536,0.30016366
Sell,Sell,0.56928146,0.28155628,0.14916222
Sell,Sell,0.49853778,0.2925183,0.2089439
Sell,Sell,0.5493649,0.21871288,0.23192224
Sell,Sell,0.49377736,0.24770977,0.25851282
Buy,Buy,0.36502725,0.22609732,0.40887544
Hold,Hold,0.1943929,0.5914695,0.21413757
Buy,Buy,0.2377523,0.34667572,0.41557193
Buy,Sell,0.55107486,0.31454107,0.1343841
Buy,Buy,0.2869538,0.22185716,0.49118903
Buy,Buy,0.014849511,0.15357004,0.83158046
Sell,Sell,0.6306555,0.18974902,0.17959535
Sell,Sell,0.58686274,0.17374873,0.23938851
Buy,Buy,0.11483348,0.2803169,0.60484964
Hold,Sell,0.5182901,0.23754358,0.2441663
Hold,Hold,0.1905459,0.60440236,0.20505176
Buy,Buy,0.32010326,0.32791683,0.35197985
Buy,Buy,0.19307071,0.22978391,0.57714534
Sell,Buy,0.3197116,0.25999844,0.42028996
Buy,Hold,0.30076915,0.40837234,0.2908585
Hold,Buy,0.09994251,0.26891863,0.63113874
Buy,Buy,0.034469094,0.19606732,0.76946366
Buy,Sell,0.41008043,0.25394362,0.3359759
Buy,Hold,0.25400203,0.41132456,0.33467343
Buy,Hold,0.35598522,0.36273712,0.28127766
Hold,Buy,0.14736219,0.42550772,0.42713
Hold,Hold,0.34794632,0.434829,0.21722475
Buy,Sell,0.45118016,0.3052691,0.24355073
Buy,Hold,0.18897377,0.59796894,0.2130573
Buy,Sell,0.34645167,0.34427652,0.30927175
Buy,Sell,0.44482473,0.23985721,0.315318
Sell,Sell,0.41937965,0.38990253,0.1907178
Sell,Sell,0.584786,0.27119708,0.14401694
Hold,Hold,0.17254853,0.51140845,0.316043
Sell,Sell,0.51869047,0.19954857,0.28176093
Buy,Buy,0.17457187,0.3373144,0.4881137
Hold,Hold,0.31182396,0.39602783,0.2921482
Hold,Buy,0.07063565,0.27434364,0.6550207
Buy,Sell,0.5321586,0.28532764,0.18251367
Buy,Buy,0.1449068,0.28454164,0.5705516
Sell,Sell,0.55670774,0.19839266,0.24489963
Buy,Buy,0.030118063,0.19619827,0.77368367
Sell,Sell,0.5183758,0.200383,0.28124124
Buy,Hold,0.20540766,0.5763686,0.2182238
Buy,Hold,0.21608467,0.53676975,0.24714558
Sell,Buy,0.18408236,0.36509222,0.45082542
Hold,Hold,0.33566886,0.4016122,0.26271895
Hold,Sell,0.43246114,0.31142473,0.25611416
Buy,Sell,0.5129164,0.23370452,0.25337905
Hold,Sell,0.46848315,0.22138867,0.31012815
Buy,Buy,0.2342283,0.37421027,0.39156148
Buy,Hold,0.28236714,0.44851103,0.26912177
Hold,Sell,0.48184422,0.21405509,0.30410072
Hold,Buy,0.15271837,0.27911887,0.5681628
Hold,Buy,0.25894976,0.3676729,0.37337735
Hold,Hold,0.18174393,0.60645074,0.21180531
Buy,Buy,0.11815528,0.23862225,0.6432225
Hold,Sell,0.5594612,0.18656829,0.25397047
Hold,Buy,0.13279535,0.27294374,0.5942609
Hold,Hold,0.18218379,0.5684373,0.24937895
Buy,Hold,0.15728761,0.4667492,0.37596315
Buy,Hold,0.20060165,0.52352005,0.27587828
Buy,Sell,0.44467676,0.2649131,0.29041013
Hold,Sell,0.5756607,0.16642934,0.25791004
Hold,Buy,0.35895044,0.26636446,0.3746851
Hold,Hold,0.2096542,0.47416517,0.31618065
Buy,Buy,0.05689608,0.27149168,0.67161226
Buy,Buy,0.18449214,0.27278313,0.5427247
Sell,Sell,0.4604722,0.2357369,0.30379096
Buy,Sell,0.3759857,0.34003347,0.28398085
Buy,Buy,0.12919633,0.26390946,0.60689425
Buy,Buy,0.2980809,0.32396385,0.37795526
Buy,Hold,0.21442166,0.51063174,0.27494666
Hold,Sell,0.5040468,0.23024704,0.26570618
Sell,Buy,0.24920787,0.36985502,0.3809371
Hold,Buy,0.35148287,0.25629553,0.3922216
Buy,Sell,0.35836717,0.3300256,0.31160724
Sell,Sell,0.5653284,0.21402061,0.22065096
Buy,Buy,0.32524076,0.33510765,0.33965155
Hold,Hold,0.20774008,0.5880645,0.20419548
Hold,Sell,0.41488263,0.2844135,0.30070385
Buy,Buy,0.0606935,0.1985387,0.7407677
Buy,Sell,0.45344904,0.23145607,0.3150948
Sell,Sell,0.6436324,0.14484899,0.21151856
Sell,Sell,0.6805467,0.21475919,0.10469403
Hold,Hold,0.19358309,0.5925232,0.21389364
Buy,Hold,0.2021593,0.4470509,0.35078984
Buy,Buy,0.0197192,0.20057313,0.7797077
Hold,Buy,0.23174328,0.2659223,0.5023345
Buy,Sell,0.46997753,0.23553109,0.29449138
Sell,Sell,0.51187086,0.23310134,0.25502777
Buy,Buy,0.17111287,0.28464907,0.544238
Sell,Sell,0.5346852,0.23355524,0.23175947
Sell,Sell,0.5832366,0.17177504,0.24498838
Buy,Buy,0.34265116,0.30710584,0.35024297
Buy,Buy,0.07125789,0.22986455,0.6988776
Sell,Sell,0.3778717,0.29095766,0.33117062
Buy,Buy,0.13580774,0.2541729,0.6100194
Sell,Hold,0.29547065,0.353693,0.3508363
Buy,Buy,0.075183384,0.2231817,0.7016349
Buy,Buy,0.083938986,0.2343229,0.6817381
Buy,Sell,0.4910814,0.24847594,0.2604427
Sell,Sell,0.5012131,0.24441974,0.25436714
Sell,Sell,0.53011775,0.2117089,0.25817335
Sell,Sell,0.50749564,0.21313578,0.2793685
Buy,Hold,0.15729123,0.43477708,0.4079317
Buy,Buy,0.19578147,0.38073653,0.42348194
Sell,Sell,0.61391795,0.14968893,0.23639308
Sell,Sell,0.42682406,0.30786204,0.26531386
Buy,Hold,0.2366781,0.5118035,0.25151837
Buy,Buy,0.18386564,0.3332451,0.4828893
Hold,Hold,0.23305042,0.5287062,0.23824343
Buy,Hold,0.24878384,0.46421555,0.28700057
Sell,Sell,0.7620334,0.01959965,0.21836688
Hold,Sell,0.534179,0.29248255,0.17333849
Hold,Sell,0.58614606,0.17557815,0.23827575
Hold,Sell,0.5830211,0.18728551,0.22969343
Buy,Buy,0.100938395,0.29672077,0.60234094
Hold,Hold,0.19358309,0.5925232,0.21389364
Hold,Buy,0.20695947,0.23848161,0.55455893
Hold,Buy,0.022020401,0.17405461,0.80392504
Sell,Sell,0.4071866,0.21854974,0.37426367
Buy,Sell,0.41366455,0.2664643,0.3198712
Hold,Sell,0.49469072,0.21588343,0.28942582
Hold,Buy,0.017643342,0.1869852,0.7953715
Buy,Hold,0.20238303,0.5147769,0.2828401
Sell,Buy,0.08483933,0.41975418,0.49540648
Sell,Hold,0.24568628,0.5278531,0.2264607
Sell,Hold,0.2493518,0.49044198,0.26020628
Buy,Buy,0.20241967,0.28738248,0.5101979
Buy,Sell,0.38694045,0.28450572,0.3285539
Sell,Sell,0.4312237,0.3163701,0.25240624
Buy,Hold,0.21004258,0.5437343,0.2462231
Buy,Buy,0.24710134,0.23629685,0.51660186
Hold,Sell,0.40005222,0.3465226,0.25342515
Buy,Sell,0.48492932,0.2400773,0.2749934
Sell,Hold,0.33143386,0.36258787,0.30597824
Hold,Buy,0.22153848,0.3065652,0.4718963
Buy,Hold,0.23150547,0.4872398,0.28125474
Hold,Buy,0.3335902,0.31989345,0.3465163
Hold,Buy,0.22631204,0.26295638,0.5107316
Buy,Sell,0.46835506,0.33495054,0.19669434
Buy,Buy,0.14228015,0.3113514,0.54636854
Hold,Hold,0.18793611,0.5981992,0.2138647
Buy,Sell,0.395071,0.21129225,0.39363676
Hold,Sell,0.38141537,0.25089768,0.3676869
Sell,Sell,0.6878356,0.139979,0.17218547
Hold,Hold,0.1943929,0.5914695,0.21413757
Buy,Sell,0.4730606,0.21475506,0.3121843
Hold,Sell,0.42677015,0.22498904,0.34824073
Buy,Buy,0.010611139,0.18268107,0.80670774
Hold,Buy,0.34994724,0.27099568,0.379057
Buy,Buy,0.3117957,0.31803018,0.3701741
Hold,Hold,0.12049948,0.5001627,0.37933776
Sell,Hold,0.26393366,0.38877898,0.34728736
Buy,Buy,0.15002361,0.2798554,0.57012105
Buy,Buy,0.051171567,0.28371713,0.66511124
Buy,Buy,0.17054681,0.22570889,0.60374427
Hold,Sell,0.49674976,0.20733872,0.29591158
Sell,Hold,0.19677989,0.5549646,0.24825552
Sell,Sell,0.43726578,0.24667463,0.31605968
Sell,Sell,0.58300585,0.16088164,0.25611252
Buy,Sell,0.51426625,0.23565853,0.25007516
Sell,Sell,0.61156595,0.16313721,0.22529687
Buy,Buy,0.040668957,0.29343733,0.66589373
Sell,Hold,0.34672675,0.35738775,0.29588556
Sell,Hold,0.21606688,0.40434384,0.37958932
Hold,Sell,0.4504135,0.21336354,0.33622292
Hold,Hold,0.25127962,0.39756146,0.3511589
Sell,Hold,0.20382427,0.5381151,0.2580606
Buy,Hold,0.19114858,0.5972535,0.21159796
Buy,Buy,0.27273515,0.3274326,0.39983222
Sell,Sell,0.4909895,0.29919034,0.2098201
Sell,Sell,0.4571651,0.3007503,0.24208464
Hold,Hold,0.18095335,0.563936,0.25511056
Buy,Hold,0.20480904,0.51525974,0.2799312
Hold,Hold,0.1943929,0.5914695,0.21413757
Sell,Sell,0.52985895,0.2520039,0.21813713
Buy,Buy,0.30980852,0.3351423,0.35504913
Buy,Sell,0.54208505,0.21999282,0.2379221
Sell,Hold,0.26728806,0.40937245,0.32333955
Buy,Sell,0.462506,0.26631474,0.27117923
Sell,Buy,0.38643244,0.2005964,0.4129712
Buy,Sell,0.5205026,0.2952327,0.1842646
Sell,Hold,0.25996438,0.43604648,0.30398914
Hold,Buy,0.16251999,0.26726288,0.57021713
Sell,Buy,0.34314242,0.25204393,0.40481362
Hold,Hold,0.19358309,0.5925232,0.21389364
Buy,Sell,0.43489438,0.28753862,0.27756697
Sell,Sell,0.47961482,0.30028787,0.22009729
Buy,Buy,0.30821237,0.32424194,0.36754566
Buy,Sell,0.5709226,0.18201943,0.24705788
Hold,Hold,0.22187926,0.5490261,0.22909471
Buy,Sell,0.4639218,0.2658798,0.27019837
Sell,Buy,0.14001626,0.28274098,0.57724273
Sell,Buy,0.27296022,0.3299466,0.3970932
Sell,Buy,0.3486209,0.23240437,0.41897473
Buy,Sell,0.56350285,0.1582146,0.27828252
Sell,Buy,0.34763202,0.28376207,0.3686059
Sell,Hold,0.21849416,0.5414723,0.24003358
Sell,Sell,0.35277006,0.319755,0.32747495
Buy,Sell,0.44349873,0.28931454,0.2671867
Sell,Hold,0.19358309,0.5925232,0.21389364
Hold,Hold,0.19358309,0.5925232,0.21389364
Buy,Hold,0.30953768,0.41738355,0.27307877
Buy,Sell,0.4937085,0.23025468,0.27603686
Hold,Hold,0.21703914,0.39757177,0.38538906
Hold,Sell,0.5902935,0.15492257,0.2547839
Buy,Hold,0.23108509,0.45356756,0.31534734
Buy,Sell,0.6136163,0.19961186,0.18677193
Buy,Hold,0.30033395,0.3697402,0.32992586
Hold,Hold,0.26153812,0.43063253,0.30782938
Hold,Sell,0.46443418,0.25470856,0.28085735
Buy,Sell,0.49151266,0.22151753,0.2869698
Buy,Hold,0.21058531,0.4631804,0.32623428
Sell,Buy,0.21158025,0.3205283,0.4678915
Hold,Hold,0.19358309,0.5925232,0.21389364
Hold,Sell,0.5272712,0.24291398,0.2298148
Buy,Buy,0.25043532,0.35927123,0.39029336
Buy,Buy,0.14738289,0.2551152,0.5975019
Hold,Hold,0.17072691,0.5875515,0.24172164
Buy,Sell,0.39176637,0.22773029,0.3805033
Hold,Buy,0.018350624,0.204528,0.77712137
Buy,Hold,0.23039901,0.52933085,0.24027017
Buy,Hold,0.22771394,0.5273532,0.24493279
Buy,Sell,0.49080095,0.3184385,0.19076052
Sell,Sell,0.57292956,0.1858814,0.241189
Hold,Buy,0.25165913,0.22892949,0.5194113
Sell,Sell,0.4708527,0.24508496,0.2840624
Sell,Sell,0.5013938,0.24394588,0.2546603
Sell,Sell,0.55788594,0.20497097,0.23714308
Buy,Buy,0.18701856,0.36898077,0.44400063
Buy,Hold,0.32445306,0.35603657,0.3195104
Hold,Hold,0.20232008,0.5233559,0.27432403
Buy,Sell,0.42112032,0.24925876,0.32962096
Sell,Hold,0.30758512,0.40519196,0.28722292
Buy,Hold,0.19540763,0.5612713,0.24332106
Buy,Buy,0.27146176,0.32133082,0.40720743
Sell,Hold,0.27896953,0.4038578,0.31717268
Hold,Hold,0.1943929,0.5914695,0.21413757
Buy,Sell,0.4644463,0.22600244,0.30955124
Hold,Buy,0.24434529,0.28685328,0.46880144
Buy,Sell,0.4594516,0.2753487,0.2651997
Sell,Sell,0.5541127,0.19097668,0.2549106
Sell,Sell,0.37563568,0.3548434,0.2695209
Sell,Sell,0.49537623,0.28174275,0.22288096
Buy,Sell,0.40069896,0.26512462,0.33417642
Hold,Hold,0.32767874,0.38507244,0.28724888
Hold,Buy,0.31477815,0.32265434,0.36256754
Buy,Buy,0.28904042,0.23105392,0.4799056
Buy,Sell,0.3774895,0.33052707,0.29198346
Buy,Hold,0.19100082,0.56143403,0.24756517
Hold,Sell,0.59935635,0.16841137,0.23223227
Sell,Sell,0.53392637,0.15670156,0.30937216
Sell,Buy,0.2984528,0.30535614,0.3961911
Buy,Sell,0.53182065,0.22555073,0.24262862
Hold,Buy,0.29683185,0.2954349,0.4077332
Buy,Buy,0.31902975,0.23139457,0.4495756
Buy,Buy,0.039159674,0.19917126,0.76166904
Sell,Sell,0.53595173,0.21361104,0.2504372
Hold,Hold,0.34556863,0.38577494,0.26865643
Sell,Sell,0.6095926,0.28496617,0.10544117
Sell,Sell,0.4059782,0.33360693,0.26041493
Buy,Hold,0.21534622,0.4118207,0.37283313
Sell,Buy,0.18999036,0.26579094,0.5442187
Buy,Buy,0.3148957,0.2885555,0.39654887
Buy,Buy,0.094885804,0.25528288,0.64983135
Buy,Buy,0.22222129,0.2693091,0.5084696
Sell,Sell,0.51527184,0.27848974,0.20623843
Hold,Hold,0.29849514,0.35884735,0.3426575
Buy,Buy,0.31848127,0.29672626,0.38479245
Buy,Buy,0.15212117,0.25492728,0.5929516
Sell,Hold,0.22312103,0.41886938,0.35800958
Buy,Hold,0.27401447,0.40853035,0.3174551
Hold,Hold,0.21529704,0.54266703,0.24203596
Sell,Sell,0.43848416,0.29569873,0.26581714
Hold,Sell,0.44526598,0.23145698,0.32327703
Hold,Sell,0.5645852,0.2060467,0.22936812
Hold,Hold,0.23673053,0.4537099,0.3095595
Hold,Hold,0.26796398,0.39099044,0.34104565
Hold,Sell,0.42675337,0.2633249,0.30992174
Hold,Hold,0.2444464,0.47096384,0.28458974
Hold,Hold,0.19358309,0.5925232,0.21389364
Buy,Sell,0.5386232,0.30552125,0.1558556
Buy,Sell,0.53125405,0.30564475,0.16310118
Sell,Sell,0.5048849,0.21395953,0.28115565
Buy,Hold,0.2080929,0.41989854,0.37200853
Buy,Buy,0.24653858,0.31405696,0.4394045
Hold,Sell,0.5494309,0.2439705,0.2065986
Sell,Buy,0.2245117,0.30272627,0.47276196
Hold,Hold,0.1932386,0.59535396,0.21140747
Buy,Hold,0.29982573,0.40076458,0.29940972
Buy,Buy,0.17014904,0.24563456,0.5842165
Hold,Buy,0.10436219,0.24895695,0.6466809
Sell,Sell,0.5485079,0.2038988,0.24759324
Sell,Sell,0.59070486,0.17710163,0.23219347
Buy,Buy,0.20336011,0.27396223,0.5226777
Hold,Hold,0.27395293,0.38864216,0.33740488
Buy,Buy,0.05803934,0.21688005,0.7250806
Hold,Buy,0.316039,0.25499612,0.4289649
Buy,Sell,0.41807833,0.26186538,0.32005626
Buy,Buy,0.17526604,0.29277217,0.53196174
Sell,Sell,0.53995967,0.15391374,0.30612653
Sell,Sell,0.5348045,0.2583918,0.2068036
Hold,Buy,0.15018958,0.3216939,0.5281165
Sell,Sell,0.34944603,0.3433075,0.30724648
Buy,Sell,0.5167623,0.16974626,0.31349143
Sell,Hold,0.23548447,0.5164698,0.24804574
Hold,Hold,0.19550902,0.5694859,0.23500505
Hold,Sell,0.3772188,0.24814853,0.37463263
Buy,Sell,0.49183178,0.1876052,0.32056305
Buy,Sell,0.56583065,0.20183566,0.23233368
Buy,Buy,0.061020013,0.3119008,0.6270792
Sell,Sell,0.62116855,0.15104935,0.22778209
Buy,Sell,0.37728888,0.25983536,0.36287576
Buy,Hold,0.28250903,0.36143833,0.3560526
Sell,Sell,0.38984373,0.2632612,0.3468951
Buy,Buy,0.052434508,0.35208303,0.59548247
Buy,Hold,0.2580448,0.41495192,0.3270033
Hold,Sell,0.35738555,0.31762964,0.3249848
Sell,Sell,0.73408693,0.067248054,0.1986651
Sell,Sell,0.5489355,0.20295529,0.24810924
Buy,Sell,0.42675453,0.29998106,0.2732645
Hold,Hold,0.308806,0.34945568,0.3417384
Buy,Buy,0.29192838,0.23768343,0.4703882
Buy,Sell,0.42711544,0.20033671,0.37254784
Sell,Buy,0.21678853,0.26243082,0.5207806
Hold,Hold,0.1597158,0.56106126,0.27922297
Buy,Sell,0.54138875,0.17798445,0.28062674
Buy,Hold,0.14409246,0.4654683,0.39043927
Buy,Buy,0.24882126,0.35802194,0.39315692
Sell,Hold,0.2229822,0.5042183,0.27279955
Buy,Buy,0.29553455,0.26351497,0.44095045
Sell,Buy,0.31065288,0.32260743,0.3667397
Buy,Buy,0.15865225,0.26714954,0.5741982
Hold,Buy,0.34685236,0.26272273,0.39042488
Hold,Buy,0.32706085,0.32448846,0.34845075
Hold,Hold,0.23035516,0.4554609,0.3141839
Buy,Sell,0.47727048,0.2484518,0.27427772
Buy,Sell,0.56080323,0.14206596,0.29713082
Sell,Sell,0.6139669,0.14218496,0.24384815
Buy,Buy,0.3524157,0.27754664,0.37003762
Buy,Sell,0.35543948,0.31421515,0.33034533
Hold,Buy,0.28670263,0.31168675,0.4016106
Sell,Sell,0.56234896,0.15915166,0.2784994
Buy,Buy,0.11567563,0.31323257,0.57109183
Sell,Sell,0.5655983,0.224194,0.21020769
Sell,Sell,0.48982686,0.21772848,0.29244474
Buy,Buy,0.15307418,0.2986217,0.54830414
Buy,Buy,0.12846345,0.27192846,0.59960806
Sell,Sell,0.5332441,0.272504,0.1942519
Sell,Sell,0.5998958,0.1701632,0.22994107
Buy,Buy,0.15909298,0.41924885,0.42165816
Buy,Buy,0.17298278,0.2705504,0.5564668
Hold,Sell,0.4692807,0.324845,0.20587435
Sell,Buy,0.11182103,0.3404375,0.5477415
Buy,Sell,0.35653844,0.3367507,0.30671087
Buy,Hold,0.38735265,0.39485312,0.2177942
Sell,Sell,0.564277,0.21636163,0.21936142
Hold,Sell,0.5701685,0.18396974,0.24586178
Hold,Hold,0.2629875,0.47755495,0.25945753
Buy,Hold,0.1943929,0.5914695,0.21413757
Hold,Buy,0.19753689,0.35283348,0.4496296
Sell,Hold,0.19358309,0.5925232,0.21389364
Sell,Hold,0.30140626,0.37720528,0.3213885
Sell,Hold,0.11338881,0.52962863,0.35698256
Hold,Hold,0.15960337,0.4311424,0.4092543
Buy,Sell,0.42541558,0.27410007,0.3004844
Buy,Buy,0.26094553,0.3028778,0.43617672
Hold,Buy,0.22369109,0.25743765,0.5188713
Sell,Buy,0.32291034,0.27731222,0.3997774
Buy,Buy,0.12862846,0.28905356,0.582318
Sell,Buy,0.3348485,0.2603968,0.40475467
Buy,Buy,0.21288763,0.26169205,0.5254203
Buy,Buy,0.013344064,0.16012287,0.8265331
Buy,Sell,0.580826,0.18674384,0.2324302
Buy,Buy,0.34621206,0.25290662,0.40088135
Sell,Hold,0.32645497,0.39216423,0.28138074
Sell,Sell,0.5109016,0.20943303,0.27966547
Sell,Hold,0.19358309,0.5925232,0.21389364
Hold,Buy,0.16383629,0.4058317,0.43033203
Hold,Hold,0.2025196,0.41968468,0.3777957
Sell,Sell,0.51691633,0.2577563,0.2253274
Sell,Buy,0.18827282,0.32832563,0.48340166
Hold,Buy,0.13559967,0.30081022,0.56359017
Sell,Hold,0.17315198,0.47370794,0.35314003
Hold,Sell,0.46169004,0.20216005,0.3361499
Hold,Hold,0.19109268,0.59808767,0.21081962
Sell,Sell,0.5154909,0.23740587,0.24710323
Sell,Sell,0.38587886,0.30157676,0.31254444
Sell,Hold,0.27980268,0.38170782,0.33848956
Sell,Hold,0.19358309,0.5925232,0.21389364
Sell,Hold,0.18179967,0.54041624,0.27778417
Hold,Hold,0.2514933,0.4355104,0.31299627
Buy,Hold,0.1943929,0.5914695,0.21413757
Sell,Sell,0.510306,0.24661498,0.24307902
Hold,Buy,0.08461366,0.24337424,0.67201215
Sell,Sell,0.4512436,0.22928652,0.31946993
Buy,Buy,0.12072092,0.2582178,0.62106127
Sell,Sell,0.4209414,0.2667632,0.3122954
Sell,Hold,0.3545372,0.45721602,0.18824683
Buy,Buy,0.20976615,0.24635461,0.5438792
Buy,Hold,0.26728326,0.39154473,0.34117204
Sell,Buy,0.32949454,0.295289,0.37521654
Buy,Buy,0.055111576,0.22305405,0.72183436
Sell,Hold,0.24858955,0.3897334,0.36167705
Buy,Buy,0.26911122,0.36149797,0.36939076
Sell,Hold,0.19725558,0.59420747,0.20853694
Buy,Sell,0.5569613,0.23220707,0.2108316
Sell,Sell,0.66568655,0.17199597,0.1623175
Hold,Sell,0.57360923,0.16692398,0.25946677
Buy,Buy,0.17327778,0.29321167,0.5335106
Buy,Sell,0.57985026,0.24269447,0.17745528
Hold,Sell,0.35168856,0.3417188,0.3065927
Buy,Buy,0.3229861,0.26312363,0.41389027
Sell,Hold,0.19358309,0.5925232,0.21389364
Sell,Hold,0.33592844,0.34493273,0.31913882
Buy,Hold,0.20921767,0.5384253,0.252357
Buy,Buy,0.30693662,0.26630968,0.4267537
Buy,Sell,0.4914057,0.24464062,0.2639537
Sell,Sell,0.5819461,0.1950645,0.22298948
Sell,Sell,0.40663448,0.26030925,0.33305627
Hold,Hold,0.29122987,0.42066607,0.28810403
Buy,Hold,0.15897843,0.44932023,0.39170137
Hold,Hold,0.25116265,0.43021044,0.31862688
Buy,Sell,0.49062592,0.21382377,0.2955504
Sell,Sell,0.6177494,0.12868635,0.2535643
Buy,Sell,0.4790657,0.2507796,0.27015474
Buy,Hold,0.1800035,0.6129735,0.20702302
Buy,Buy,0.07596197,0.24019986,0.6838381
Buy,Buy,0.073596835,0.3038902,0.62251294
Buy,Buy,0.07075052,0.26556706,0.66368234
Buy,Sell,0.5637694,0.20281391,0.23341668
Hold,Sell,0.4977737,0.21868722,0.28353912
Sell,Sell,0.55826116,0.13941148,0.3023273
Buy,Buy,0.2838681,0.29484075,0.42129117
Hold,Sell,0.5307681,0.18944186,0.27978998
Hold,Sell,0.4531458,0.23113704,0.31571713
Sell,Sell,0.49148655,0.29670677,0.21180667
Hold,Hold,0.29519755,0.38161194,0.32319057
Buy,Buy,0.16498178,0.27002722,0.564991
Sell,Sell,0.4984322,0.26728034,0.23428735
Sell,Buy,0.31710157,0.2648426,0.41805592
Buy,Hold,0.1410604,0.49502274,0.3639169
Buy,Buy,0.20183893,0.26773876,0.5304223
Sell,Sell,0.6648615,0.18359882,0.15153973
Sell,Sell,0.39720976,0.27826852,0.32452175
Sell,Sell,0.45983464,0.3680307,0.17213467
Buy,Buy,0.3179884,0.24358428,0.43842727
Buy,Buy,0.17201449,0.28505582,0.54292977
Sell,Sell,0.5319489,0.19689308,0.271158
Buy,Hold,0.15440398,0.484452,0.3611441
Buy,Hold,0.26745924,0.38638017,0.3461606
Buy,Buy,0.23332717,0.3405833,0.42608956
Buy,Buy,0.24535204,0.29032055,0.46432737
Sell,Sell,0.4047598,0.322979,0.2722612
Hold,Buy,0.26031166,0.26768965,0.4719987
Sell,Buy,0.15311362,0.2567731,0.5901133
Buy,Buy,0.25560436,0.24818838,0.49620727
Buy,Hold,0.1943929,0.5914695,0.21413757
Hold,Buy,0.11330486,0.24909171,0.63760346
Sell,Buy,0.09245102,0.26592505,0.6416239
Buy,Sell,0.6174511,0.14652322,0.23602572
Buy,Hold,0.30829075,0.45735452,0.2343547
Buy,Hold,0.1943929,0.5914695,0.21413757
Buy,Buy,0.2982072,0.2252561,0.47653663
Buy,Hold,0.2545718,0.3797686,0.36565956
Sell,Sell,0.40506923,0.3592526,0.2356781
Hold,Buy,0.28641823,0.34348962,0.37009215
Sell,Sell,0.43499744,0.2977989,0.26720366
Sell,Hold,0.26787603,0.4539091,0.27821484
Buy,Sell,0.38029245,0.31050456,0.309203
Hold,Sell,0.3930604,0.28184006,0.32509962
Buy,Hold,0.22056288,0.46285212,0.316585
Hold,Buy,0.33916652,0.2458921,0.41494143
Hold,Hold,0.20147343,0.5348276,0.26369902
Sell,Hold,0.2998071,0.39715055,0.30304238
Sell,Sell,0.41491312,0.3075276,0.27755928
Sell,Buy,0.22152296,0.3306627,0.44781435
Buy,Hold,0.22969212,0.47682056,0.29348728
Buy,Buy,0.03378406,0.19399239,0.77222353
Hold,Sell,0.4982536,0.1706098,0.33113655
Buy,Buy,0.18068454,0.28317618,0.53613925
Sell,Sell,0.99997735,3.4331694e-07,2.2245624e-05
Buy,Sell,0.35059595,0.3376247,0.31177938
Buy,Sell,0.58076996,0.12347038,0.2957597
Hold,Sell,0.38120657,0.29405296,0.3247405
Hold,Sell,0.5931972,0.15812413,0.24867867
Hold,Hold,0.2779159,0.4747738,0.2473103
Sell,Sell,0.4900848,0.32705143,0.18286376
Buy,Sell,0.35548317,0.2983787,0.34613815
Hold,Buy,0.13307671,0.26525593,0.6016674
Hold,Buy,0.36873367,0.22945778,0.40180853
Buy,Hold,0.20853491,0.5512389,0.24022615
Buy,Buy,0.31390363,0.25958297,0.42651343
Buy,Hold,0.4787522,0.5203469,0.0009008669
Sell,Sell,0.60294133,0.20441653,0.19264221
Sell,Hold,0.32402816,0.3688003,0.30717152
Buy,Sell,0.41125852,0.27712342,0.31161803
Hold,Sell,0.47094172,0.23794352,0.29111475
Sell,Buy,0.28195885,0.3266886,0.39135262
Sell,Sell,0.51077676,0.19618769,0.29303557
Hold,Hold,0.35909835,0.37100714,0.26989448
Hold,Sell,0.4881275,0.2508728,0.2609997
Sell,Sell,0.44560507,0.23931848,0.3150764
Hold,Sell,0.5255916,0.17215905,0.30224925
Buy,Hold,0.2211681,0.42389202,0.35493988
Hold,Hold,0.33582777,0.38765484,0.27651742
Buy,Buy,0.22368804,0.33436215,0.44194987
Sell,Buy,0.23439917,0.38259515,0.3830057
Sell,Sell,0.51191956,0.2032977,0.28478277
Hold,Sell,0.48011297,0.29183686,0.22805016
Hold,Buy,0.02677315,0.2048961,0.7683308
Sell,Sell,0.39023346,0.3179809,0.29178575
Buy,Buy,0.26475072,0.23620592,0.4990434
Sell,Hold,0.3125305,0.35218883,0.33528072
Hold,Buy,0.2328121,0.25759146,0.5095964
Sell,Buy,0.24104492,0.36687747,0.39207762
Buy,Buy,0.23222362,0.31623065,0.45154575
Hold,Buy,0.17795375,0.2699424,0.5521038
Sell,Hold,0.18998416,0.5984158,0.21160011
Hold,Sell,0.43854925,0.25255522,0.30889553
Sell,Hold,0.2194576,0.41625586,0.3642865
Buy,Buy,0.06940318,0.3701586,0.5604382
Buy,Buy,0.14616463,0.29722115,0.5566142
Hold,Buy,0.35168678,0.22176886,0.42654434
Sell,Buy,0.15456559,0.2656422,0.57979226
Sell,Buy,0.1116723,0.2572662,0.63106155
Buy,Hold,0.12460735,0.5539234,0.32146925
Hold,Hold,0.111007564,0.6314681,0.2575243
Sell,Sell,0.58669966,0.25692645,0.1563739
Buy,Sell,0.3907783,0.35025543,0.25896627
Buy,Buy,0.08925757,0.26075238,0.64999
Buy,Buy,0.14393143,0.22123761,0.63483095
Buy,Buy,0.1947954,0.28896743,0.51623714
Hold,Sell,0.55411696,0.17687318,0.26900983
Buy,Hold,0.15696888,0.49360538,0.3494258
Sell,Hold,0.35375428,0.38649988,0.2597459
Buy,Hold,0.12757535,0.47171426,0.4007103
Hold,Sell,0.47458613,0.2160978,0.3093161
Buy,Buy,0.025738293,0.20341082,0.77085084
Sell,Buy,0.26852357,0.27382517,0.45765135
Sell,Hold,0.30748928,0.354817,0.33769366
Hold,Buy,0.32536644,0.28992686,0.38470674
Sell,Sell,0.43630108,0.30395663,0.25974226
Buy,Sell,0.37069076,0.28632143,0.34298778
Buy,Hold,0.19440019,0.5955405,0.21005929
Sell,Buy,0.17154546,0.3907041,0.4377505
Sell,Hold,0.0,1.0,0.0
Buy,Buy,0.3255144,0.27078274,0.4037029
Buy,Hold,0.23271649,0.51374185,0.25354162
Sell,Sell,0.53187525,0.20610446,0.2620202
Buy,Buy,0.31045786,0.3266347,0.36290738
Sell,Sell,0.46939254,0.19472651,0.33588096
Hold,Buy,0.14018393,0.24297729,0.61683875
Buy,Hold,0.19777702,0.5205865,0.28163648
Buy,Sell,0.5469035,0.2013734,0.2517231
Sell,Hold,0.33955467,0.39671326,0.26373205
Buy,Sell,0.36035112,0.32852775,0.31112117
Sell,Sell,0.48846775,0.22896744,0.28256488
Sell,Hold,0.37625915,0.3837713,0.23996958
Buy,Buy,0.20927313,0.2779001,0.5128267
Sell,Sell,0.53839344,0.234899,0.22670753
Sell,Buy,0.3454155,0.26061884,0.3939657
Buy,Buy,0.20391625,0.26666087,0.5294229
Sell,Sell,0.56910986,0.15153258,0.2793576
Sell,Sell,0.634477,0.16951038,0.19601259
Buy,Sell,0.60506696,0.14003061,0.25490248
Hold,Buy,0.08698558,0.32218525,0.5908291
Buy,Buy,0.2519959,0.23633137,0.51167274
Hold,Hold,0.20197865,0.41627738,0.3817439
Hold,Buy,0.26963577,0.35398558,0.37637866
Buy,Buy,0.061462108,0.19909146,0.73944646
Hold,Hold,0.31719026,0.38634568,0.29646403
Buy,Buy,0.18732297,0.38667065,0.4260064
Hold,Hold,0.21614552,0.43752733,0.3463272
Sell,Hold,0.26046494,0.49649838,0.24303675
Sell,Sell,0.50299793,0.274755,0.22224702
Hold,Hold,0.19358309,0.5925232,0.21389364
Buy,Buy,0.12351512,0.33365634,0.54282856
Sell,Sell,0.46158704,0.20637055,0.3320424
Hold,Sell,0.69331586,0.14822808,0.15845609
Buy,Sell,0.390049,0.2553276,0.35462335
Buy,Hold,0.1943929,0.5914695,0.21413757
Buy,Sell,0.54207075,0.18168889,0.27624032
Sell,Buy,0.20641065,0.31724557,0.4763438
Sell,Sell,0.516767,0.18851791,0.29471505
Hold,Buy,0.16458088,0.27199402,0.56342506
Sell,Buy,0.2626381,0.29695094,0.44041106
Buy,Hold,0.31765217,0.42486337,0.25748444
Sell,Sell,0.5954532,0.12542889,0.27911797
Hold,Hold,0.21350597,0.5007506,0.28574342
Hold,Sell,0.557528,0.21039899,0.23207295
Sell,Hold,0.2528238,0.4464263,0.3007499
Buy,Hold,0.31602445,0.36464822,0.3193273
Hold,Hold,0.32443663,0.3904363,0.2851271
Sell,Sell,0.38041195,0.34381178,0.27577627
Sell,Hold,0.30317864,0.38278222,0.3140391
Hold,Hold,0.23707657,0.45107925,0.3118442
Sell,Hold,0.19515683,0.44788155,0.35696158
Hold,Sell,0.5169284,0.21355647,0.2695151
Sell,Buy,0.29025245,0.3015666,0.40818098
Sell,Sell,0.5581321,0.18441774,0.2574502
Hold,Hold,0.19358309,0.5925232,0.21389364
Buy,Hold,0.13949242,0.5962592,0.26424846
Sell,Sell,0.64644355,0.1256674,0.22788903
Sell,Sell,0.4910153,0.24778591,0.2611988
Hold,Hold,0.28309965,0.36699286,0.34990752
Hold,Buy,0.11235317,0.28103906,0.60660785
Buy,Hold,0.19918577,0.5762265,0.2245877
Sell,Sell,0.56371737,0.16001719,0.27626547
Buy,Buy,0.3172914,0.26929596,0.4134127
Buy,Buy,0.121872775,0.3608174,0.5173099
Hold,Hold,0.1943929,0.5914695,0.21413757
Sell,Sell,0.4283159,0.29620802,0.27547613
Hold,Hold,0.18228021,0.55061007,0.26710978
Buy,Buy,0.07086526,0.30442044,0.6247144
Buy,Hold,0.1943929,0.5914695,0.21413757
Sell,Sell,0.4880266,0.26000348,0.25196996
Buy,Sell,0.5741744,0.16753751,0.258288
Buy,Sell,0.39445817,0.304308,0.30123386
Buy,Hold,0.16551326,0.58214724,0.25233948
Hold,Sell,0.50034684,0.253382,0.24627121
Sell,Buy,0.10205963,0.38784376,0.51009667
Sell,Sell,0.39773718,0.3612962,0.24096665
Buy,Buy,0.09636692,0.3043616,0.5992715
Sell,Sell,0.5251254,0.26717448,0.2077001
Buy,Buy,0.08551274,0.3200376,0.59444964
Hold,Buy,0.226384,0.19840121,0.5752148
Hold,Hold,0.16554058,0.5932385,0.24122095
Buy,Buy,0.19118653,0.27934512,0.5294683
Hold,Sell,0.42220163,0.25681874,0.32097962
Hold,Buy,0.1608974,0.30810484,0.5309977
Buy,Hold,0.3083592,0.39291507,0.29872566
Hold,Hold,0.29015213,0.37473872,0.33510914
Sell,Hold,0.32744098,0.38009244,0.29246667
Buy,Sell,0.36964205,0.32362875,0.30672923
Sell,Hold,0.36834195,0.39020902,0.24144906
Buy,Buy,0.24617279,0.26288298,0.49094424
Sell,Hold,0.19358309,0.5925232,0.21389364
Buy,Buy,0.26876143,0.32758075,0.40365788
Buy,Buy,0.091970496,0.2394604,0.6685691
Sell,Sell,0.52108186,0.28926507,0.18965308
Buy,Hold,0.2888439,0.40441808,0.30673808
Sell,Hold,0.31204116,0.4152293,0.2727296
Hold,Buy,0.1042034,0.3110526,0.584744
Buy,Sell,0.5940182,0.21731116,0.18867065
Buy,Hold,0.29022977,0.38364244,0.3261278
Hold,Sell,0.58163965,0.22872679,0.1896335
Sell,Sell,0.48853347,0.20858248,0.302884
Buy,Sell,0.43517107,0.25087562,0.3139533
Hold,Hold,0.22510296,0.49651513,0.2783819
Buy,Hold,0.12150947,0.55571705,0.3227735
Hold,Hold,0.15002432,0.4857072,0.3642685
Hold,Hold,0.1943929,0.5914695,0.21413757
Sell,Sell,0.48895055,0.230895,0.28015447
Hold,Buy,0.037913397,0.31198996,0.6500966
Buy,Hold,0.092288956,0.49957734,0.4081337
Buy,Buy,0.35174194,0.24429826,0.40395975
Hold,Sell,0.47518602,0.31821814,0.20659584
Buy,Buy,0.37025678,0.23825932,0.39148384
Buy,Sell,0.53974175,0.13599475,0.3242635
Buy,Hold,0.27128494,0.41267914,0.31603596
Sell,Sell,0.36400944,0.33830625,0.29768428
Sell,Buy,0.31955028,0.2923762,0.38807356
Sell,Hold,0.3518424,0.3940994,0.25405818
Sell,Hold,0.23359035,0.5091125,0.25729713
Buy,Sell,0.4052717,0.33277944,0.26194888
Buy,Sell,0.4558676,0.24536254,0.29876986
Sell,Sell,0.5658629,0.18034682,0.25379032
Hold,Hold,0.15828829,0.4981944,0.3435173
Sell,Sell,0.5876599,0.15060347,0.2617366
Sell,Hold,0.3126708,0.36030903,0.32702014
Sell,Hold,0.3069,0.42619145,0.26690856
Hold,Hold,0.2188058,0.45410958,0.32708457
Buy,Sell,0.49989006,0.270152,0.22995798
Buy,Buy,0.32915902,0.24422541,0.42661554
Hold,Hold,0.20930679,0.5699436,0.22074963
Hold,Buy,0.16977079,0.3472611,0.48296815
Sell,Hold,0.30718556,0.37896618,0.3138483
Sell,Hold,0.19358309,0.5925232,0.21389364
Sell,Buy,0.11281992,0.24925897,0.63792115
Buy,Buy,0.3752529,0.24412848,0.38061872
Buy,Buy,0.25709298,0.3524682,0.39043877
Sell,Hold,0.13097595,0.648223,0.2208011
Sell,Buy,0.3709877,0.23116726,0.397845
Sell,Sell,0.47496718,0.22569378,0.29933915
Sell,Hold,0.33509606,0.3647089,0.30019507
Buy,Buy,0.24500191,0.28693256,0.4680655
Hold,Buy,0.20336099,0.29500788,0.5016311
Buy,Sell,0.4814788,0.22926271,0.28925842
Buy,Sell,0.48391497,0.3150757,0.20100935
Sell,Sell,0.5766878,0.17433113,0.2489811
Sell,Sell,0.5916991,0.17178072,0.23652019
Buy,Buy,0.10729175,0.24574046,0.6469679
Buy,Sell,0.4221929,0.3601655,0.2176416
Buy,Hold,0.19663559,0.56562006,0.23774433
Buy,Hold,0.25332236,0.39520895,0.3514687
Sell,Buy,0.2677664,0.32455522,0.40767843
Sell,Sell,0.64299345,0.12058669,0.23641984
Buy,Buy,0.19557685,0.26011354,0.5443096
Buy,Buy,0.18905853,0.2285841,0.58235747
Sell,Sell,0.61861354,0.09898654,0.28239995
Hold,Buy,0.11533671,0.33118036,0.55348295
Buy,Sell,0.4140778,0.2935518,0.29237044
Sell,Sell,0.47482055,0.28838432,0.23679511
Buy,Hold,0.39573184,0.46865156,0.13561657
Sell,Sell,0.41635633,0.3212077,0.26243594
Sell,Sell,0.556597,0.19133753,0.25206548
Buy,Sell,0.6227792,0.18942958,0.18779123
Buy,Sell,0.5139211,0.25501192,0.23106697
Buy,Buy,0.26894638,0.24540046,0.48565313
Buy,Hold,0.19980091,0.599722,0.20047705
Sell,Sell,0.5638325,0.20777476,0.22839272
Sell,Sell,0.507236,0.15015489,0.34260908
Hold,Hold,0.17842273,0.5507146,0.27086273
Hold,Buy,0.17658626,0.31635332,0.50706035
Hold,Hold,0.1921348,0.59644014,0.21142507
Buy,Sell,0.59351224,0.17065077,0.23583694
Hold,Sell,0.40333366,0.2888135,0.30785277
Hold,Hold,0.1943929,0.5914695,0.21413757
Sell,Sell,0.42085627,0.24463783,0.3345059
Hold,Buy,0.10978047,0.25093246,0.6392871
Buy,Buy,0.14848639,0.26875702,0.5827565
Hold,Sell,0.5434792,0.3178614,0.13865943
Buy,Sell,0.5525127,0.21184358,0.23564373
Buy,Buy,0.09368421,0.4017094,0.50460637
Buy,Sell,0.50906384,0.21510911,0.27582708
Sell,Buy,0.38829997,0.21778499,0.39391506
Hold,Hold,0.1943929,0.5914695,0.21413757
Hold,Buy,0.09593506,0.24593362,0.6581313
Buy,Sell,0.45988905,0.32230794,0.21780299
Hold,Hold,0.21496415,0.41710326,0.3679326
Buy,Buy,0.29735807,0.30687663,0.3957653
Buy,Hold,0.36035523,0.40255913,0.23708566
Buy,Buy,0.18347868,0.2587584,0.55776286
Hold,Sell,0.3464828,0.30765274,0.34586442
Buy,Hold,0.17778257,0.5895052,0.23271225
Buy,Hold,0.36020014,0.40286043,0.2369394
Sell,Buy,0.34229034,0.25918853,0.39852116
Buy,Buy,0.048179455,0.3076404,0.6441802
Hold,Sell,0.38664705,0.26384223,0.3495107
Sell,Sell,0.5980967,0.16862732,0.23327595
Buy,Hold,0.25882697,0.4414307,0.29974234
Buy,Sell,0.4055619,0.26304883,0.33138934
Hold,Hold,0.1943929,0.5914695,0.21413757
Buy,Sell,0.5820239,0.17590219,0.24207395
Buy,Buy,0.017750701,0.17491351,0.8073358
Sell,Hold,0.32843503,0.41906258,0.2525024
Hold,Buy,0.37589547,0.2252104,0.39889413
Hold,Buy,0.16544539,0.2765945,0.55796015
Buy,Buy,0.1623902,0.26626137,0.5713484
Sell,Sell,0.55195785,0.20764002,0.24040219
Sell,Sell,0.5057283,0.27181664,0.22245508
Sell,Hold,0.20499521,0.54735124,0.24765348
Sell,Hold,0.31247625,0.36280897,0.32471472
Hold,Hold,0.31490314,0.34261033,0.3424865
Hold,Buy,0.059141353,0.34896967,0.59188896
Sell,Buy,0.24562877,0.28174138,0.4726299
Buy,Sell,0.53411824,0.1893591,0.27652264
Buy,Buy,0.09441744,0.36530033,0.54028225
Sell,Sell,0.39193937,0.23515485,0.37290582
Buy,Buy,0.3196312,0.32547867,0.35489008
Buy,Hold,0.32146478,0.40565947,0.27287576
Buy,Buy,0.19981794,0.28877917,0.51140296
Sell,Sell,0.6331671,0.13827994,0.22855301
Buy,Hold,0.35360268,0.3961132,0.25028408
Buy,Sell,0.5309477,0.21498707,0.25406522
Buy,Hold,0.1615495,0.49632862,0.34212187
Buy,Hold,0.2936646,0.3988691,0.30746624
Buy,Sell,0.5658077,0.18024309,0.2539492
Buy,Buy,0.26245773,0.3479423,0.3896
Buy,Buy,0.17126746,0.2508573,0.57787514
Sell,Sell,0.69099563,0.13085325,0.17815112
Hold,Buy,0.30477875,0.30433574,0.39088547
Buy,Buy,0.09048407,0.22979856,0.6797174
Sell,Sell,0.45898566,0.29835272,0.24266164
Sell,Sell,0.44297984,0.3227853,0.23423494
Sell,Sell,0.50974786,0.20713879,0.2831133
Hold,Sell,0.40455368,0.2971113,0.2983351
Sell,Hold,0.30123866,0.36042967,0.33833164
Buy,Buy,0.15722097,0.2441732,0.5986058
Buy,Buy,0.2838264,0.34795973,0.36821395
Sell,Sell,0.56871736,0.18986824,0.24141443
Sell,Sell,0.60267806,0.18441789,0.21290404
Hold,Buy,0.124642976,0.4245835,0.4507736
Hold,Hold,0.23579414,0.41878736,0.34541848
Buy,Buy,0.16444273,0.3552825,0.48027483
Sell,Sell,0.49075606,0.21450251,0.2947414
Sell,Buy,0.3288258,0.22694151,0.44423267
Buy,Sell,0.5118086,0.2261886,0.26200286
Buy,Sell,0.53179777,0.23106244,0.23713976
Buy,Hold,0.2778457,0.41041493,0.31173936
Sell,Hold,0.2663354,0.44628346,0.2873811
Sell,Sell,0.38039622,0.3050261,0.31457767
Buy,Buy,0.016822428,0.16174293,0.8214346
Hold,Buy,0.14483906,0.23735873,0.6178022
Buy,Buy,0.17114468,0.27229074,0.5565645
Buy,Hold,0.31307793,0.35174346,0.33517864
Sell,Buy,0.22002448,0.27556983,0.5044057
Buy,Buy,0.14940411,0.37469098,0.47590494
Hold,Hold,0.29793978,0.3649766,0.33708364
Sell,Sell,0.53965825,0.20036966,0.25997207
Sell,Sell,0.55609494,0.1834331,0.26047194
Buy,Sell,0.38265905,0.32591566,0.29142532
Hold,Hold,0.2600511,0.37475136,0.36519757
Sell,Hold,0.35071298,0.3562127,0.29307434
Buy,Buy,0.33652905,0.24737374,0.41609725
Hold,Sell,0.57509804,0.17528921,0.24961275
Sell,Sell,0.48935446,0.24114996,0.2694956
Hold,Hold,0.26874572,0.37630144,0.35495284
Sell,Buy,0.27144378,0.28437722,0.444179
Buy,Buy,0.1686693,0.2586329,0.57269776
Sell,Buy,0.3227932,0.33524603,0.34196082
Buy,Buy,0.19033289,0.2601799,0.54948723
Hold,Hold,0.22146775,0.537329,0.24120328
Buy,Buy,0.12933795,0.43188992,0.43877214
Sell,Buy,0.12157515,0.2730381,0.60538673
Buy,Sell,0.53311974,0.2057574,0.26112285
Sell,Sell,0.4977017,0.22481835,0.2774799
Sell,Sell,0.45965073,0.291264,0.24908538
Hold,Buy,0.25475636,0.3596348,0.38560888
Sell,Sell,0.4111887,0.2490674,0.33974394
Hold,Hold,0.28531396,0.39525566,0.3194304
Buy,Sell,0.47535124,0.33135837,0.19329041
Hold,Sell,0.4902593,0.23510768,0.27463308
Sell,Sell,0.56154525,0.14104794,0.29740673
Buy,Sell,0.55070406,0.19460037,0.25469565
Hold,Hold,0.22198471,0.5347051,0.24331021
Buy,Buy,0.33604947,0.29537764,0.3685729
Buy,Sell,0.4347353,0.31992248,0.24534217
Buy,Buy,0.20249374,0.2975529,0.4999534
Sell,Buy,0.20167956,0.3232938,0.47502667
Hold,Buy,0.11496516,0.28043166,0.6046032
Sell,Sell,0.5733708,0.1872943,0.23933493
Sell,Hold,0.3143993,0.3798743,0.3057264
Sell,Sell,0.4013539,0.27278247,0.32586363
Buy,Sell,0.46846485,0.21620916,0.315326
Hold,Hold,0.19084306,0.59498787,0.21416903
Buy,Buy,0.25487605,0.3432733,0.40185064
Buy,Sell,0.5738555,0.1476503,0.27849418
Hold,Hold,0.15999211,0.5301518,0.3098561
Sell,Buy,0.34508577,0.30091342,0.35400075
Buy,Hold,0.07729084,0.66312927,0.25957987
Buy,Hold,0.2351955,0.44219732,0.3226072
Buy,Hold,0.10007242,0.58815354,0.31177402
Buy,Buy,0.19210225,0.23901375,0.56888396
Buy,Buy,0.2564739,0.30417997,0.4393462
Buy,Hold,0.18995348,0.5974822,0.21256435
Hold,Buy,0.3313571,0.32748532,0.3411576
Sell,Sell,0.6358347,0.15768906,0.20647624
Sell,Buy,0.25228214,0.25723106,0.4904867
Sell,Buy,0.32126975,0.23596983,0.44276038
Hold,Hold,0.3060127,0.39237285,0.30161452
Hold,Buy,0.22437192,0.2642565,0.5113716
Sell,Sell,0.5527788,0.21214673,0.23507448
Sell,Sell,0.4274477,0.31231815,0.26023418
Sell,Hold,0.3123143,0.35418108,0.33350465
Sell,Hold,0.113160215,0.49788302,0.3889568
Hold,Hold,0.19358309,0.5925232,0.21389364
Sell,Sell,0.5555198,0.19576986,0.24871027
Buy,Sell,0.557898,0.17955524,0.2625468
Sell,Buy,0.29922125,0.26228112,0.4384976
Sell,Hold,0.28627264,0.3908051,0.32292226
Sell,Sell,0.47726837,0.23288445,0.28984725
Hold,Hold,0.19358312,0.5925233,0.21389362
Hold,Buy,0.1845789,0.3866517,0.42876938
Buy,Buy,0.026844146,0.22439876,0.74875706
Hold,Buy,0.26257867,0.3669524,0.370469
Buy,Sell,0.5234778,0.18316516,0.29335704
Sell,Buy,0.3124715,0.32874963,0.35877886
Sell,Sell,0.5033582,0.20051488,0.29612693
Sell,Sell,0.46587425,0.24092972,0.29319602
Buy,Buy,0.21032453,0.29631805,0.4933574
Buy,Buy,0.05324944,0.22169459,0.72505593
Buy,Hold,0.24224637,0.4122132,0.3455404
Hold,Sell,0.3821712,0.30182424,0.3160045
Buy,Hold,0.1943929,0.5914695,0.21413757
Buy,Hold,0.1106336,0.44479427,0.44457212
Hold,Hold,0.16835837,0.5644238,0.2672178
Hold,Hold,0.15711296,0.4536318,0.3892553
Hold,Buy,0.19314228,0.3098301,0.49702764
Buy,Buy,0.07588159,0.24945557,0.6746628
Buy,Hold,0.17450434,0.50289977,0.32259586
Buy,Sell,0.41034344,0.33761278,0.25204387
Buy,Sell,0.4985213,0.21154237,0.28993624
Sell,Hold,0.19358309,0.5925232,0.21389364
Buy,Buy,0.25607127,0.26818126,0.47574744
Hold,Buy,0.30884957,0.32212844,0.36902192
Hold,Buy,0.20627645,0.29205802,0.5016656
Sell,Buy,0.3570807,0.26691657,0.37600273
Sell,Sell,0.44707438,0.37153214,0.18139347
Sell,Hold,0.19002695,0.59840316,0.21156988
Buy,Buy,0.19640464,0.33762774,0.4659676
Buy,Buy,0.2509104,0.27954274,0.46954682
Buy,Sell,0.5563451,0.12726785,0.316387
Sell,Sell,0.40667212,0.28569078,0.3076371
Buy,Hold,0.1853868,0.550765,0.26384822
Buy,Sell,0.38930973,0.31852677,0.2921635
Buy,Buy,0.03612151,0.23126246,0.732616
Buy,Hold,0.21622348,0.49955967,0.28421688
Sell,Hold,0.15536281,0.47950363,0.36513355
Buy,Buy,0.20202254,0.27890396,0.5190734
Buy,Sell,0.534379,0.2250792,0.24054182
Buy,Hold,0.17854685,0.57679003,0.24466307
Buy,Buy,0.14132203,0.27250868,0.58616924
Hold,Sell,0.54207367,0.24594128,0.21198511
Buy,Buy,0.03584994,0.20498687,0.75916326
Hold,Sell,0.39698133,0.31227753,0.29074115
Sell,Hold,0.29158482,0.38268927,0.32572588
Hold,Buy,0.105344504,0.23080043,0.6638551
Buy,Buy,0.2046942,0.31024384,0.485062
Buy,Buy,0.2007395,0.2685663,0.53069425
Hold,Buy,0.20088953,0.3107709,0.48833954
Sell,Sell,0.3982916,0.21175098,0.3899574
Sell,Sell,0.5017965,0.2824174,0.21578616
Buy,Buy,0.29656398,0.2652926,0.43814343
Buy,Buy,0.24230684,0.27196267,0.48573053
Sell,Buy,0.25665417,0.36242473,0.38092119
Hold,Sell,0.41566876,0.27379215,0.3105391
Buy,Buy,0.19063564,0.2482339,0.5611304
Buy,Buy,0.11899845,0.39386317,0.48713833
Sell,Hold,0.3166586,0.37787458,0.30546683
Buy,Buy,0.29524854,0.2991328,0.40561864
Buy,Hold,0.33205777,0.38696748,0.28097475
Sell,Buy,0.2393587,0.37296563,0.38767573
Hold,Sell,0.5161366,0.20388499,0.27997836
Buy,Sell,0.33932343,0.33243033,0.32824627
Hold,Sell,0.49962583,0.29854697,0.20182715
Hold,Hold,0.1908053,0.59812266,0.21107207
Buy,Buy,0.030862736,0.19028683,0.77885044
Buy,Hold,0.28238916,0.4254957,0.2921151
Sell,Sell,0.5204957,0.2225461,0.25695822
Buy,Sell,0.5842893,0.16879964,0.24691102
Buy,Sell,0.36886543,0.32040772,0.31072682
Buy,Sell,0.41978428,0.31780082,0.2624149
Buy,Sell,0.42804524,0.239582,0.33237278
Sell,Sell,0.4205827,0.30177733,0.27763993
Buy,Sell,0.4423145,0.24013844,0.31754705
Buy,Hold,0.20279165,0.4445813,0.35262704
Sell,Sell,0.6091811,0.10413711,0.28668177
Sell,Sell,0.5252088,0.22335464,0.25143653
Sell,Buy,0.27098536,0.3389519,0.39006272
Buy,Hold,0.18352433,0.5547967,0.26167893
Hold,Buy,0.22948307,0.33571675,0.43480024
Hold,Buy,0.3618487,0.27330792,0.36484337
Buy,Sell,0.5651809,0.16842815,0.26639098
Buy,Buy,0.24179102,0.27966288,0.4785461
Buy,Hold,0.2723223,0.41616789,0.31150976
Hold,Sell,0.57038176,0.19281888,0.2367993
Sell,Sell,0.4249594,0.31102228,0.26401836
Hold,Buy,0.2532101,0.3602437,0.38654622
Sell,Sell,0.39134127,0.3814036,0.22725518
Sell,Sell,0.5539444,0.2546338,0.19142178
Sell,Hold,0.18291602,0.49901417,0.31806985
Hold,Hold,0.22127852,0.3912656,0.38745588
Buy,Hold,0.17357776,0.4968057,0.32961652
Hold,Buy,0.22586788,0.26059437,0.5135377
Hold,Hold,0.18275312,0.61172426,0.20552263
Sell,Sell,0.56032026,0.19881049,0.24086924
Sell,Buy,0.2582529,0.25423396,0.48751318
Sell,Hold,0.28055054,0.42734873,0.29210073
Hold,Hold,0.17667168,0.61897373,0.20435457
Hold,Hold,0.19358309,0.5925232,0.21389364
Sell,Hold,0.20996402,0.5438427,0.24619338
Buy,Sell,0.5104626,0.19180667,0.2977307
Buy,Sell,0.6292243,0.08726535,0.2835104
Buy,Buy,0.096403524,0.24192303,0.6616734
Buy,Buy,0.25649917,0.3034264,0.44007447
Hold,Buy,0.14685,0.3570548,0.49609515
Buy,Buy,0.026294338,0.21805242,0.75565326
Buy,Sell,0.39596832,0.34944728,0.25458434
Buy,Buy,0.23775226,0.25833258,0.50391513
Buy,Buy,0.17587347,0.37297344,0.4511531
Buy,Buy,0.21998392,0.26085818,0.51915795
Hold,Sell,0.4234686,0.2986391,0.2778923
Sell,Sell,0.49825606,0.20153055,0.30021337
Buy,Sell,0.6076851,0.15544707,0.23686783
Buy,Buy,0.25233755,0.31705156,0.43061092
Hold,Hold,0.19358309,0.5925232,0.21389364
Hold,Hold,0.23086804,0.4358856,0.33324638
Hold,Sell,0.5191794,0.19644454,0.28437606
Buy,Buy,0.31980714,0.32571116,0.35448167
Sell,Buy,0.3178651,0.30459574,0.37753922
Hold,Hold,0.2288422,0.45523667,0.31592107
Hold,Sell,0.41605726,0.29013094,0.29381177
Sell,Sell,0.47735566,0.30726373,0.21538062
Buy,Sell,0.502189,0.17363733,0.32417372
Buy,Hold,0.1943929,0.5914695,0.21413757
Sell,Sell,0.3863042,0.25134346,0.36235243
Buy,Sell,0.42216468,0.20972732,0.36810797
Hold,Buy,0.3257812,0.32969284,0.3445259
Buy,Sell,0.5120576,0.21081203,0.27713028
Buy,Hold,0.3301396,0.4276034,0.242257
Sell,Buy,0.25826046,0.25828248,0.48345697
Buy,Buy,0.18929866,0.26927525,0.5414261
Buy,Buy,0.20715605,0.34486905,0.44797486
Buy,Buy,0.08916932,0.2685231,0.6423076
Sell,Buy,0.2874124,0.34183034,0.37075725
Buy,Sell,0.4257144,0.31719828,0.25708726
Sell,Sell,0.58580375,0.16901083,0.24518542
Buy,Buy,0.20891172,0.26434013,0.5267482
Buy,Buy,0.21661742,0.3848203,0.39856228
Buy,Hold,0.2663776,0.43282557,0.30079678
Sell,Hold,0.3525346,0.40951866,0.23794681
Buy,Buy,0.31312746,0.3156928,0.3711797
Buy,Hold,0.25244123,0.40743062,0.34012812
Hold,Sell,0.7102338,0.14162014,0.14814603
Buy,Buy,0.31223437,0.28041148,0.40735412
Hold,Sell,0.38299578,0.35112345,0.26588076
Sell,Sell,0.53704786,0.1778151,0.28513703
Buy,Hold,0.1454062,0.617207,0.23738685
Sell,Buy,0.25748995,0.3209682,0.42154187
Buy,Sell,0.51126707,0.16234009,0.32639286
Buy,Buy,0.11609035,0.2849051,0.5990045
Buy,Sell,0.566825,0.17852037,0.25465465
Sell,Hold,0.3331243,0.33502802,0.33184764
Sell,Hold,0.19358309,0.5925232,0.21389364
Hold,Sell,0.37917942,0.32232273,0.2984979
Sell,Sell,0.54194266,0.15943192,0.29862538
Sell,Hold,0.2725027,0.45289147,0.27460578
Sell,Sell,0.48837247,0.21564254,0.29598495
Hold,Hold,0.2107281,0.42598292,0.363289
Buy,Sell,0.58521265,0.25295448,0.1618329
Buy,Hold,0.21897192,0.3972258,0.38380226
Sell,Sell,0.58626586,0.17273852,0.24099562
Hold,Sell,0.75914913,0.10559392,0.13525698
Sell,Buy,0.30816716,0.23182675,0.46000612
Hold,Hold,0.21900384,0.49122316,0.289773
Buy,Buy,0.3565987,0.22890224,0.41449907
Hold,Hold,0.17442057,0.4570113,0.36856815
Sell,Sell,0.6764705,0.06427974,0.25924972
Sell,Buy,0.30596384,0.33782482,0.35621136
Hold,Hold,0.30878583,0.37860528,0.31260887
Buy,Hold,0.31282926,0.352817,0.33435374
Hold,Sell,0.47641674,0.18477046,0.33881286
Sell,Hold,0.19219796,0.5365539,0.2712482
Hold,Hold,0.19358309,0.5925232,0.21389364
Buy,Hold,0.1943929,0.5914695,0.21413757
Hold,Sell,0.46612588,0.25521305,0.27866107
Sell,Hold,0.3040486,0.41571105,0.2802404
Hold,Buy,0.12716419,0.34309083,0.529745
Sell,Sell,0.6166686,0.15351926,0.22981215
Sell,Hold,0.34014893,0.36827245,0.29157862
Sell,Hold,0.21567711,0.53723705,0.24708591
Buy,Sell,0.41754556,0.23229846,0.35015595
Hold,Hold,0.3014082,0.3738174,0.3247744
Sell,Buy,0.16323139,0.3534755,0.48329315
Hold,Buy,0.32604012,0.30284736,0.37111253
Sell,Hold,0.3499818,0.4224384,0.22757977
Buy,Buy,0.044130042,0.21462001,0.7412499
Sell,Sell,0.35614276,0.299107,0.34475026
Sell,Hold,0.19788156,0.4173323,0.38478613
Buy,Buy,0.3143031,0.28013194,0.40556493
Buy,Sell,0.447635,0.26366758,0.2886975
Hold,Hold,0.19113286,0.59482133,0.21404575
Buy,Sell,0.3707582,0.2887734,0.3404684
Sell,Sell,0.47765633,0.22372106,0.29862267
Sell,Hold,0.3621311,0.4079885,0.22988045
Buy,Buy,0.13128635,0.26175976,0.60695386
Hold,Buy,0.34539506,0.26288283,0.39172205
Sell,Sell,0.52832466,0.19510159,0.27657372
Buy,Buy,0.33474508,0.21942769,0.4458273
Buy,Sell,0.39256284,0.30581638,0.3016207
Buy,Sell,0.38940835,0.25942624,0.35116547
Sell,Sell,0.4964057,0.2275613,0.276033
Sell,Sell,0.42582384,0.25125033,0.32292578
Buy,Hold,0.15285571,0.48697907,0.36016524
Hold,Sell,0.4610085,0.27257204,0.26641947
Buy,Buy,0.116140656,0.36246678,0.5213925
Sell,Sell,0.51628745,0.17405868,0.30965394
Buy,Sell,0.4792967,0.2524976,0.26820567
Hold,Sell,0.49388936,0.21116732,0.29494324
Buy,Buy,0.010440631,0.17129119,0.8182682
Buy,Buy,0.28956962,0.26786873,0.4425617
Buy,Hold,0.22891994,0.46718085,0.3038992
Buy,Sell,0.39975712,0.26403892,0.336204
Sell,Buy,0.26880002,0.26968336,0.46151662
Buy,Buy,0.060118306,0.31589326,0.62398845
Sell,Sell,0.6286292,0.11936177,0.25200897
Hold,Hold,0.18331705,0.563363,0.25331998
Hold,Hold,0.3522828,0.35714862,0.29056868
Sell,Sell,0.38493717,0.32549545,0.28956738
Buy,Sell,0.39643326,0.2703346,0.3332321
Sell,Sell,0.5662546,0.19161125,0.24213415
Hold,Hold,0.1943929,0.5914695,0.21413757
Hold,Sell,0.49596515,0.28114596,0.22288884
Hold,Buy,0.26200348,0.29080257,0.4471939
Sell,Sell,0.52920973,0.23466378,0.23612653
Hold,Buy,0.11591268,0.32168326,0.5624041
Hold,Buy,0.32161283,0.30917943,0.3692077
Sell,Sell,0.6914784,0.14773934,0.16078228
Buy,Buy,0.031563528,0.24538673,0.7230497
Sell,Hold,0.17581515,0.43170962,0.39247525
Sell,Hold,0.22407685,0.4908503,0.28507283
Buy,Hold,0.1499717,0.48312792,0.36690032
Sell,Sell,0.5755275,0.179895,0.24457754
Buy,Hold,0.2831271,0.35974482,0.3571281
Buy,Sell,0.4800617,0.25555015,0.26438814
Hold,Hold,0.2247238,0.5409698,0.23430642
Buy,Buy,0.23325115,0.28032026,0.48642865
Sell,Buy,0.36260426,0.24336128,0.39403453
Buy,Sell,0.5563483,0.22171943,0.22193226
Buy,Buy,0.05141499,0.3530553,0.5955297
Sell,Sell,0.62089396,0.147282,0.2318241
Buy,Hold,0.17946798,0.47015488,0.3503771
Sell,Buy,0.08250727,0.27239728,0.64509547
Hold,Hold,0.31579584,0.41453254,0.26967162
Hold,Buy,0.27903324,0.25014865,0.47081813
Buy,Sell,0.35489273,0.29108617,0.35402107
Sell,Buy,0.16261643,0.25909978,0.5782837
Buy,Buy,0.20849176,0.24918757,0.5423207
Buy,Sell,0.39093372,0.33946714,0.26959914
Hold,Buy,0.2588849,0.32838342,0.41273165
Buy,Buy,0.2257268,0.31648406,0.45778915
Sell,Buy,0.23869635,0.2752907,0.48601303
Sell,Hold,0.19358309,0.5925232,0.21389364
Sell,Sell,0.5760978,0.19216777,0.23173447
Sell,Hold,0.22591996,0.52041614,0.2536638
Sell,Buy,0.17272045,0.31375536,0.51352423
Hold,Hold,0.14043257,0.50967085,0.34989664
Buy,Sell,0.4392819,0.2719213,0.2887969
Buy,Hold,0.291504,0.38791978,0.32057622
Hold,Buy,0.23812497,0.26443514,0.49743986
Buy,Buy,0.01570747,0.18005505,0.8042375
Buy,Sell,0.5877833,0.1363082,0.27590856
Sell,Sell,0.50176,0.22006795,0.27817205
Sell,Sell,0.49220654,0.1859604,0.3218331
Hold,Sell,0.5129773,0.27837226,0.2086504
Buy,Buy,0.13135183,0.27330694,0.59534127
Hold,Hold,0.19358309,0.5925232,0.21389364
Buy,Sell,0.5826901,0.18875302,0.22855684
Buy,Buy,0.31528044,0.31662136,0.36809826
Buy,Sell,0.38894483,0.23809224,0.3729629
Buy,Sell,0.41444233,0.20810364,0.37745404
Buy,Sell,0.53626716,0.21559829,0.24813458
Hold,Sell,0.3768977,0.27904025,0.3440621
Hold,Hold,0.28009376,0.47709918,0.242807
Buy,Buy,0.2474553,0.32472602,0.42781872
Buy,Buy,0.18179452,0.21480717,0.6033983
Sell,Buy,0.35872307,0.24340577,0.39787117
Buy,Buy,0.10515609,0.35281456,0.5420294
Buy,Buy,0.06766269,0.31690827,0.61542904
Sell,Hold,0.18898876,0.5980198,0.21299142
Hold,Sell,0.5072368,0.20362413,0.28913912
Buy,Buy,0.07675518,0.32710323,0.5961415
Buy,Hold,0.22380401,0.5411048,0.23509121
Hold,Buy,0.2190953,0.3310107,0.44989398
Hold,Hold,0.19716635,0.48455027,0.3182834
Buy,Buy,0.28087088,0.31563345,0.4034957
Buy,Sell,0.37616593,0.26712573,0.35670832
Hold,Sell,0.48923674,0.23302722,0.27773598
Buy,Buy,0.06379501,0.36507466,0.57113034
Buy,Hold,0.3152838,0.42081243,0.26390374
Sell,Sell,0.56620365,0.18476199,0.2490344
Buy,Buy,0.031196736,0.2014841,0.7673192
Sell,Sell,0.4735527,0.22525002,0.30119726
Sell,Sell,0.5281605,0.18407494,0.28776452
Buy,Hold,0.29642358,0.40649262,0.29708374
Buy,Buy,0.13132383,0.26834399,0.6003322
Buy,Buy,0.19752482,0.32576892,0.47670624
Buy,Buy,0.008071674,0.15500247,0.8369259
Buy,Buy,0.05393377,0.38928875,0.5567774
Buy,Sell,0.65275836,0.078040704,0.269201
Buy,Buy,0.13725655,0.2864388,0.5763047
Hold,Hold,0.26917258,0.5008007,0.2300266
Sell,Buy,0.30267218,0.27315643,0.42417145
Sell,Hold,0.23526414,0.45142302,0.31331283
Sell,Sell,0.5938194,0.14054605,0.26563454
Hold,Hold,0.13876048,0.48111382,0.38012567
Buy,Buy,0.06694746,0.28638998,0.6466626
Hold,Sell,0.42599022,0.27691826,0.29709154
Sell,Buy,0.3006693,0.24803217,0.45129856
Buy,Sell,0.5968444,0.17617628,0.22697935
Hold,Sell,0.42550948,0.23213623,0.3423543
Buy,Sell,0.4851868,0.24389523,0.270918
Sell,Sell,0.4087401,0.25920603,0.3320539
Sell,Sell,0.50496906,0.21332937,0.2817015
Buy,Buy,0.19445299,0.24379456,0.56175244
Sell,Sell,0.4055468,0.2324034,0.3620498
Buy,Hold,0.28361747,0.41786277,0.2985197
Buy,Sell,0.57058656,0.17634456,0.25306892
Hold,Buy,0.2131663,0.3258536,0.46098012
Buy,Buy,0.03507133,0.19507957,0.7698491
Hold,Hold,0.30143476,0.42647704,0.27208823
Sell,Hold,0.2093081,0.58022565,0.21046619
Buy,Hold,0.11752939,0.5677444,0.31472623
Buy,Buy,0.013830754,0.16968757,0.8164817
Buy,Sell,0.47234946,0.28012943,0.24752113
Buy,Buy,0.027062533,0.20879766,0.76413983
Sell,Sell,0.41128886,0.26160017,0.327111
Sell,Sell,0.62632006,0.14019862,0.23348127
Buy,Buy,0.27402171,0.35761634,0.36836192
Sell,Sell,0.4667082,0.2852657,0.24802603
Buy,Buy,0.06056306,0.19822857,0.7412084
Buy,Sell,0.61427104,0.14748788,0.23824106
Buy,Sell,0.3771582,0.27498776,0.34785405
Hold,Sell,0.3705274,0.27737585,0.35209683
Buy,Sell,0.60615367,0.22487089,0.16897543
Buy,Hold,0.20749123,0.5632903,0.2292185
Sell,Sell,0.5273597,0.26796174,0.20467854
Sell,Buy,0.16486965,0.24270469,0.5924256
Hold,Hold,0.16207354,0.5746132,0.26331326
Buy,Hold,0.1943929,0.5914695,0.21413757
Buy,Buy,0.093819536,0.26111487,0.64506555
Buy,Buy,0.18653867,0.2690208,0.54444057
Hold,Buy,0.0648988,0.22617635,0.70892495
Buy,Buy,0.13532333,0.2908877,0.57378894
Hold,Buy,0.3330701,0.28745377,0.37947604
Hold,Buy,0.15658505,0.26611647,0.57729846
Sell,Sell,0.6510705,0.15586169,0.19306782
Buy,Sell,0.52786773,0.17440438,0.29772788
Buy,Hold,0.20152098,0.48067486,0.31780416
Buy,Hold,0.26413384,0.38310122,0.35276493
Hold,Sell,0.35364145,0.29431865,0.3520399
Sell,Sell,0.5562294,0.18323033,0.2605403
Sell,Sell,0.39266896,0.39034504,0.21698603
Buy,Buy,0.29171214,0.2171701,0.49111784
Sell,Buy,0.2509471,0.3163672,0.43268567
Sell,Hold,0.2933856,0.38538492,0.3212295
Buy,Hold,0.19924018,0.4670609,0.3336989
Sell,Sell,0.448264,0.18593693,0.36579913
Sell,Sell,0.5679667,0.17040542,0.2616279
Hold,Sell,0.42391482,0.29839692,0.2776883
Buy,Buy,0.12124346,0.27934435,0.5994122
Sell,Sell,0.43171915,0.20407268,0.36420813
Buy,Buy,0.0818753,0.27142343,0.6467013
Sell,Buy,0.3396583,0.28121975,0.37912193
Sell,Sell,0.5886412,0.16857089,0.24278796
Buy,Sell,0.39849973,0.2523107,0.3491896
Buy,Buy,0.23288713,0.2571394,0.50997347
Hold,Hold,0.22218536,0.561097,0.2167176
Buy,Buy,0.28114995,0.33946744,0.37938264
Hold,Buy,0.22094262,0.2609326,0.51812476
Buy,Buy,0.08423728,0.24836335,0.66739935
Hold,Hold,0.19358309,0.5925232,0.21389364
Buy,Buy,0.36416185,0.24366006,0.39217803
Buy,Sell,0.59574074,0.17950091,0.22475836
Buy,Sell,0.5679227,0.1683508,0.2637265
Hold,Sell,0.5264996,0.15349767,0.3200027
Buy,Buy,0.33867466,0.31384,0.34748536
Buy,Buy,0.07311024,0.39505798,0.5318317
Buy,Buy,0.26831222,0.30043203,0.43125573
Sell,Buy,0.18584676,0.24124335,0.57290995
Sell,Hold,0.12912752,0.547111,0.32376152
Sell,Sell,0.52056634,0.1664778,0.31295586
Sell,Hold,0.303871,0.35839343,0.33773556
Buy,Buy,0.3403811,0.28010312,0.37951586
Buy,Hold,0.3043764,0.42516738,0.2704562
Buy,Hold,0.19831698,0.46274748,0.33893552
Buy,Hold,0.25492933,0.48616794,0.25890276
Buy,Buy,0.1131364,0.2682152,0.6186484
Buy,Buy,0.0778023,0.26913366,0.653064
Hold,Buy,0.18157819,0.29854834,0.51987344
Buy,Hold,0.23021474,0.47306362,0.29672167
Hold,Sell,0.573332,0.27385837,0.15280958
Buy,Buy,0.32964748,0.2741204,0.39623207
Buy,Buy,0.063646875,0.20065786,0.7356953
Buy,Sell,0.5204315,0.20839906,0.27116945
Sell,Sell,0.47764027,0.25192535,0.27043438
Sell,Sell,0.5284842,0.2236512,0.24786465
Buy,Hold,0.1580603,0.4964093,0.3455304
Buy,Buy,0.21228726,0.2816376,0.50607514
Sell,Sell,0.5135359,0.32100245,0.1654617
Sell,Buy,0.22897458,0.25413677,0.5168886
Hold,Buy,0.28708,0.2828297,0.43009037
Buy,Buy,0.19333775,0.24516611,0.5614962
Buy,Sell,0.504619,0.23036002,0.26502094
Buy,Hold,0.16515987,0.5877189,0.24712123
Buy,Buy,0.12271433,0.42610252,0.45118314
Sell,Sell,0.61530304,0.15201913,0.23267779
Buy,Sell,0.43390015,0.28903928,0.27706057
Buy,Buy,0.028237522,0.20288599,0.7688765
Sell,Sell,0.51843125,0.16856942,0.3129994
Hold,Hold,0.1943929,0.5914695,0.21413757
Buy,Sell,0.3725419,0.3338214,0.2936367
Buy,Sell,0.43108654,0.2415195,0.32739392
Buy,Buy,0.105185024,0.3483055,0.5465095
Sell,Hold,0.17718343,0.497573,0.32524356
Sell,Sell,0.39577705,0.26239532,0.34182763
Hold,Buy,0.20321047,0.30391854,0.49287093
Buy,Hold,0.28250906,0.36143833,0.3560526
Sell,Sell,0.4063365,0.2580472,0.33561632
Buy,Buy,0.045167774,0.29053074,0.66430146
Buy,Sell,0.37611732,0.26626182,0.35762087
Buy,Buy,0.25026718,0.34640574,0.40332708
Buy,Sell,0.57437146,0.18043144,0.24519716
Buy,Hold,0.27960208,0.4053343,0.3150636
Buy,Sell,0.5336839,0.14335701,0.32295904
Hold,Buy,0.18367124,0.21991265,0.5964161
Sell,Hold,0.16121075,0.50915545,0.3296338
Buy,Sell,0.3991868,0.3570804,0.2437328
Sell,Sell,0.4198207,0.28704843,0.29313084
Sell,Sell,0.4676608,0.28242233,0.24991687
Sell,Buy,0.14962499,0.28608826,0.56428677
Buy,Sell,0.36082166,0.33911362,0.3000647
Hold,Sell,0.5769798,0.18236776,0.2406524
Buy,Buy,0.03150398,0.19454525,0.7739508
Buy,Sell,0.49265662,0.21351646,0.29382703
Hold,Sell,0.52259153,0.21267445,0.26473397
Sell,Hold,0.31973398,0.34158337,0.33868262
Buy,Buy,0.03604958,0.20492776,0.75902265
Hold,Hold,0.20475814,0.4157777,0.3794642
Sell,Sell,0.54823744,0.2018967,0.24986587
Sell,Buy,0.28920725,0.3390082,0.3717845
Buy,Hold,0.16672316,0.42421153,0.40906537
Sell,Buy,0.14374965,0.30678543,0.5494649
Buy,Sell,0.5662369,0.20141333,0.23234978
Buy,Sell,0.41750887,0.37855765,0.20393357
Hold,Sell,0.42003298,0.36429474,0.21567225
Sell,Sell,0.6011181,0.16262631,0.23625557
Buy,Buy,0.14461666,0.24994911,0.6054342
Buy,Buy,0.06211301,0.19937937,0.7385076
Hold,Hold,0.1943929,0.5914695,0.21413754
Buy,Sell,0.43463898,0.20307605,0.36228493
Sell,Buy,0.19679122,0.25722617,0.54598266
Buy,Hold,0.31742513,0.4411553,0.24141958
Sell,Buy,0.36199477,0.20709915,0.43090603
Sell,Sell,0.5640624,0.20833069,0.2276069
Sell,Sell,0.612675,0.22770722,0.1596178
Buy,Buy,0.3160693,0.33603898,0.34789172
Hold,Hold,0.1943929,0.5914695,0.21413757
Sell,Hold,0.30380303,0.44780007,0.24839689
Buy,Buy,0.3104509,0.29595387,0.39359516
Sell,Sell,0.571768,0.18236946,0.24586259
Buy,Buy,0.29501328,0.32601234,0.37897444
Sell,Sell,0.48761627,0.19502282,0.31736088
Hold,Hold,0.20028876,0.5127832,0.28692803
Sell,Sell,0.5117535,0.2136021,0.2746444
Buy,Hold,0.2959098,0.45809323,0.24599697
Hold,Hold,0.34302256,0.41932654,0.23765092
Hold,Sell,0.4361739,0.26700222,0.2968239
Buy,Buy,0.20660055,0.33027408,0.46312535
Hold,Hold,0.24401073,0.50334597,0.25264335
Buy,Sell,0.46753842,0.2790227,0.25343883
Buy,Buy,0.11431104,0.26923335,0.6164557
Buy,Buy,0.28312287,0.26497442,0.4519027
Buy,Buy,0.017452542,0.1870047,0.7955428
Buy,Buy,0.1802755,0.3243798,0.4953447
Hold,Hold,0.2163893,0.47038737,0.3132233
Sell,Sell,0.48605752,0.32825154,0.185691
Buy,Buy,0.17838863,0.27103463,0.55057675
Sell,Sell,0.5968641,0.11976456,0.2833714
Hold,Hold,0.1943929,0.5914695,0.21413757
Sell,Buy,0.18316838,0.27825597,0.53857565
Hold,Buy,0.22421177,0.3792819,0.39650634
Buy,Hold,0.3245295,0.42688558,0.24858497
Sell,Sell,0.51114464,0.20516416,0.28369114
Sell,Sell,0.64662266,0.14942384,0.20395353
Sell,Buy,0.22284918,0.25880498,0.51834583
Sell,Sell,0.50490713,0.3323818,0.16271108
Sell,Sell,0.5637048,0.18381222,0.25248292
Sell,Sell,0.39042705,0.3648354,0.24473752
Buy,Sell,0.5751608,0.18445835,0.24038085
Hold,Hold,0.19358309,0.5925232,0.21389364
Sell,Buy,0.2035275,0.25866044,0.53781205
Sell,Hold,0.29439306,0.3766777,0.3289292
Buy,Buy,0.13338158,0.26589048,0.6007279
Buy,Sell,0.41114488,0.27753747,0.31131762
Sell,Buy,0.05154074,0.21946387,0.72899544
Buy,Buy,0.010582331,0.15219261,0.83722514
Buy,Hold,0.3617187,0.37246075,0.2658205
Hold,Hold,0.31313592,0.35241792,0.33444616
Buy,Sell,0.56748503,0.20764865,0.22486638
Sell,Sell,0.55290526,0.19754532,0.24954942
Hold,Hold,0.21536624,0.53590244,0.24873134
Sell,Sell,0.49180853,0.20325637,0.3049351
Sell,Sell,0.5975354,0.20053753,0.20192714
Hold,Buy,0.3633281,0.23703247,0.39963937
Sell,Hold,0.3367869,0.38274595,0.28046715
Buy,Sell,0.42812586,0.24670574,0.32516843
Sell,Sell,0.44248572,0.23049775,0.32701653
Sell,Buy,0.2243605,0.25292048,0.522719
Buy,Hold,0.34043178,0.3669289,0.29263932
Buy,Sell,0.36749968,0.28497764,0.34752268
Sell,Buy,0.36961037,0.21907154,0.4113181
Sell,Hold,0.29191545,0.39513996,0.3129446
Buy,Hold,0.20042554,0.45793504,0.3416394
Sell,Sell,0.6348081,0.20639835,0.15879351
Hold,Hold,0.20734134,0.50758904,0.28506964
Hold,Hold,0.18817803,0.49384132,0.31798065
Sell,Sell,0.59125185,0.17313209,0.23561601
Sell,Hold,0.26074713,0.37545624,0.36379656
Sell,Sell,0.67769134,0.1006837,0.22162496
Buy,Sell,0.39780062,0.30039316,0.30180615
Sell,Sell,0.43122882,0.25619888,0.31257227
Buy,Hold,0.23016375,0.4330915,0.3367447
Buy,Buy,0.21319212,0.3582859,0.42852193
Buy,Buy,0.112284765,0.24089213,0.6468231
Buy,Hold,0.16849262,0.54797685,0.28353056
Buy,Buy,0.12273731,0.27012968,0.60713303
Hold,Hold,0.16247429,0.5790896,0.25843617
Sell,Sell,0.5683631,0.2038349,0.22780201
Sell,Hold,0.22009559,0.53407013,0.24583429
Buy,Buy,0.3408705,0.29697445,0.36215496
Hold,Sell,0.46950153,0.22858818,0.30191037
Hold,Sell,0.3953432,0.26895732,0.3356995
Sell,Buy,0.16975653,0.41083324,0.41941023
Hold,Buy,0.31127363,0.3265401,0.36218625
Buy,Sell,0.40588817,0.29633018,0.2977816
Sell,Hold,0.20953615,0.51717496,0.27328888
Hold,Sell,0.5534644,0.3192278,0.12730782
Sell,Sell,0.6735989,0.070871726,0.25552943
Sell,Sell,0.5368707,0.1974792,0.26565012
Buy,Buy,0.31146803,0.21501762,0.47351435
Sell,Buy,0.27438387,0.27069536,0.45492077
Buy,Hold,0.20314029,0.55495566,0.24190402
Sell,Sell,0.66991204,0.1904484,0.13963954
Sell,Buy,0.10579652,0.24776179,0.6464417
Buy,Buy,0.064958595,0.35974246,0.5752989
Buy,Buy,0.20768984,0.2624884,0.52982175
Sell,Hold,0.19358309,0.5925232,0.21389364
Buy,Buy,0.012739568,0.17499806,0.8122625
Buy,Hold,0.26236892,0.46864706,0.26898402
Buy,Hold,0.26756182,0.38044202,0.35199618
Sell,Sell,0.4448439,0.3326334,0.22252268
Buy,Hold,0.15950035,0.47261733,0.36788222
Sell,Sell,0.57906556,0.17980245,0.24113207
Sell,Hold,0.18595384,0.5699176,0.24412858
Sell,Sell,0.44592196,0.26436955,0.2897085
Buy,Buy,0.06482728,0.23286812,0.70230454
Buy,Hold,0.21246816,0.47039115,0.3171406
Buy,Hold,0.22466718,0.4917691,0.2835637
Hold,Sell,0.34820548,0.31713942,0.33465508
Sell,Buy,0.16295594,0.26426655,0.5727775
Buy,Hold,0.32845283,0.38803965,0.28350753
Sell,Sell,0.5247128,0.18960306,0.2856841
Sell,Sell,0.47698155,0.24681844,0.2761999
Hold,Buy,0.29378965,0.26714286,0.43906742
Sell,Buy,0.096316,0.31264517,0.5910388
Buy,Buy,0.11983602,0.3158048,0.5643592
Sell,Hold,0.26355758,0.46953657,0.26690584
Buy,Sell,0.64978915,0.07554266,0.2746682
Hold,Hold,0.16216049,0.52963203,0.30820742
Sell,Buy,0.11215386,0.28094503,0.6069011
Hold,Sell,0.4826267,0.1797176,0.3376556
Sell,Sell,0.47009203,0.24135375,0.28855416
Buy,Hold,0.15605932,0.5269152,0.31702542
Sell,Sell,0.3864411,0.31046563,0.30309328
Buy,Buy,0.19419947,0.3987339,0.40706655
Hold,Sell,0.5218908,0.2168815,0.26122776
Sell,Sell,0.42073333,0.23588595,0.3433807
Buy,Buy,0.03910116,0.22832403,0.7325748
Hold,Buy,0.26520842,0.3418483,0.3929432
Sell,Buy,0.22411473,0.3354912,0.44039404
Buy,Buy,0.33599412,0.24321726,0.42078862
Sell,Hold,0.27358535,0.41236842,0.31404623
Buy,Sell,0.63594174,0.13579653,0.22826168
Hold,Buy,0.27271608,0.3383622,0.38892183
Buy,Buy,0.114082105,0.4225617,0.4633562
Buy,Buy,0.11602725,0.3452054,0.5387673
Hold,Hold,0.051978696,0.6851763,0.26284504
Buy,Buy,0.16513978,0.2249321,0.6099281
Sell,Hold,0.32644096,0.3767386,0.29682046
Sell,Hold,0.20145896,0.42259505,0.37594596
Hold,Hold,0.23001456,0.47430223,0.29568315
Buy,Buy,0.17580712,0.17324795,0.65094495
Sell,Hold,0.24985744,0.42018172,0.32996082
Buy,Sell,0.39732492,0.21205884,0.3906162
Buy,Buy,0.30895668,0.3172469,0.3737964
Buy,Buy,0.12473416,0.24772485,0.627541
Buy,Hold,0.1532727,0.4871929,0.35953435
Sell,Buy,0.21640262,0.3146232,0.4689742
Sell,Buy,0.057442263,0.22442354,0.7181341
Buy,Hold,0.26945964,0.40076363,0.3297767
Buy,Buy,0.17567694,0.34803343,0.47628963
Hold,Buy,0.33703816,0.30390736,0.35905442
Hold,Sell,0.49986723,0.21095943,0.28917333
Sell,Sell,0.6063919,0.15513235,0.23847574
Sell,Sell,0.5945812,0.15032427,0.25509453
Sell,Sell,0.43949133,0.32745013,0.23305854
Hold,Buy,0.22171558,0.3019508,0.47633353
Buy,Sell,0.63234913,0.17377627,0.19387452
Hold,Buy,0.0770297,0.22138016,0.70159006
Buy,Buy,0.192095,0.2712764,0.53662866
Sell,Sell,0.3892878,0.33188888,0.27882332
Buy,Buy,0.098047875,0.2673446,0.63460755
Sell,Buy,0.35925317,0.25981307,0.38093376
Sell,Sell,0.47118747,0.18914978,0.33966276
Hold,Hold,0.23130247,0.42643243,0.34226513
Buy,Buy,0.341042,0.2745113,0.38444668
Buy,Hold,0.23347206,0.5095055,0.25702238
Buy,Sell,0.3661402,0.3643295,0.26953024
Sell,Sell,0.4585315,0.32314527,0.21832326
Hold,Buy,0.20328592,0.25824383,0.53847027
Hold,Buy,0.21047166,0.26588494,0.5236434
Buy,Sell,0.5066909,0.24084765,0.25246143
Buy,Sell,0.39218348,0.23830143,0.36951503
Buy,Hold,0.27188125,0.44402504,0.28409365
Sell,Sell,0.39101422,0.3780655,0.23092027
Sell,Sell,0.4201925,0.30391288,0.27589458
Hold,Sell,0.44934875,0.33203676,0.2186145
Hold,Sell,0.50099206,0.23591714,0.2630908
Sell,Hold,0.33611834,0.33971784,0.32416382
Sell,Sell,0.37750894,0.25179517,0.37069592
Buy,Hold,0.34059042,0.37825656,0.28115302
Hold,Hold,0.23936729,0.4961387,0.264494
Buy,Sell,0.45101,0.35331392,0.1956761
Sell,Sell,0.46658736,0.2544884,0.27892423
Buy,Buy,0.3613901,0.22942917,0.40918076
Buy,Hold,0.2448646,0.4138499,0.34128553
Buy,Buy,0.34775007,0.2512279,0.40102202
Buy,Hold,0.23898871,0.41624397,0.34476727
Buy,Hold,0.2235048,0.536518,0.23997718
Buy,Hold,0.27585027,0.4364618,0.28768793
Buy,Sell,0.40983328,0.2257175,0.3644492
Hold,Hold,0.25870496,0.40102872,0.34026632
Buy,Buy,0.1444126,0.2891283,0.5664591
Buy,Buy,0.1602257,0.23340069,0.6063736
Hold,Hold,0.19358309,0.5925232,0.21389364
Buy,Hold,0.16773972,0.4169997,0.41526052
Hold,Sell,0.6227376,0.0954785,0.28178394
Buy,Hold,0.23715444,0.41636145,0.34648415
Hold,Hold,0.26555395,0.38561192,0.34883413
Sell,Sell,0.5330702,0.20360766,0.2633222
Sell,Buy,0.19335018,0.25361064,0.5530392
Buy,Sell,0.4111928,0.24823959,0.34056756
Sell,Sell,0.45509678,0.20321138,0.34169182
Hold,Buy,0.16926624,0.29961747,0.5311163
Sell,Sell,0.55074817,0.31522208,0.13402985
Sell,Sell,0.5737859,0.19007488,0.23613918
Buy,Hold,0.1943929,0.5914695,0.21413757
Hold,Buy,0.042484645,0.35201016,0.6055052
Hold,Hold,0.30030933,0.37577772,0.32391292
Buy,Sell,0.38517693,0.34299815,0.2718249
Buy,Sell,0.4096885,0.25628802,0.3340235
Sell,Sell,0.5809096,0.12912671,0.28996372
Buy,Buy,0.36122596,0.2695085,0.3692655
Buy,Hold,0.27347597,0.46066675,0.26585725
Buy,Buy,0.34209555,0.2917405,0.3661639
Sell,Buy,0.24306254,0.33228633,0.42465115
Hold,Sell,0.49169576,0.31708476,0.19121946
Buy,Sell,0.44422778,0.27245805,0.28331414
Hold,Buy,0.123424046,0.26224828,0.61432767
Hold,Buy,0.15821409,0.26148722,0.58029866
Hold,Buy,0.32160836,0.27823555,0.40015608
Hold,Hold,0.19358312,0.5925233,0.21389362
Hold,Sell,0.46988684,0.277517,0.2525962
Hold,Sell,0.46271366,0.24982376,0.28746253
Buy,Sell,0.6263757,0.14296485,0.23065944
Sell,Hold,0.3203954,0.38281927,0.29678535
Buy,Sell,0.48894086,0.2270409,0.28401813
Sell,Sell,0.5819911,0.14419739,0.27381152
Sell,Sell,0.5098187,0.2505036,0.23967777
Sell,Sell,0.63473904,0.18743452,0.17782652
Sell,Buy,0.2783205,0.268623,0.4530565
Sell,Buy,0.3038668,0.34764072,0.3484925
Sell,Buy,0.26761273,0.2920019,0.44038543
Hold,Hold,0.33714506,0.3514936,0.3113613
Buy,Sell,0.51674,0.21049514,0.2727649
Sell,Hold,0.19358309,0.5925232,0.21389364
Sell,Buy,0.22186302,0.3333607,0.44477624
Buy,Buy,0.007816396,0.15979442,0.8323891
Hold,Sell,0.49881247,0.19895789,0.30222964
Hold,Sell,0.41988358,0.37802312,0.20209327
Sell,Buy,0.30481547,0.2463934,0.44879112
Hold,Sell,0.38488454,0.33416528,0.28095013
Buy,Hold,0.27027747,0.4140602,0.31566235
Hold,Buy,0.30391327,0.23835726,0.45772955
Buy,Hold,0.30916497,0.3741854,0.31664965
Buy,Buy,0.33979404,0.2458406,0.41436532
Sell,Sell,0.5841642,0.16650751,0.24932826
Buy,Sell,0.6005157,0.17674644,0.2227379
Buy,Sell,0.4452689,0.25758016,0.29715094
Buy,Hold,0.37638766,0.37907317,0.2445392
Buy,Sell,0.4659219,0.2434125,0.2906656
Hold,Sell,0.39425644,0.32387087,0.28187263
Hold,Hold,0.19726992,0.5143609,0.28836918
Hold,Hold,0.19368993,0.5496629,0.25664714
Buy,Hold,0.1943929,0.5914695,0.21413754
Sell,Buy,0.3276605,0.26855907,0.40378043
Hold,Sell,0.4974083,0.2324117,0.27018005
Sell,Sell,0.52368695,0.2515502,0.22476278
Sell,Sell,0.40207317,0.2850155,0.31291136
Buy,Buy,0.26113933,0.25151238,0.4873483
Sell,Sell,0.36400944,0.33830625,0.29768428
Hold,Sell,0.52125967,0.23540194,0.2433384
Sell,Hold,0.30193096,0.47477,0.22329903
Buy,Buy,0.20450917,0.2834129,0.5120779
Buy,Hold,0.20276101,0.5587098,0.23852918
Sell,Hold,0.16339196,0.55168146,0.28492662
Buy,Sell,0.55480283,0.19992529,0.24527188
Hold,Hold,0.1943929,0.5914695,0.21413757
Buy,Buy,0.29405066,0.34419537,0.36175394
Buy,Sell,0.45200947,0.34564292,0.20234765
Sell,Hold,0.3297838,0.411414,0.25880218
Hold,Hold,0.19358309,0.5925232,0.21389364
Sell,Sell,0.40739554,0.25518182,0.33742267
Buy,Buy,0.15208848,0.36378875,0.48412275
Buy,Buy,0.17846681,0.27234104,0.54919213
Hold,Hold,0.19358309,0.5925232,0.21389364
Sell,Sell,0.60841894,0.13375686,0.2578242
Sell,Sell,0.52542067,0.207683,0.2668964
Hold,Sell,0.43781668,0.3495842,0.2125991
Hold,Buy,0.10221661,0.2803569,0.6174265
Buy,Buy,0.04398742,0.20552325,0.75048935
Sell,Sell,0.542967,0.23686069,0.22017224
Buy,Buy,0.019031513,0.18196896,0.7989995
Sell,Sell,0.58072877,0.17576933,0.2435019
Sell,Hold,0.2711327,0.4558382,0.27302915
Sell,Sell,0.47887924,0.25006753,0.2710532
Sell,Hold,0.20752841,0.43329176,0.35917988
Sell,Hold,0.19358309,0.5925232,0.21389364
Sell,Buy,0.12658024,0.32790643,0.5455134
Sell,Sell,0.47957918,0.290951,0.22946985
Sell,Hold,0.21875967,0.50612426,0.27511606
Buy,Sell,0.42712966,0.27511337,0.29775688
Sell,Hold,0.22052869,0.47072956,0.30874178
Sell,Hold,0.31403583,0.35888502,0.32707915
Buy,Hold,0.18468401,0.45160568,0.36371025
Hold,Buy,0.2637996,0.25360858,0.48259172
Hold,Buy,0.02590623,0.18007314,0.79402065
Sell,Sell,0.608707,0.13249052,0.25880244
Buy,Buy,0.11626474,0.30933923,0.5743961
Sell,Buy,0.21459027,0.31599528,0.46941438
Sell,Sell,0.52198327,0.21316157,0.26485518
Buy,Sell,0.624603,0.18383415,0.19156285
Buy,Hold,0.1841561,0.5445057,0.27133822
Buy,Hold,0.29847643,0.3748852,0.3266384
Buy,Buy,0.24966691,0.2720913,0.4782418
Buy,Hold,0.3507824,0.39835295,0.25086465
Sell,Buy,0.33757326,0.3184912,0.34393558
Sell,Sell,0.59323674,0.18162428,0.22513892
Sell,Buy,0.24327908,0.24379897,0.5129219
Buy,Buy,0.16352789,0.22480425,0.6116678
Sell,Sell,0.5328116,0.21119252,0.2559959
Buy,Buy,0.021361616,0.18790372,0.7907347
Sell,Sell,0.53767854,0.20434882,0.25797272
Buy,Hold,0.2669816,0.39394292,0.33907554
Sell,Buy,0.168288,0.25928238,0.57242966
Hold,Sell,0.5656174,0.2467237,0.18765888
Buy,Buy,0.22637595,0.23658304,0.53704095
Buy,Hold,0.29926792,0.46818283,0.23254922
Hold,Sell,0.58158815,0.209096,0.20931588
Sell,Sell,0.5627421,0.11941466,0.31784323
Sell,Buy,0.31932002,0.27950874,0.4011712
Hold,Buy,0.038492266,0.22331518,0.7381925
Buy,Sell,0.57163507,0.28259045,0.14577454
Hold,Hold,0.15850559,0.44360125,0.39789316
Buy,Sell,0.54575527,0.20897122,0.24527346
Hold,Hold,0.20614891,0.55401313,0.23983791
Buy,Sell,0.52077836,0.2266639,0.2525577
Sell,Sell,0.5247795,0.3118963,0.16332413
Buy,Buy,0.023339184,0.2068496,0.7698113
Buy,Buy,0.17864461,0.2541678,0.5671876
Hold,Buy,0.30160463,0.32571268,0.3726827
Buy,Sell,0.48869136,0.23913024,0.27217838
Buy,Buy,0.14217094,0.2528869,0.60494214
Buy,Sell,0.5784532,0.19105564,0.23049116
Buy,Hold,0.19541398,0.41762966,0.38695633
Buy,Sell,0.5056524,0.20442024,0.2899273
Buy,Buy,0.32052636,0.25072026,0.4287533
Hold,Buy,0.11441816,0.21632177,0.6692601
Sell,Buy,0.24988325,0.28233463,0.46778208
Buy,Hold,0.27724227,0.41629305,0.3064647
Buy,Sell,0.4651486,0.24800727,0.28684413
Hold,Sell,0.4582954,0.2509156,0.29078895
Buy,Sell,0.39222676,0.27432415,0.33344904
Hold,Sell,0.5969009,0.15678677,0.24631232
Hold,Hold,0.22335808,0.5751332,0.20150876
Sell,Sell,0.4956746,0.22624868,0.27807665
Buy,Hold,0.14648394,0.50458497,0.34893113
Sell,Hold,0.29095283,0.39035094,0.3186962
Hold,Buy,0.03982152,0.35117626,0.6090022
Buy,Hold,0.19358312,0.5925233,0.21389362
Hold,Hold,0.3165662,0.4425531,0.24088077
Hold,Hold,0.19358309,0.5925232,0.21389364
Buy,Buy,0.30161577,0.30590633,0.39247787
Buy,Hold,0.1943929,0.5914695,0.21413757
Buy,Buy,0.30735216,0.32518768,0.36746022
Buy,Sell,0.35077214,0.31532457,0.33390322
Buy,Sell,0.42802784,0.25582126,0.3161508
Sell,Sell,0.48644546,0.23426525,0.27928936
Sell,Sell,0.45632455,0.31775123,0.22592422
Hold,Buy,0.21225701,0.26527512,0.5224679
Hold,Sell,0.43622932,0.31390277,0.24986783
Hold,Hold,0.1941356,0.59704393,0.20882048
Buy,Sell,0.5473075,0.19181275,0.2608798
Hold,Hold,0.2874123,0.37977368,0.33281404
Sell,Sell,0.43321714,0.202554,0.36422887
Buy,Sell,0.3793951,0.30345386,0.31715107
Hold,Hold,0.15667357,0.4808562,0.36247018
Sell,Buy,0.3478164,0.22782841,0.4243552
Buy,Hold,0.34978554,0.37732756,0.27288693
Buy,Buy,0.012638734,0.18529595,0.80206543
Hold,Hold,0.1771422,0.578588,0.2442698
Buy,Buy,0.29746306,0.26866037,0.43387657
Hold,Sell,0.5589885,0.21326731,0.2277442
Sell,Sell,0.5429157,0.14482886,0.31225544
Buy,Buy,0.15216522,0.36246988,0.48536488
Buy,Sell,0.5823407,0.18075699,0.23690237
Sell,Sell,0.40714207,0.22161707,0.37124085
Buy,Sell,0.5800158,0.13807242,0.28191182
Buy,Buy,0.23668364,0.3163653,0.44695106
Buy,Buy,0.16322301,0.27975562,0.55702126
Sell,Hold,0.16237275,0.48204207,0.35558513
Buy,Buy,0.24438517,0.3626554,0.39295945
Sell,Hold,0.19358312,0.5925233,0.21389362
Hold,Hold,0.31172052,0.35135895,0.3369205
Buy,Sell,0.47171485,0.22124605,0.30703908
Buy,Sell,0.42179847,0.23569754,0.34250405
Buy,Hold,0.16703807,0.43470073,0.3982611
Buy,Sell,0.42748177,0.26157853,0.31093967
Sell,Sell,0.6118536,0.1931785,0.19496797
Sell,Buy,0.078185946,0.38063556,0.5411785
Sell,Sell,0.4264088,0.35394943,0.21964175
Buy,Sell,0.37360948,0.26655257,0.35983792
Sell,Sell,0.37551537,0.2965214,0.32796317
Hold,Hold,0.17840771,0.5094131,0.31217918
Buy,Buy,0.034697015,0.23060006,0.7347029
Buy,Hold,0.2217098,0.42037806,0.35791215
Buy,Sell,0.45623165,0.31990272,0.22386572
Sell,Sell,0.5944258,0.15490238,0.25067183
Sell,Buy,0.30248633,0.31135073,0.38616297
Sell,Buy,0.24407358,0.21919495,0.53673154
Sell,Sell,0.5135724,0.19717573,0.28925186
Hold,Buy,0.007873666,0.17291148,0.8192149
Hold,Buy,0.19628583,0.2911465,0.51256764
Sell,Sell,0.49627808,0.29572752,0.20799443
Buy,Buy,0.17264576,0.25576663,0.5715877
Buy,Buy,0.29876006,0.3072045,0.39403546
Sell,Hold,0.19550902,0.5694859,0.23500505
Hold,Buy,0.12954055,0.26010117,0.6103583
Hold,Hold,0.19358309,0.5925232,0.21389364
Buy,Sell,0.70597917,0.117898285,0.17612256
Sell,Sell,0.7694277,0.021136083,0.20943618
Buy,Buy,0.2245198,0.35364494,0.42183527
Sell,Sell,0.64113426,0.08934212,0.26952356
Hold,Buy,0.023754759,0.21381126,0.762434
Hold,Sell,0.3970899,0.23934154,0.36356863
Buy,Sell,0.51175135,0.24283372,0.24541496
Hold,Buy,0.26198003,0.32724628,0.41077372
Hold,Sell,0.5666516,0.18891641,0.24443205
Sell,Sell,0.52554125,0.22341897,0.25103977
Buy,Sell,0.50277025,0.2184073,0.2788225
Hold,Buy,0.2907407,0.3012639,0.40799534
Buy,Sell,0.5139041,0.20849514,0.2776007
Buy,Hold,0.16261473,0.50082386,0.33656138
Sell,Buy,0.3042336,0.31756362,0.37820277
Buy,Sell,0.34474272,0.32914358,0.32611367
Buy,Hold,0.3431472,0.42361897,0.23323382
Buy,Buy,0.04235871,0.23845322,0.71918803
Sell,Hold,0.18990476,0.52115124,0.28894395
Sell,Sell,0.50736094,0.17163974,0.32099935
Buy,Buy,0.19380052,0.39685258,0.40934688
Sell,Sell,0.5329206,0.20311338,0.26396608
Hold,Hold,0.20050414,0.49026954,0.3092263
Hold,Sell,0.54684955,0.24886955,0.20428091
Sell,Sell,0.46384284,0.25361922,0.28253794
Buy,Hold,0.17770489,0.4975188,0.32477632
Hold,Sell,0.56571704,0.17379466,0.26048833
Hold,Buy,0.25911728,0.34340835,0.39747438
Hold,Buy,0.21569906,0.28931895,0.49498203
Sell,Buy,0.15340008,0.23017316,0.61642677
Sell,Sell,0.45851454,0.24446297,0.2970224
Buy,Sell,0.37563914,0.28077698,0.34358382
Sell,Buy,0.25857258,0.35644978,0.3849776
Buy,Hold,0.21482123,0.530804,0.25437483
Sell,Sell,0.4825586,0.21246189,0.3049794
Buy,Sell,0.43679133,0.37280998,0.19039866
Hold,Hold,0.1943929,0.5914695,0.21413754
Hold,Hold,0.20239492,0.52808684,0.2695182
Sell,Hold,0.19046405,0.43079975,0.37873614
Hold,Sell,0.4818885,0.25587186,0.2622397
Buy,Buy,0.31772944,0.31427333,0.36799726
Buy,Hold,0.3167647,0.40398213,0.27925315
Sell,Buy,0.2626051,0.26435938,0.47303548
Hold,Buy,0.34715733,0.30309108,0.34975153
Buy,Hold,0.196142,0.48244926,0.32140866
Sell,Sell,0.4475727,0.24935868,0.30306867
Buy,Buy,0.14856339,0.28086215,0.5705744
Buy,Buy,0.25808343,0.36870664,0.37320998
Buy,Sell,0.56860965,0.1928121,0.23857832
Buy,Sell,0.562139,0.26119787,0.17666312
Hold,Hold,0.27955067,0.4270822,0.2933671
Hold,Buy,0.32274827,0.27665287,0.40059885
Hold,Buy,0.25001574,0.2708692,0.47911507
Sell,Sell,0.45051837,0.30579025,0.2436914
Sell,Sell,0.3932509,0.27409095,0.3326582
Buy,Hold,0.1552081,0.581851,0.26294094
Buy,Sell,0.3683458,0.348144,0.28351018
Sell,Sell,0.46280265,0.2328413,0.30435613
Sell,Buy,0.17312407,0.36920798,0.45766798
Buy,Buy,0.20735522,0.26407793,0.5285669
Sell,Sell,0.637633,0.23129807,0.13106896
Hold,Buy,0.059229806,0.26624143,0.6745287
Sell,Sell,0.48392922,0.24084696,0.2752238
Buy,Sell,0.3943055,0.2448522,0.36084235
Buy,Hold,0.23069233,0.4893721,0.27993563
Sell,Sell,0.51989037,0.23618041,0.24392925
Sell,Sell,0.4666185,0.28993216,0.24344927
Hold,Hold,0.16992182,0.5145631,0.3155151
Buy,Hold,0.29536986,0.43345934,0.27117077
Sell,Hold,0.19358312,0.5925233,0.21389362
Buy,Sell,0.5839694,0.20223503,0.21379556
Sell,Buy,0.27137634,0.29950556,0.4291181
Sell,Buy,0.29616287,0.32841852,0.3754186
Sell,Sell,0.452447,0.20722839,0.34032464
Hold,Buy,0.32797253,0.23750633,0.4345212
Buy,Buy,0.062298942,0.19976,0.737941
Sell,Buy,0.23676383,0.30170313,0.46153307
Buy,Buy,0.31257764,0.33530894,0.3521135
Sell,Sell,0.58526176,0.1799139,0.23482433
Hold,Hold,0.1943929,0.5914695,0.21413757
Sell,Hold,0.24269363,0.49794474,0.2593617
Buy,Sell,0.3885513,0.28329918,0.32814944
Buy,Buy,0.17551927,0.26936445,0.55511624
Sell,Buy,0.1998517,0.28769356,0.5124548
Buy,Buy,0.14390446,0.2652663,0.59082925
Hold,Sell,0.5967291,0.1255046,0.2777663
Sell,Sell,0.5786037,0.20852916,0.21286713
Buy,Hold,0.199919,0.41848648,0.3815946
Sell,Sell,0.3760925,0.25482717,0.36908028
Sell,Buy,0.07877681,0.2079982,0.71322495
Hold,Hold,0.19879638,0.5815346,0.21966898
Buy,Buy,0.10594257,0.28272754,0.6113299
Sell,Sell,0.5951978,0.17531659,0.22948557
Buy,Hold,0.3072685,0.36953938,0.32319215
Buy,Hold,0.21162193,0.5529651,0.23541301
Hold,Buy,0.10030322,0.23034066,0.6693561
Sell,Hold,0.20939724,0.41860515,0.3719976
Buy,Buy,0.08488677,0.4072471,0.5078662
Sell,Sell,0.5764496,0.18681242,0.23673807
Buy,Buy,0.1615571,0.23519523,0.60324776
Buy,Buy,0.063042685,0.38719323,0.54976404
Buy,Buy,0.01752814,0.19469252,0.7877794
Hold,Buy,0.2711759,0.33531588,0.3935082
Sell,Hold,0.19358309,0.5925232,0.21389364
Buy,Buy,0.044143327,0.18454598,0.77131075
Hold,Hold,0.2001981,0.5213227,0.2784791
Buy,Sell,0.37734815,0.33975926,0.28289255
Buy,Buy,0.14119282,0.22746474,0.6313425
Buy,Buy,0.01769707,0.19265237,0.78965056
Sell,Sell,0.4352038,0.26049933,0.30429685
Sell,Sell,0.5801027,0.18370968,0.23618765
Buy,Sell,0.48377645,0.26526552,0.25095806
Sell,Hold,0.2778538,0.40720987,0.31493634
Buy,Buy,0.22835694,0.3022839,0.46935913
Buy,Sell,0.44132292,0.22746351,0.33121353
Hold,Hold,0.22802323,0.40802407,0.3639526
Hold,Hold,0.20644625,0.52314156,0.27041218
Sell,Buy,0.15475193,0.35480335,0.49044475
Sell,Buy,0.22271945,0.27610624,0.5011743
Hold,Hold,0.1943929,0.5914695,0.21413757
Hold,Hold,0.33229694,0.38760152,0.2801015
Hold,Hold,0.042775568,0.5497865,0.40743792
Buy,Sell,0.573561,0.118895754,0.30754325
Sell,Buy,0.17564696,0.26457414,0.559779
Hold,Hold,0.29547262,0.36728117,0.33724618
Sell,Sell,0.43796676,0.29576483,0.26626834
Buy,Buy,0.16559058,0.27532253,0.55908686
Buy,Hold,0.29297984,0.36178032,0.34523985
Buy,Sell,0.37745607,0.36540696,0.25713694
Sell,Buy,0.34550643,0.23727916,0.4172144
Buy,Hold,0.19917932,0.55358005,0.2472406
Buy,Buy,0.23840827,0.27533633,0.48625547
Buy,Hold,0.1943929,0.5914695,0.21413754
Buy,Buy,0.21618673,0.35633188,0.42748138
Hold,Sell,0.6028291,0.1566197,0.2405512
Hold,Sell,0.38566753,0.32181072,0.29252177
Buy,Buy,0.25349525,0.30024213,0.44626266
Sell,Sell,0.5418507,0.17998981,0.27815962
Buy,Buy,0.02478278,0.20108056,0.7741367
Hold,Hold,0.29367194,0.4414499,0.26487815
Buy,Buy,0.10266857,0.33426306,0.5630684
Buy,Hold,0.27267691,0.37520623,0.35211685
Sell,Sell,0.4568249,0.3352334,0.20794174
Hold,Hold,0.19358309,0.5925232,0.21389364
Hold,Buy,0.23300187,0.3434293,0.42356887
Buy,Sell,0.44541597,0.25252417,0.3020599
Sell,Sell,0.46031013,0.19290707,0.34678274
Buy,Sell,0.43591517,0.25454268,0.30954206
Hold,Hold,0.25625792,0.45648265,0.2872595
Buy,Sell,0.4672607,0.26108995,0.27164942
Hold,Sell,0.42092553,0.37289694,0.20617756
Buy,Buy,0.1706151,0.40488556,0.4244993
Buy,Buy,0.1530664,0.24350148,0.6034321
Buy,Sell,0.58904713,0.17566396,0.23528887
Sell,Hold,0.14164266,0.58613837,0.27221897
Buy,Buy,0.22889434,0.35863915,0.41246656
Sell,Sell,0.5030394,0.24435765,0.25260293
Buy,Sell,0.6538453,0.1952045,0.15095012
Buy,Sell,0.62880456,0.0824504,0.28874508
Buy,Sell,0.3627145,0.35508174,0.28220373
Buy,Buy,0.046177242,0.21984011,0.7339826
Sell,Sell,0.39727643,0.24992232,0.3528013
Sell,Buy,0.3493204,0.29222873,0.3584509
Hold,Hold,0.1943929,0.5914695,0.21413757
Sell,Sell,0.6404304,0.12939617,0.23017345
Sell,Sell,0.59749633,0.22032556,0.18217811
Buy,Buy,0.19999267,0.27382252,0.52618486
Hold,Hold,0.1943929,0.5914695,0.21413757
Sell,Sell,0.65072656,0.06502459,0.28424883
Buy,Buy,0.23672475,0.28813463,0.47514057
Sell,Hold,0.19358309,0.5925232,0.21389364
Hold,Buy,0.24263872,0.32800385,0.42935744
Buy,Sell,0.4329402,0.26657197,0.30048785
Hold,Hold,0.21240632,0.52649105,0.26110268
Sell,Sell,0.44005626,0.23142965,0.32851404
Sell,Hold,0.29950133,0.3968767,0.30362195
Buy,Sell,0.5415896,0.15997684,0.29843348
Buy,Buy,0.19476756,0.34208745,0.463145
Sell,Sell,0.47901416,0.24912436,0.27186152
Buy,Sell,0.5511048,0.20912609,0.23976918
Hold,Hold,0.2025196,0.41968468,0.3777957
Buy,Sell,0.5072795,0.21668036,0.2760402
Hold,Sell,0.46723968,0.2238408,0.3089195
Buy,Buy,0.13388327,0.2621613,0.60395545
Sell,Hold,0.22373898,0.43871087,0.33755022
Sell,Sell,0.54351884,0.2583282,0.19815302
Hold,Sell,0.4420118,0.25107238,0.30691588
Buy,Hold,0.19221981,0.5964592,0.21132106
Buy,Hold,0.34483382,0.38291237,0.2722538
Buy,Buy,0.13389875,0.2461757,0.61992556
Buy,Buy,0.16433294,0.22263487,0.6130322
Hold,Buy,0.2118371,0.3501912,0.43797168
Hold,Sell,0.5469376,0.18414068,0.2689217
Sell,Sell,0.3718059,0.33960214,0.28859198
Buy,Hold,0.27821666,0.4804626,0.2413208
Hold,Sell,0.3505578,0.3416203,0.30782187
Hold,Hold,0.18989447,0.5247431,0.28536248
Sell,Hold,0.19528602,0.45387763,0.35083637
Sell,Sell,0.46728453,0.32808238,0.20463312
Hold,Buy,0.04246388,0.21243611,0.7451
Hold,Buy,0.1938098,0.3181803,0.4880099
Sell,Sell,0.65310574,0.110576265,0.23631799
Sell,Sell,0.6082005,0.15841672,0.23338279
Sell,Hold,0.31735197,0.36694232,0.31570575
Sell,Sell,0.44531476,0.26800743,0.28667784
Buy,Buy,0.090979956,0.26787546,0.6411445
Sell,Sell,0.38759902,0.23399313,0.3784078
Sell,Sell,0.44367465,0.24922177,0.3071035
Sell,Sell,0.46561158,0.23661378,0.29777467
Hold,Buy,0.32582474,0.24947914,0.42469618
Buy,Buy,0.2832913,0.314773,0.40193558
Buy,Buy,0.15005997,0.32195094,0.52798915
Hold,Hold,0.22537667,0.5032108,0.27141258
Hold,Buy,0.25825417,0.31116137,0.4305845
Sell,Hold,0.27572572,0.43423206,0.29004222
Sell,Hold,0.1943929,0.5914695,0.21413757
Buy,Buy,0.14558987,0.382758,0.47165215
Sell,Hold,0.19358309,0.5925232,0.21389364
Sell,Buy,0.30671483,0.3212308,0.37205434
Buy,Hold,0.17292678,0.52092224,0.30615094
Hold,Sell,0.55800754,0.20412152,0.23787098
Buy,Buy,0.15678854,0.2678952,0.57531625
Buy,Buy,0.15848508,0.27931324,0.5622017
Buy,Sell,0.49493775,0.20554979,0.29951236
Buy,Sell,0.47879943,0.27158266,0.24961796
Hold,Sell,0.5208602,0.18807481,0.29106498
Sell,Sell,0.47970456,0.27930593,0.24098949
Sell,Sell,0.43935448,0.26174465,0.29890087
Buy,Buy,0.1343034,0.26703092,0.59866565
Sell,Hold,0.34793663,0.36614373,0.28591958
Sell,Sell,0.6201552,0.18704675,0.19279794
Buy,Hold,0.1956974,0.5081793,0.29612333
Buy,Hold,0.32510868,0.35869148,0.31619984
Sell,Sell,0.5020876,0.22264303,0.27526945
Hold,Hold,0.19358309,0.5925232,0.21389364
Buy,Buy,0.3209645,0.26351538,0.41552016
Buy,Sell,0.38794062,0.3779088,0.2341506
Sell,Hold,0.29815236,0.3650584,0.33678925
Buy,Buy,0.17334794,0.29553008,0.531122
Buy,Buy,0.20839381,0.31086853,0.4807377
Hold,Hold,0.34405094,0.37671444,0.2792346
Sell,Sell,0.6424788,0.21810952,0.1394116
Hold,Sell,0.41543353,0.27341387,0.3111526
Hold,Buy,0.09690363,0.3658647,0.5372317
Sell,Buy,0.18764663,0.25125396,0.5610994
Sell,Sell,0.40342274,0.34889263,0.24768469
Buy,Buy,0.35519454,0.2274317,0.41737375
Sell,Sell,0.5163613,0.2033925,0.28024623
Buy,Buy,0.20178105,0.34274504,0.45547387
Hold,Sell,0.5430962,0.20139924,0.2555046
Buy,Hold,0.1943929,0.5914695,0.21413757
Buy,Hold,0.31667277,0.3837741,0.29955316
Buy,Hold,0.24542378,0.3966026,0.35797364
Sell,Hold,0.17875883,0.54955983,0.27168137
Buy,Sell,0.493937,0.24945436,0.2566086
Buy,Sell,0.43242726,0.21357653,0.3539962
Hold,Hold,0.1943929,0.5914695,0.21413757
Sell,Hold,0.29889998,0.42733735,0.27376273
Buy,Buy,0.020970426,0.1736784,0.8053512
Sell,Sell,0.49321565,0.23510882,0.27167556
Buy,Buy,0.35238954,0.28601545,0.36159497
Sell,Sell,0.5122414,0.21540871,0.2723499
Buy,Buy,0.31263742,0.24592523,0.44143736
Sell,Sell,0.5352935,0.14529938,0.3194071
Buy,Hold,0.20688333,0.42743716,0.3656795
Sell,Sell,0.54677045,0.17789322,0.27533633
Buy,Hold,0.15441799,0.5732663,0.27231565
Sell,Buy,0.3570963,0.27006206,0.3728416
Sell,Sell,0.38309485,0.32657263,0.29033247
Sell,Sell,0.35730717,0.33991963,0.3027732
Hold,Hold,0.1943929,0.5914695,0.21413757
Hold,Sell,0.50863355,0.2279862,0.2633803
Hold,Buy,0.22597061,0.28810218,0.48592713
Hold,Hold,0.22428195,0.47111532,0.30460265
Sell,Sell,0.40833998,0.20801379,0.3836463
Sell,Sell,0.48894754,0.33113772,0.17991468
Sell,Hold,0.21533667,0.52749586,0.25716755
Sell,Hold,0.19358309,0.5925232,0.21389364
Hold,Buy,0.10230012,0.35000828,0.54769164
Buy,Hold,0.1554546,0.4905437,0.3540017
Sell,Sell,0.42361513,0.30800843,0.2683765
Buy,Hold,0.3564504,0.41756186,0.22598773
Buy,Sell,0.39311376,0.2212595,0.38562676
Buy,Sell,0.4761545,0.21907549,0.30477
Buy,Buy,0.22320102,0.29990867,0.47689024
Sell,Sell,0.5910259,0.18703437,0.2219397
Buy,Buy,0.13531524,0.27805743,0.58662724
Buy,Buy,0.28518608,0.31589273,0.3989212
Buy,Sell,0.37567437,0.288534,0.33579165
Sell,Buy,0.11156581,0.32108268,0.56735146
Sell,Sell,0.6655992,0.18741862,0.1469822
Buy,Buy,0.16800608,0.28670794,0.54528594
Buy,Sell,0.5763002,0.1918714,0.23182842
Hold,Buy,0.35466805,0.24084342,0.4044885
Sell,Hold,0.26694882,0.40418544,0.32886568
Buy,Sell,0.41215122,0.38789085,0.19995786
Buy,Hold,0.3326691,0.49878523,0.16854559
Hold,Hold,0.19156544,0.50683886,0.30159572
Sell,Buy,0.25692636,0.34548953,0.39758414
Sell,Sell,0.48392493,0.2643561,0.25171906
Buy,Buy,0.04920709,0.21938197,0.731411
Sell,Sell,0.46930936,0.2090118,0.32167885
Buy,Hold,0.29555944,0.39942586,0.30501467
Buy,Sell,0.52104545,0.24279761,0.2361569
Sell,Sell,0.43865728,0.24389577,0.317447
Buy,Buy,0.32834437,0.26908365,0.40257198
Buy,Sell,0.6074047,0.12132038,0.2712749
Hold,Hold,0.19427022,0.5923178,0.21341197
Hold,Hold,0.08357368,0.48208728,0.434339
Hold,Sell,0.42234445,0.2137768,0.36387876
Hold,Hold,0.27572072,0.45659783,0.26768148
Buy,Hold,0.30713978,0.34947953,0.34338072
Buy,Hold,0.1902097,0.59778553,0.21200475
Hold,Hold,0.20925444,0.5255241,0.26522145
Sell,Hold,0.26348853,0.4666679,0.26984364
Sell,Hold,0.3052673,0.37257662,0.3221561
Buy,Hold,0.20543961,0.48647514,0.30808523
Hold,Buy,0.34279704,0.28521913,0.37198386
Sell,Sell,0.3637789,0.27883703,0.35738412
Buy,Sell,0.38929728,0.2847032,0.32599953
Buy,Hold,0.14534928,0.60060906,0.2540416
Buy,Buy,0.1724329,0.26352856,0.5640385
Hold,Sell,0.3560181,0.31132975,0.33265218
Sell,Sell,0.48397985,0.2355256,0.2804946
Buy,Buy,0.18994856,0.24866655,0.56138486
Sell,Sell,0.39999402,0.27914703,0.320859
Buy,Sell,0.48919916,0.23973188,0.27106902
Hold,Hold,0.19358309,0.5925232,0.21389364
Buy,Sell,0.43427166,0.29802424,0.26770404
Sell,Hold,0.34043622,0.35833204,0.30123177
Buy,Buy,0.3509624,0.23540589,0.41363165
Buy,Buy,0.15261462,0.24676667,0.6006187
Buy,Buy,0.013103558,0.16526733,0.8216291
Buy,Buy,0.1468638,0.34678537,0.5063508
Sell,Sell,0.47645977,0.24460568,0.27893448
Buy,Hold,0.34720153,0.36491856,0.28787985
Buy,Hold,0.3191252,0.3487783,0.33209643
Buy,Sell,0.5223153,0.23456027,0.24312434
Hold,Buy,0.2428178,0.35995078,0.39723152
Hold,Buy,0.32389098,0.32508725,0.35102177
Sell,Hold,0.34952864,0.3854991,0.26497233
Sell,Sell,0.48804492,0.33413053,0.17782459
Buy,Sell,0.5083173,0.21238059,0.27930218
Sell,Sell,0.53022397,0.18768696,0.2820891
Buy,Hold,0.24628717,0.5110082,0.24270467
Buy,Hold,0.20310637,0.4447992,0.3520944
Buy,Buy,0.26498187,0.2658759,0.46914226
Sell,Buy,0.08072836,0.22952978,0.6897418
Hold,Sell,0.5198136,0.17596343,0.304223
Sell,Sell,0.45958886,0.21994528,0.32046586
Hold,Sell,0.5700366,0.2069532,0.22301014
Sell,Sell,0.5479134,0.20984234,0.24224427
Buy,Hold,0.15806152,0.5835456,0.25839293
Sell,Hold,0.19358309,0.5925232,0.21389364
Buy,Buy,0.122115955,0.28476462,0.5931195
Hold,Sell,0.3576781,0.3018354,0.34048653
Hold,Sell,0.45571655,0.25634682,0.28793657
Sell,Sell,0.66973144,0.1576296,0.17263897
Hold,Buy,0.27634922,0.30859047,0.4150603
Sell,Sell,0.4307505,0.23211089,0.3371387
Buy,Hold,0.34474695,0.35336187,0.30189118
Buy,Buy,0.1335796,0.34363455,0.52278584
Hold,Buy,0.07329534,0.24467112,0.68203354
Sell,Sell,0.46499854,0.2647725,0.27022892
Sell,Sell,0.57069397,0.18735215,0.24195386
Buy,Sell,0.60126203,0.13711195,0.26162606
Sell,Sell,0.56770396,0.20574558,0.22655049
Sell,Hold,0.19692734,0.5869756,0.21609713
Sell,Sell,0.49558356,0.28284577,0.22157075
Sell,Hold,0.2584382,0.47531575,0.26624605
Hold,Sell,0.48564565,0.24314147,0.27121288
Sell,Sell,0.5975415,0.1637419,0.23871659
Buy,Hold,0.23262075,0.42335588,0.34402335
Sell,Hold,0.28345394,0.40226206,0.314284
Buy,Buy,0.008267395,0.15979715,0.83193547
Hold,Hold,0.186373,0.55849385,0.2551331
Hold,Hold,0.24419388,0.4695138,0.28629234
Sell,Sell,0.6380104,0.12997247,0.23201717
Sell,Sell,0.40930873,0.3480178,0.2426735
Hold,Hold,0.19358309,0.5925232,0.21389364
Buy,Buy,0.19775236,0.3387895,0.4634581
Buy,Hold,0.29169753,0.41532326,0.2929792
Sell,Buy,0.2648449,0.35066262,0.38449246
Buy,Hold,0.15206145,0.5780654,0.2698732
Hold,Sell,0.5144689,0.22165053,0.26388055
Sell,Hold,0.19550902,0.5694859,0.23500505
Buy,Sell,0.35768247,0.3260943,0.3162232
Sell,Sell,0.53352726,0.192841,0.27363175
Buy,Sell,0.6279724,0.13923772,0.23278984
Buy,Sell,0.48935378,0.24274394,0.2679023
Hold,Hold,0.18866393,0.59803385,0.21330224
Hold,Sell,0.36766872,0.30425003,0.3280813
Hold,Hold,0.36157224,0.3728443,0.26558337
Buy,Sell,0.58083975,0.17928393,0.23987627
Sell,Hold,0.20082857,0.52013046,0.27904093
Hold,Buy,0.14203177,0.2829515,0.5750168
Buy,Hold,0.22764395,0.4147773,0.35757875
Buy,Sell,0.5216477,0.17605005,0.30230227
Sell,Sell,0.5063897,0.2028841,0.2907263
Sell,Sell,0.5898936,0.17396829,0.23613809
Buy,Buy,0.15151265,0.23427434,0.614213
Buy,Buy,0.19710365,0.33572608,0.4671703
Buy,Hold,0.23949918,0.5169956,0.24350524
Sell,Sell,0.604323,0.20754622,0.18813077
Sell,Sell,0.530976,0.27169767,0.1973264
Buy,Hold,0.29618534,0.38915977,0.31465486
Buy,Sell,0.386658,0.28884658,0.32449538
Buy,Sell,0.42472494,0.30331066,0.27196437
Sell,Sell,0.46410096,0.27056366,0.2653354
Buy,Buy,0.15441146,0.2886807,0.55690783
Hold,Buy,0.328205,0.26795393,0.40384114
Buy,Sell,0.5538753,0.31090242,0.13522226
Buy,Hold,0.25507277,0.4113636,0.3335636
Sell,Buy,0.24870326,0.3518137,0.39948305
Hold,Sell,0.40677136,0.32592535,0.26730338
Buy,Buy,0.27855685,0.26006943,0.4613737
Buy,Buy,0.16770887,0.3691119,0.46317914
Buy,Sell,0.64170116,0.09408763,0.26421124
Hold,Sell,0.4844554,0.2458726,0.269672
Hold,Sell,0.4206767,0.35530663,0.22401665
Hold,Hold,0.17514019,0.4959895,0.32887027
Sell,Sell,0.6790254,0.096065044,0.22490954
Buy,Buy,0.060413398,0.3467134,0.5928732
Buy,Buy,0.11136868,0.24956624,0.6390651
Buy,Hold,0.18074788,0.46957436,0.34967777
Buy,Buy,0.013064926,0.16643818,0.8204969
Sell,Sell,0.5845136,0.16565649,0.24982987
Sell,Sell,0.5281774,0.2404457,0.23137687
Sell,Sell,0.5340666,0.19350494,0.27242845
Hold,Hold,0.21680427,0.55017656,0.2330192
Buy,Sell,0.3783921,0.274047,0.34756088
Buy,Sell,0.49590915,0.2066711,0.29741973
Sell,Sell,0.39452353,0.24094439,0.36453205
Sell,Sell,0.59314847,0.16929524,0.23755631
Sell,Sell,0.5089522,0.21596046,0.27508733
Sell,Buy,0.379529,0.23792627,0.38254473
Buy,Buy,0.16139111,0.24927926,0.5893296
Hold,Hold,0.27952096,0.38717946,0.33329955
Hold,Hold,0.36157015,0.3974463,0.24098356
Buy,Sell,0.5510222,0.16872458,0.2802533
Hold,Buy,0.32233292,0.25759083,0.42007628
Buy,Buy,0.18880214,0.29792106,0.51327676
Hold,Buy,0.18905756,0.31541434,0.49552804
Buy,Hold,0.24682592,0.39065066,0.36252347
Hold,Buy,0.24534489,0.36943236,0.38522276
Buy,Sell,0.4814252,0.28855023,0.23002458
Buy,Buy,0.08736796,0.19115448,0.72147757
Hold,Sell,0.6082934,0.15353681,0.2381697
Hold,Sell,0.5268198,0.17967916,0.293501
Buy,Sell,0.34366372,0.32709005,0.3292462
Hold,Hold,0.26560158,0.41387525,0.32052317
Hold,Sell,0.36832368,0.28150472,0.3501716
Sell,Hold,0.21980461,0.52727437,0.25292104
Sell,Sell,0.43879202,0.23977378,0.3214343
Hold,Hold,0.15591253,0.49176085,0.35232663
Buy,Buy,0.19147918,0.3794616,0.4290592
Buy,Buy,0.161112,0.22627169,0.6126163
Sell,Buy,0.27228364,0.356206,0.37151036
Hold,Buy,0.3014765,0.2712003,0.4273232
Sell,Sell,0.51928264,0.20343395,0.27728343
Sell,Buy,0.17383355,0.24033368,0.5858328
Hold,Buy,0.21450898,0.28306353,0.50242746
Hold,Sell,0.5065229,0.20741355,0.28606352
Hold,Sell,0.43593603,0.36290303,0.20116094
Sell,Buy,0.34067377,0.2746706,0.38465568
Sell,Buy,0.2978195,0.24764276,0.45453772
Sell,Sell,0.5340928,0.21101685,0.2548903
Buy,Hold,0.1943929,0.5914695,0.21413757
Sell,Hold,0.34119853,0.3694736,0.28932783
Sell,Sell,0.5787546,0.32317224,0.09807317
Sell,Buy,0.2036928,0.3903778,0.40592942
Sell,Sell,0.42523107,0.29238528,0.28238362
Hold,Sell,0.51346076,0.19552357,0.29101562
Sell,Sell,0.46573663,0.22250143,0.31176195
Hold,Hold,0.33885393,0.34910703,0.31203908
Hold,Buy,0.26533753,0.3214372,0.4132253
Sell,Sell,0.54070085,0.21179736,0.24750176
Buy,Buy,0.05753143,0.46375048,0.47871804
Sell,Sell,0.42086276,0.3681174,0.21101975
Buy,Sell,0.5536555,0.17914796,0.2671966
Buy,Hold,0.20056133,0.55949974,0.23993884
Sell,Hold,0.309111,0.34898123,0.34190774
Sell,Hold,0.18872665,0.41034138,0.40093198
Sell,Sell,0.45284057,0.26337025,0.28378925
Hold,Sell,0.55804974,0.19731909,0.24463122
Buy,Buy,0.19356118,0.27845478,0.5279841
Buy,Buy,0.29896498,0.27999702,0.421038
Buy,Buy,0.1390135,0.29416084,0.5668256
Sell,Buy,0.32293284,0.31307384,0.36399332
Buy,Sell,0.58459324,0.17522156,0.24018522
Sell,Hold,0.19358309,0.5925232,0.21389364
Sell,Sell,0.4333115,0.24761789,0.31907064
Buy,Buy,0.16087033,0.30924925,0.5298804
Hold,Hold,0.25532296,0.40089804,0.343779
Buy,Buy,0.2945718,0.24648067,0.45894757
Sell,Hold,0.15769573,0.48860323,0.35370106
Sell,Buy,0.32970014,0.26139805,0.40890175
Buy,Sell,0.5417046,0.2616815,0.1966139
Buy,Buy,0.19466658,0.2940057,0.5113277
Sell,Sell,0.54586375,0.30198404,0.15215226
Buy,Buy,0.14585562,0.28699222,0.56715214
Buy,Hold,0.3136898,0.3726746,0.31363562
Buy,Buy,0.18688452,0.26588917,0.5472263
Hold,Hold,0.2878596,0.42789525,0.2842452
Buy,Sell,0.5240209,0.29202542,0.18395367
Buy,Hold,0.18869282,0.49271494,0.31859216
Hold,Hold,0.08813359,0.55337167,0.35849476
Buy,Sell,0.583728,0.12864493,0.287627
Buy,Hold,0.11431663,0.5114434,0.37424007
Sell,Sell,0.58844715,0.18420167,0.22735117
Buy,Hold,0.20185323,0.5506879,0.24745883
Hold,Hold,0.2721825,0.40325686,0.32456067
Buy,Buy,0.11478206,0.25532487,0.629893
Sell,Buy,0.28873563,0.27833465,0.43292966
Sell,Sell,0.6908341,0.061426096,0.24773979
Hold,Hold,0.1943929,0.5914695,0.21413757
Buy,Hold,0.1943929,0.5914695,0.21413754
Buy,Sell,0.5030316,0.27314422,0.22382425
Sell,Hold,0.26043582,0.4243197,0.31524444
Buy,Buy,0.023762211,0.21482147,0.7614163
Sell,Sell,0.48994318,0.22318946,0.28686732
Sell,Hold,0.25858185,0.4241267,0.31729147
Hold,Hold,0.15910566,0.50126797,0.33962634
Buy,Buy,0.07956904,0.23930132,0.6811296
Sell,Buy,0.2963946,0.35105976,0.35254568
Buy,Hold,0.17889112,0.4503975,0.37071148
Buy,Buy,0.19437757,0.3409798,0.46464258
Sell,Hold,0.201003,0.5343533,0.2646437
Buy,Hold,0.31087363,0.355675,0.3334514
Buy,Buy,0.21355928,0.31504503,0.47139576
Sell,Sell,0.54328495,0.15047395,0.30624104
Hold,Buy,0.3419308,0.2651699,0.39289925
Buy,Hold,0.3058693,0.3797567,0.314374
Buy,Hold,0.1943929,0.5914695,0.21413757
Hold,Hold,0.1943929,0.5914695,0.21413757
Hold,Buy,0.18339488,0.31248805,0.504117
Hold,Hold,0.2908828,0.48503453,0.2240827
Sell,Hold,0.17549056,0.5917013,0.2328081
Hold,Hold,0.19358309,0.5925232,0.21389364
Buy,Sell,0.4770722,0.22410013,0.29882768
Hold,Buy,0.31687552,0.32237685,0.36074767
Hold,Hold,0.2841687,0.42900065,0.28683066
Buy,Hold,0.30301458,0.3702134,0.32677206
Hold,Buy,0.010423332,0.17904206,0.81053466
Buy,Hold,0.18914105,0.597943,0.21291594
Buy,Buy,0.061239563,0.19954394,0.7392165
Sell,Sell,0.5929188,0.21818766,0.1888935
Hold,Hold,0.23416854,0.52565205,0.24017939
Sell,Sell,0.5950804,0.14618765,0.25873205
Hold,Hold,0.279093,0.42296043,0.29794657
Hold,Sell,0.48078042,0.24474443,0.27447516
Buy,Sell,0.44880855,0.2829486,0.26824284
Buy,Hold,0.1997253,0.485675,0.3145996
Sell,Sell,0.51466,0.27734023,0.2079997
Sell,Sell,0.5650374,0.2659865,0.16897604
Buy,Buy,0.13303714,0.27213362,0.59482926
Hold,Buy,0.29171202,0.30463988,0.40364817
Sell,Sell,0.5606025,0.14359802,0.29579958
Hold,Hold,0.26026332,0.4058415,0.3338952
Sell,Sell,0.6607099,0.06918884,0.27010128
Buy,Sell,0.48673403,0.27344215,0.23982379
Buy,Buy,0.21683486,0.2702434,0.5129217
Sell,Sell,0.44334805,0.31736308,0.23928885
Sell,Sell,0.39293724,0.23335133,0.37371144
Hold,Buy,0.14182934,0.2530249,0.6051457
Sell,Sell,0.5828953,0.18836108,0.2287436
Buy,Sell,0.64350593,0.09738844,0.25910568
Sell,Sell,0.42994478,0.26453146,0.30552378
Buy,Buy,0.09655973,0.24406415,0.65937614
Buy,Sell,0.42655563,0.2047405,0.36870387
Buy,Buy,0.029985458,0.18854077,0.78147376
Sell,Hold,0.204701,0.56266904,0.23262991
Hold,Buy,0.029272048,0.19029522,0.78043276
Buy,Buy,0.24279104,0.2589141,0.4982949
Sell,Sell,0.38743615,0.248142,0.36442184
Sell,Sell,0.4949613,0.20721509,0.29782352
Sell,Sell,0.41777366,0.354644,0.22758225
Buy,Buy,0.28045532,0.2468965,0.4726481
Sell,Sell,0.5959213,0.16909243,0.23498629
Sell,Buy,0.34288248,0.31200513,0.34511235
Sell,Buy,0.26344812,0.30708233,0.4294696
Hold,Sell,0.52490234,0.1879716,0.28712606
Sell,Sell,0.44851732,0.19805314,0.3534295
Buy,Buy,0.18202995,0.36318555,0.45478448
Sell,Hold,0.3186789,0.3909925,0.29032856
Buy,Buy,0.23783927,0.31839967,0.44376105
Sell,Hold,0.24345826,0.44283062,0.31371114
Hold,Buy,0.13726933,0.3948946,0.46783608
Hold,Hold,0.12691559,0.49281314,0.3802713
Sell,Hold,0.21554673,0.44960502,0.3348482
Hold,Buy,0.16534233,0.31937164,0.51528597
Hold,Sell,0.42332077,0.30771685,0.26896238
Hold,Hold,0.27370697,0.39724413,0.32904896
Sell,Buy,0.2737235,0.27775544,0.4485211
Buy,Buy,0.23354635,0.31313473,0.45331892
Buy,Sell,0.51373565,0.16939734,0.31686705
Sell,Buy,0.359159,0.23521923,0.40562177
Buy,Sell,0.5213758,0.18443677,0.2941874
Buy,Sell,0.50343126,0.27189946,0.2246692
Buy,Buy,0.15520713,0.39916447,0.44562846
Sell,Sell,0.5966967,0.16272137,0.24058191
Buy,Buy,0.025558248,0.1971728,0.777269
Sell,Sell,0.4864603,0.2842936,0.22924604
Hold,Hold,0.31801498,0.44524652,0.23673849
Sell,Sell,0.6438051,0.17809767,0.17809726
Sell,Sell,0.5912943,0.121034995,0.28767073
Buy,Hold,0.2943745,0.4466486,0.25897694
Buy,Hold,0.18467054,0.4724387,0.3428908
Sell,Sell,0.47920752,0.31667054,0.20412196
Sell,Sell,0.42369515,0.29979506,0.27650973
Hold,Hold,0.19358309,0.5925232,0.21389364
Sell,Buy,0.093246,0.3963575,0.51039654
Sell,Sell,0.45675942,0.21787606,0.32536447
Sell,Buy,0.2643369,0.28548583,0.45017728
Sell,Sell,0.503271,0.21737957,0.27934954
Buy,Buy,0.23286891,0.26546282,0.5016683
Sell,Sell,0.5975458,0.17904063,0.22341359
Buy,Buy,0.053347286,0.24574153,0.70091116
Hold,Sell,0.5281372,0.32241407,0.14944878
Buy,Hold,0.32526514,0.36761943,0.3071154
Sell,Sell,0.6892861,0.046445448,0.26426843
Buy,Sell,0.4752929,0.2630951,0.26161194
Buy,Hold,0.1974046,0.5222528,0.28034264
Buy,Buy,0.19836053,0.24995895,0.5516806
Sell,Sell,0.50938225,0.35024494,0.14037289
Buy,Buy,0.39477724,0.20166367,0.40355915
Buy,Buy,0.3801234,0.23335989,0.3865167
Sell,Sell,0.47730833,0.34929398,0.17339775
Buy,Hold,0.25649747,0.37223205,0.37127048
Buy,Buy,0.23862953,0.27009457,0.49127585
Hold,Hold,0.19358309,0.5925232,0.21389364
Buy,Hold,0.33524302,0.4057723,0.25898466
Buy,Buy,0.041863654,0.20107825,0.7570581
Buy,Sell,0.36737427,0.31363624,0.31898952
Hold,Sell,0.43929148,0.24604914,0.31465948
Sell,Buy,0.2783764,0.27450565,0.44711795
Hold,Hold,0.16523346,0.5236849,0.31108162
Buy,Buy,0.3465982,0.266752,0.38664985
Buy,Hold,0.30169997,0.43172538,0.26657468
Buy,Buy,0.068995506,0.29295576,0.63804877
Hold,Sell,0.3999189,0.24761648,0.35246465
Buy,Hold,0.31288457,0.405142,0.28197342
Buy,Buy,0.0098367045,0.1594513,0.830712
Buy,Sell,0.4370566,0.22293273,0.34001067
Sell,Sell,0.48991764,0.33282423,0.17725807
Buy,Buy,0.06236839,0.19949722,0.7381344
Sell,Hold,0.23516895,0.4713576,0.29347348
Sell,Buy,0.21073106,0.33199897,0.45727006
Hold,Sell,0.40647352,0.2653386,0.32818788
Sell,Buy,0.30607057,0.20510924,0.4888202
Hold,Hold,0.2025196,0.41968468,0.3777957
Buy,Sell,0.39327127,0.27649105,0.33023766
Hold,Sell,0.53199,0.25918567,0.2088243
Hold,Sell,0.43090054,0.30389515,0.26520425
Sell,Hold,0.22365083,0.44288507,0.33346406
Buy,Buy,0.15023851,0.41710246,0.43265894
Buy,Buy,0.18130706,0.39751515,0.42117786
Sell,Buy,0.22195998,0.36625093,0.41178903
Hold,Sell,0.5230818,0.3096503,0.16726792
Buy,Hold,0.23943713,0.46864837,0.29191452
Buy,Hold,0.1532941,0.4871545,0.3595513
Sell,Sell,0.48027334,0.20694377,0.31278282
Hold,Buy,0.22008651,0.38791686,0.39199668
Buy,Buy,0.28189912,0.32699332,0.39110753
Sell,Sell,0.71321905,0.10099535,0.1857856
Sell,Sell,0.48509035,0.18835999,0.32654974
Sell,Sell,0.59442735,0.17285018,0.23272246
Buy,Buy,0.05527113,0.27924916,0.6654798
Hold,Hold,0.12180391,0.5162733,0.3619227
Buy,Hold,0.26307818,0.4206026,0.31631923
Sell,Sell,0.5123076,0.20313823,0.28455427
Buy,Hold,0.19632217,0.5686741,0.23500374
Hold,Hold,0.19358309,0.5925232,0.21389364
Buy,Sell,0.5818452,0.16874798,0.24940675
Sell,Sell,0.5562294,0.18323033,0.2605403
Hold,Hold,0.27730742,0.4911168,0.23157573
Buy,Buy,0.04821007,0.28909102,0.6626989
Hold,Hold,0.29513735,0.489193,0.21566963
Buy,Sell,0.4939569,0.2580381,0.248005
Buy,Hold,0.2793157,0.41517708,0.3055072
Buy,Buy,0.018270286,0.20280886,0.7789209
Buy,Buy,0.17756456,0.29001373,0.53242165
Buy,Buy,0.106074065,0.24521825,0.6487077
Buy,Hold,0.24942012,0.48138675,0.26919314
Hold,Sell,0.5239241,0.19960418,0.27647173
Buy,Buy,0.17830199,0.4039742,0.41772383
Sell,Sell,0.4300199,0.22335671,0.34662342
Sell,Sell,0.42016557,0.3238834,0.25595105
Hold,Sell,0.36886582,0.36222056,0.26891354
Buy,Hold,0.30894235,0.3704542,0.32060343
Sell,Sell,0.41111946,0.27703822,0.31184226
Hold,Sell,0.5000655,0.22073972,0.27919477
Sell,Buy,0.146379,0.36243364,0.4911873
Buy,Buy,0.1672652,0.25711215,0.5756226
Hold,Sell,0.3584579,0.2988275,0.34271455
Buy,Buy,0.31221768,0.22398196,0.46380037
Hold,Sell,0.40068224,0.20712577,0.39219198
Sell,Sell,0.47936416,0.24763487,0.27300102
Sell,Hold,0.20997909,0.5393144,0.25070655
Hold,Hold,0.21893091,0.53294826,0.24812086
Hold,Hold,0.2588213,0.41146004,0.32971862
Buy,Buy,0.25530508,0.26988918,0.47480577
Buy,Hold,0.23562242,0.5239765,0.24040103
Buy,Hold,0.31571397,0.43990093,0.24438512
Hold,Sell,0.53447247,0.12568171,0.33984587
Hold,Buy,0.02677531,0.18850765,0.78471696
Buy,Hold,0.27353886,0.43509215,0.29136902
Buy,Hold,0.3128894,0.4069786,0.280132
Sell,Sell,0.42022222,0.29079458,0.28898323
Sell,Sell,0.56451494,0.19703497,0.2384502
Buy,Buy,0.20654155,0.30149746,0.491961
Buy,Sell,0.55432385,0.19904934,0.24662684
Buy,Hold,0.27453354,0.37263054,0.35283595
Sell,Sell,0.36857867,0.28931418,0.34210715
Hold,Hold,0.22014852,0.53961736,0.24023415
Sell,Sell,0.6102406,0.1752096,0.21454984
Hold,Hold,0.19358309,0.5925232,0.21389364
Hold,Sell,0.59344554,0.16778928,0.23876512
Buy,Buy,0.26594824,0.2897984,0.44425333
Sell,Sell,0.41577137,0.23265412,0.35157457
Sell,Sell,0.6024335,0.21239656,0.18516992
Sell,Sell,0.47268012,0.22122416,0.30609566
Buy,Sell,0.3979328,0.30105522,0.30101198
Sell,Sell,0.7116155,0.09186051,0.19652398
Buy,Sell,0.37058103,0.27232596,0.35709304
Hold,Sell,0.64160943,0.266953,0.09143756
Buy,Hold,0.34494355,0.37417898,0.2808774
Buy,Buy,0.04869674,0.24005182,0.7112515
Sell,Hold,0.26678556,0.3897217,0.3434928
Buy,Hold,0.31627136,0.43105736,0.25267127
Buy,Sell,0.35544565,0.3479386,0.29661575
Buy,Sell,0.5483085,0.22098377,0.23070765
Buy,Buy,0.075183384,0.2231817,0.7016349
Buy,Buy,0.08505156,0.37533596,0.5396125
Buy,Sell,0.45577785,0.28999436,0.2542278
Sell,Sell,0.5776093,0.17959805,0.24279259
Hold,Hold,0.29966792,0.44239393,0.2579382
Hold,Buy,0.17164293,0.27757263,0.55078447
Sell,Sell,0.45222035,0.24293864,0.30484107
Buy,Buy,0.25869578,0.26604322,0.47526103
Buy,Buy,0.09658303,0.42059326,0.48282376
Sell,Sell,0.6170229,0.19772413,0.18525301
Hold,Sell,0.5245229,0.21311727,0.2623598
Buy,Sell,0.40692243,0.21493202,0.37814552
Hold,Sell,0.4266471,0.2719804,0.30137253
Sell,Sell,0.5184291,0.19057785,0.2909931
Sell,Sell,0.59644836,0.16526997,0.23828164
Buy,Buy,0.3663595,0.24346326,0.39017725
Sell,Sell,0.5096814,0.20165966,0.28865892
Buy,Sell,0.5626038,0.27225924,0.16513701
Buy,Sell,0.47822943,0.17787337,0.3438972
Hold,Hold,0.26551422,0.4009279,0.33355787
Sell,Hold,0.2019986,0.5434766,0.25452483
Sell,Hold,0.20118949,0.48088446,0.31792605
Buy,Sell,0.34485146,0.33700454,0.31814393
Buy,Buy,0.36228287,0.22783613,0.409881
Sell,Hold,0.31204116,0.4152293,0.2727296
Buy,Buy,0.018767536,0.17303316,0.80819935
Buy,Hold,0.30496514,0.36448866,0.3305462
Sell,Sell,0.53607595,0.20321934,0.26070467
Buy,Hold,0.27357233,0.43552482,0.2909028
Buy,Hold,0.20521267,0.422527,0.3722604
Sell,Sell,0.57257044,0.16919142,0.2582381
Hold,Hold,0.19358309,0.5925232,0.21389364
Buy,Hold,0.09392717,0.46541932,0.44065347
Buy,Sell,0.6239301,0.19743595,0.17863393
Buy,Buy,0.29297528,0.2782671,0.42875764
Buy,Buy,0.29575703,0.33542886,0.36881408
Buy,Buy,0.027570492,0.19906123,0.77336824
Sell,Hold,0.17278856,0.57273656,0.25447485
Buy,Sell,0.4795,0.21060349,0.30989656
Sell,Sell,0.4129805,0.3575641,0.22945541
Sell,Buy,0.15805452,0.3763713,0.46557415
Buy,Buy,0.3507672,0.24354531,0.40568745
Buy,Sell,0.46826354,0.2056716,0.32606483
Hold,Buy,0.3746596,0.24622229,0.37911808
Buy,Hold,0.22925356,0.5432989,0.22744751
Hold,Hold,0.2636441,0.4013197,0.3350362
Sell,Sell,0.5321982,0.2467802,0.22102165
Hold,Buy,0.11581163,0.26162225,0.62256616
Sell,Buy,0.26227745,0.32244366,0.4152789
Buy,Hold,0.21536513,0.54406893,0.24056599
Hold,Hold,0.21668172,0.49259186,0.29072642
Hold,Hold,0.28735888,0.4590673,0.25357375
Sell,Sell,0.45857716,0.2750415,0.26638135
Sell,Sell,0.4242706,0.30170733,0.27402207
Buy,Buy,0.27026197,0.25985026,0.4698878
Buy,Buy,0.07488099,0.2918311,0.63328785
Sell,Hold,0.31621024,0.42247176,0.26131794
Sell,Sell,0.442321,0.27505648,0.28262252
Hold,Sell,0.47447452,0.20888698,0.3166385
Hold,Hold,0.34898132,0.39248997,0.25852868
Sell,Hold,0.1846382,0.44032034,0.37504143
Buy,Buy,0.17787082,0.26453185,0.55759734
Buy,Hold,0.1943929,0.5914695,0.21413757
Sell,Sell,0.63098437,0.11768572,0.2513299
Buy,Buy,0.11774832,0.3610974,0.5211543
Buy,Buy,0.19611956,0.39939702,0.40448344
Sell,Sell,0.5719658,0.2648288,0.16320539
Sell,Sell,0.39893863,0.3000332,0.3010282
Hold,Hold,0.28195405,0.4818978,0.23614812
Sell,Sell,0.40261304,0.27962148,0.3177655
Hold,Buy,0.3743858,0.24445128,0.3811629
Buy,Buy,0.10117172,0.35500723,0.5438211
Hold,Sell,0.4957713,0.22996011,0.27426857
Buy,Hold,0.3412008,0.38834137,0.27045777
Sell,Sell,0.51392025,0.22172414,0.26435563
Hold,Hold,0.3405283,0.34177953,0.31769222
Buy,Buy,0.11061809,0.27074358,0.6186383
Sell,Sell,0.6098033,0.15831561,0.23188111
Buy,Buy,0.011416834,0.15341046,0.8351728
Buy,Buy,0.16102698,0.39111534,0.44785762
Buy,Hold,0.18162164,0.61754745,0.20083095
Buy,Buy,0.11510877,0.35678464,0.52810663
Sell,Sell,0.6312823,0.13874303,0.22997457
Sell,Sell,0.5501914,0.18573868,0.26406986
Hold,Buy,0.13781774,0.33888778,0.52329445
Sell,Sell,0.51612264,0.17811802,0.3057594
Hold,Buy,0.11887007,0.3115834,0.5695465
Hold,Hold,0.37510258,0.3918189,0.23307852
Hold,Hold,0.2717455,0.41306373,0.31519076
Hold,Sell,0.6299712,0.16098835,0.20904051
Sell,Sell,0.52440697,0.20074181,0.27485126
Sell,Hold,0.19358309,0.5925232,0.21389364
Hold,Hold,0.30587277,0.41483757,0.27928972
Buy,Sell,0.5790173,0.17740604,0.24357666
Sell,Sell,0.44904914,0.2149621,0.33598882
Hold,Buy,0.32839075,0.29868189,0.37292737
Buy,Hold,0.27704766,0.3680121,0.35494024
Buy,Buy,0.31057766,0.27174672,0.41767558
Sell,Hold,0.1959051,0.56005794,0.24403694
Buy,Sell,0.58211625,0.12029285,0.2975909
Sell,Sell,0.4976629,0.20186345,0.30047363
Buy,Buy,0.19286413,0.27073768,0.5363983
Hold,Sell,0.37495577,0.25554764,0.3694966
Buy,Sell,0.5731672,0.17465451,0.25217834
Sell,Sell,0.581646,0.16968049,0.24867348
Sell,Sell,0.57509536,0.1695417,0.25536293
Sell,Hold,0.24514282,0.50678277,0.24807444
Hold,Sell,0.4007209,0.3474461,0.25183293
Buy,Buy,0.05708772,0.37157795,0.5713343
Buy,Buy,0.09811012,0.24656186,0.655328
Hold,Hold,0.19358309,0.5925232,0.21389364
Sell,Sell,0.50870454,0.21622859,0.27506685
Buy,Buy,0.2926007,0.33904123,0.36835808
Buy,Buy,0.25810525,0.31093946,0.43095532
Hold,Sell,0.5081212,0.20635355,0.2855253
Buy,Buy,0.1916663,0.28299516,0.5253385
Buy,Sell,0.4786602,0.2122584,0.30908138
Hold,Sell,0.3852503,0.2571283,0.3576214
Buy,Buy,0.023607798,0.17772195,0.7986703
Sell,Buy,0.17524655,0.38019246,0.4445609
Buy,Sell,0.46177605,0.21797389,0.32025006
Buy,Buy,0.12008065,0.30802488,0.5718945
Sell,Sell,0.53538555,0.19623177,0.26838273
Hold,Buy,0.13913766,0.2709896,0.5898728
Buy,Hold,0.26659298,0.40205118,0.33135587
Buy,Buy,0.20325391,0.3745061,0.42224
Buy,Hold,0.35998556,0.37779817,0.26221624
Sell,Sell,0.48955682,0.22106877,0.2893744
Hold,Hold,0.18289302,0.46910217,0.34800482
Sell,Sell,0.46335518,0.28171262,0.25493228
Sell,Sell,0.56147546,0.18280421,0.2557204
Sell,Hold,0.33954528,0.35037452,0.31008014
Buy,Hold,0.2868652,0.43445444,0.2786803
Hold,Hold,0.20320234,0.5564199,0.2403777
Sell,Sell,0.5924559,0.1600977,0.24744634
Hold,Hold,0.18543392,0.47999325,0.33457282
Hold,Hold,0.33253846,0.33394146,0.3335201
Buy,Buy,0.16406511,0.30791116,0.5280237
Sell,Sell,0.65706253,0.09599302,0.24694449
Hold,Hold,0.18343642,0.5551704,0.26139316
Buy,Buy,0.32151246,0.2586013,0.41988617
Sell,Buy,0.36329114,0.23779334,0.39891553
Buy,Sell,0.39242122,0.32582042,0.28175837
Sell,Buy,0.31008732,0.29733846,0.39257425
Sell,Sell,0.35265875,0.31622788,0.3311134
Hold,Sell,0.3825807,0.36991194,0.24750741
Hold,Hold,0.20621912,0.5074953,0.28628564
Buy,Sell,0.4605636,0.23379792,0.3056384
Buy,Hold,0.22392891,0.49778897,0.27828214
Buy,Buy,0.36460817,0.2539912,0.38140064
Hold,Buy,0.31623307,0.2508526,0.4329143
Hold,Buy,0.1610712,0.30942264,0.52950615
Sell,Sell,0.5115648,0.19775112,0.2906841
Hold,Hold,0.13461713,0.4806553,0.38472754
Buy,Buy,0.20021862,0.2820915,0.5176898
Sell,Hold,0.19062401,0.5980757,0.2113003
Sell,Hold,0.26709616,0.39734772,0.33555612
Buy,Buy,0.16912697,0.24007711,0.59079593
Buy,Buy,0.28251398,0.26069817,0.45678782
Buy,Buy,0.24195848,0.2883566,0.4696849
Buy,Buy,0.27262762,0.24682753,0.4805449
Hold,Buy,0.045561492,0.29606426,0.65837425
Buy,Buy,0.15429822,0.28954068,0.5561611
Hold,Hold,0.32517135,0.38363165,0.29119694
Hold,Sell,0.43089196,0.34125584,0.22785221
Buy,Sell,0.5248623,0.266473,0.20866472
Buy,Buy,0.1325111,0.23254989,0.6349391
Buy,Hold,0.26933235,0.3683032,0.3623644
Sell,Sell,0.38773614,0.37038928,0.24187456
Buy,Buy,0.24091919,0.24642943,0.5126514
Hold,Hold,0.36629575,0.37527755,0.25842673
Sell,Sell,0.36989,0.27488664,0.35522336
Sell,Sell,0.36943215,0.2870489,0.3435189
Buy,Buy,0.15172069,0.25858396,0.5896954
Buy,Hold,0.1943929,0.5914695,0.21413757
Sell,Sell,0.463767,0.23393942,0.30229354
Buy,Hold,0.1904821,0.5977042,0.2118138
Sell,Sell,0.57334197,0.17471902,0.25193906
Hold,Sell,0.5251517,0.2290049,0.24584335
Sell,Sell,0.48846206,0.24380937,0.2677286
Buy,Sell,0.486312,0.26265502,0.25103292
Buy,Hold,0.3307131,0.34042788,0.32885903
Hold,Buy,0.15331434,0.2618474,0.5848383
Buy,Buy,0.27189073,0.25515187,0.47295734
Hold,Buy,0.3409613,0.31695625,0.3420824
Buy,Hold,0.3235938,0.39953735,0.27686888
Sell,Buy,0.20879905,0.35369086,0.43751007
Hold,Buy,0.14412707,0.32701564,0.52885735
Sell,Hold,0.17405479,0.55560464,0.27034062
Sell,Sell,0.5242525,0.33080932,0.14493817
Hold,Buy,0.15735158,0.30208677,0.5405616
Buy,Hold,0.19414598,0.53506297,0.27079105
Buy,Hold,0.2908367,0.36706516,0.34209812
Buy,Sell,0.36632514,0.33443943,0.29923552
Buy,Sell,0.62502134,0.13215016,0.2428285
Sell,Hold,0.31011453,0.35909462,0.33079085
Buy,Buy,0.0660698,0.29672512,0.6372051
Hold,Hold,0.28731126,0.41361412,0.29907465
Sell,Sell,0.39262658,0.29914275,0.30823073
Buy,Buy,0.03858946,0.21354184,0.74786866
Sell,Sell,0.52544916,0.2523792,0.22217165
Hold,Sell,0.4220679,0.3416242,0.23630795
Buy,Buy,0.18010952,0.257433,0.5624575
Buy,Hold,0.18614326,0.46077937,0.35307732
Buy,Sell,0.4846033,0.21748124,0.29791543
Buy,Sell,0.49037725,0.24267708,0.26694566
Sell,Sell,0.64301556,0.1092721,0.24771237
Buy,Hold,0.18292914,0.548234,0.2688369
Buy,Buy,0.15377414,0.28539437,0.5608315
Buy,Hold,0.21865779,0.47375664,0.30758554
Buy,Buy,0.27829888,0.24768533,0.47401577
Sell,Sell,0.45124817,0.22306244,0.32568935
Hold,Hold,0.28165272,0.3958248,0.32252246
Hold,Buy,0.2655991,0.28757986,0.44682106
Sell,Sell,0.51419187,0.2926362,0.19317193
Buy,Hold,0.277762,0.49448386,0.22775415
Buy,Hold,0.33217275,0.36668253,0.30114466
Hold,Hold,0.14782053,0.42926127,0.42291817
Hold,Hold,0.24241774,0.5007531,0.2568292
Buy,Hold,0.161072,0.58389604,0.2550319
Sell,Buy,0.22980317,0.32065696,0.44953987
Sell,Sell,0.522495,0.207629,0.26987603
Buy,Hold,0.19309253,0.43159455,0.3753129
Buy,Hold,0.15695946,0.4594477,0.38359284
Buy,Hold,0.29559246,0.37729916,0.32710832
Hold,Buy,0.1683477,0.3007755,0.5308767
Hold,Sell,0.40220678,0.33110327,0.26668987
Sell,Hold,0.3325282,0.35385004,0.3136218
Hold,Sell,0.38258976,0.30541122,0.31199902
Buy,Buy,0.3144617,0.21451794,0.47102037
Buy,Sell,0.47388354,0.26067513,0.26544127
Sell,Hold,0.19358309,0.5925232,0.21389364
Sell,Sell,0.41268107,0.22872101,0.35859793
Buy,Buy,0.23751496,0.3281308,0.43435422
Hold,Buy,0.27436897,0.34789306,0.37773803
Sell,Buy,0.2726004,0.31964266,0.40775692
Sell,Hold,0.18084362,0.5388222,0.2803342
Sell,Sell,0.5842765,0.17716022,0.23856334
Hold,Hold,0.22662641,0.52423084,0.24914268
Hold,Buy,0.10882061,0.23617457,0.6550048
Sell,Sell,0.41013473,0.25872144,0.3311439
Buy,Sell,0.5058836,0.31721482,0.17690156
Sell,Buy,0.16781816,0.35461217,0.4775697
Buy,Sell,0.4394158,0.22390288,0.33668128
Buy,Buy,0.08640732,0.26362145,0.6499712
Sell,Sell,0.55770284,0.2859121,0.1563851
Sell,Sell,0.6109776,0.17852029,0.21050213
Hold,Hold,0.1759685,0.6190868,0.20494474
Buy,Sell,0.44829735,0.2366676,0.3150351
Buy,Hold,0.36623704,0.37340024,0.26036268
Hold,Sell,0.5615259,0.18418448,0.25428966
Sell,Sell,0.6217617,0.15643111,0.22180724
Hold,Buy,0.28925082,0.28740662,0.42334256
Buy,Buy,0.15792896,0.2516543,0.5904167
Sell,Hold,0.3637052,0.3892273,0.24706753
Hold,Hold,0.23825647,0.49114758,0.2705959
Buy,Buy,0.09892186,0.23846206,0.66261613
Buy,Buy,0.2898376,0.29096285,0.4191996
Buy,Buy,0.06972732,0.21701938,0.7132533
Sell,Hold,0.28052258,0.37225977,0.34721765
Hold,Sell,0.45468658,0.2428416,0.30247188
Sell,Hold,0.20708966,0.46121374,0.3316966
Buy,Buy,0.2665446,0.35641274,0.37704274
Buy,Sell,0.4837775,0.18540946,0.33081302
Sell,Sell,0.56562066,0.19590893,0.23847046
Sell,Sell,0.5643352,0.2051437,0.23052108
Buy,Buy,0.18575707,0.26472113,0.5495218
Hold,Sell,0.3926621,0.3042613,0.3030766
Hold,Hold,0.34302256,0.41932654,0.23765092
Buy,Sell,0.39737362,0.38378,0.2188464
Sell,Sell,0.34059933,0.3403466,0.31905407
Buy,Sell,0.6021901,0.17043364,0.22737636
Buy,Hold,0.23687696,0.5273073,0.23581572
Hold,Buy,0.06512563,0.38222378,0.5526506
Sell,Hold,0.18630238,0.60850275,0.20519486
Buy,Buy,0.27320528,0.27842608,0.44836864
Buy,Buy,0.18867402,0.27147004,0.5398559
Sell,Sell,0.50133187,0.18115312,0.31751502
Sell,Sell,0.48392028,0.3283508,0.18772894
Hold,Hold,0.25350714,0.47171494,0.2747779
Sell,Hold,0.24692687,0.4900111,0.26306194
Sell,Buy,0.32874712,0.28262085,0.38863206
Buy,Sell,0.45334417,0.33112076,0.21553509
Buy,Sell,0.44685525,0.24711688,0.30602783
Buy,Sell,0.4512314,0.35863745,0.19013114
Hold,Buy,0.3784848,0.24075964,0.38075554
Buy,Sell,0.5829498,0.17852755,0.23852257
Buy,Sell,0.43425643,0.37890902,0.18683453
Hold,Buy,0.16117163,0.2209072,0.61792123
Sell,Hold,0.19533072,0.43077177,0.3738975
Buy,Buy,0.05580154,0.20400387,0.74019456
Buy,Hold,0.18182461,0.56446254,0.2537129
Buy,Buy,0.19530264,0.39805412,0.4066433
Sell,Sell,0.5773233,0.16597521,0.2567014
Sell,Hold,0.1943929,0.5914695,0.21413757
Buy,Hold,0.20039047,0.42836556,0.37124398
Sell,Sell,0.5039204,0.29890087,0.19717877
Buy,Hold,0.1943929,0.5914695,0.21413754
Hold,Sell,0.46769077,0.24058124,0.29172805
Buy,Buy,0.08050934,0.22736368,0.69212705
Hold,Buy,0.24830347,0.25498572,0.4967108
Hold,Buy,0.20294861,0.25184953,0.5452018
Buy,Sell,0.5315805,0.24485894,0.22356063
Hold,Hold,0.19358309,0.5925232,0.21389364
Hold,Buy,0.06711899,0.35397008,0.57891095
Buy,Buy,0.2691737,0.34832776,0.38249856
Buy,Buy,0.10077115,0.28411505,0.61511385
Sell,Sell,0.51219,0.23336539,0.25444466
Sell,Sell,0.39345303,0.28565508,0.32089195
Buy,Hold,0.27795222,0.37800956,0.34403822
Buy,Sell,0.36721978,0.35549676,0.2772835
Buy,Buy,0.28468177,0.3173768,0.3979414
Buy,Sell,0.39098436,0.29899913,0.31001648
Sell,Buy,0.14710408,0.4008111,0.45208484
Sell,Sell,0.5910755,0.17358902,0.23533554
Sell,Sell,0.5151827,0.19757268,0.28724462
Buy,Sell,0.5072914,0.25489387,0.23781478
Sell,Buy,0.31805953,0.2644191,0.41752142
Hold,Sell,0.41247797,0.35793325,0.22958882
Sell,Buy,0.25222442,0.32002982,0.4277458
Buy,Sell,0.37504998,0.35304874,0.27190128
Buy,Sell,0.52047,0.32327798,0.15625197
Hold,Buy,0.14274743,0.37601945,0.4812331
Hold,Sell,0.465988,0.295937,0.23807503
Buy,Hold,0.3240459,0.3917055,0.2842486
Sell,Sell,0.49892133,0.2360894,0.26498923
Buy,Hold,0.22751494,0.54547817,0.22700691
Sell,Buy,0.22102547,0.22147813,0.5574964
Hold,Sell,0.44948098,0.2257147,0.32480425
Hold,Buy,0.14940228,0.25974512,0.59085256
Buy,Buy,0.2030856,0.24727017,0.5496442
Sell,Sell,0.4330478,0.28745294,0.27949932
Sell,Sell,0.5575794,0.18273456,0.25968608
Buy,Buy,0.19852823,0.26821154,0.53326017
Hold,Sell,0.45282248,0.21157886,0.33559868
Hold,Buy,0.26681942,0.3529108,0.38026977
Sell,Sell,0.5789807,0.1724041,0.2486153
Sell,Sell,0.36492854,0.35062197,0.28444952
Buy,Hold,0.2896112,0.37706652,0.33332226
Buy,Buy,0.10975522,0.33027324,0.5599716
Sell,Sell,0.38709807,0.3300684,0.28283355
Sell,Sell,0.40534803,0.26153523,0.33311674
Hold,Hold,0.1943929,0.5914695,0.21413757
Buy,Hold,0.3367764,0.36369547,0.29952806
Hold,Hold,0.21134655,0.5033054,0.28534812
Sell,Buy,0.14151002,0.25508422,0.6034057
Sell,Hold,0.35741043,0.3628756,0.27971393
Hold,Sell,0.48382694,0.23025432,0.28591874
Buy,Sell,0.35423836,0.2917644,0.35399723
Buy,Sell,0.5174199,0.24018641,0.24239366
Buy,Buy,0.075183384,0.2231817,0.7016349
Hold,Buy,0.15126273,0.26709065,0.58164656
Sell,Sell,0.5008692,0.23445924,0.26467156
Buy,Buy,0.15645011,0.2693665,0.5741834
Buy,Buy,0.27727342,0.2337964,0.48893017
Sell,Hold,0.29334825,0.412975,0.29367667
Buy,Sell,0.42629576,0.35207385,0.22163041
Hold,Hold,0.28999782,0.3689812,0.34102097
Sell,Buy,0.3158772,0.23146446,0.45265839
Hold,Hold,0.19221951,0.5971732,0.21060725
Buy,Sell,0.40234506,0.27188322,0.32577172
Hold,Hold,0.19358312,0.5925233,0.21389362
Buy,Sell,0.49695617,0.21032739,0.2927164
Sell,Buy,0.14516693,0.38897127,0.46586177
Sell,Sell,0.5574437,0.2338855,0.2086708
Buy,Buy,0.06013342,0.3734613,0.56640524
Sell,Sell,0.5812671,0.13026537,0.28846747
Buy,Sell,0.36807433,0.29425755,0.3376682
Sell,Sell,0.3833902,0.35292324,0.2636866
Sell,Sell,0.5087996,0.353491,0.13770936
Sell,Sell,0.47968087,0.3364923,0.18382688
Sell,Sell,0.533809,0.17116821,0.29502273
Buy,Buy,0.2978285,0.3043034,0.3978682
Sell,Sell,0.5883106,0.17057642,0.24111299
Sell,Buy,0.26593995,0.23990113,0.4941589
Hold,Sell,0.91679865,0.0034713643,0.07972991
Sell,Sell,0.50934124,0.22320151,0.26745725
Sell,Sell,0.57107925,0.31140235,0.1175185
Sell,Sell,0.59842503,0.16138107,0.24019396
Buy,Sell,0.5301464,0.2085352,0.26131842
Hold,Sell,0.45320877,0.26852065,0.2782705
Buy,Buy,0.1176502,0.2784934,0.60385644
Buy,Sell,0.53317213,0.32292268,0.14390527
Buy,Buy,0.06132509,0.36855805,0.5701168
Hold,Sell,0.45787495,0.23210959,0.31001547
Sell,Sell,0.406997,0.24572535,0.3472776
Hold,Buy,0.31351677,0.31439102,0.3720922
Hold,Sell,0.5866206,0.1852148,0.22816458
Sell,Hold,0.15377863,0.54000854,0.3062128
Hold,Hold,0.26711902,0.46477276,0.26810825
Buy,Buy,0.23268399,0.28855315,0.4787628
Buy,Sell,0.3835938,0.33173326,0.28467295
Buy,Sell,0.39089447,0.29255882,0.31654668
Sell,Sell,0.36298338,0.29718924,0.33982745
Buy,Buy,0.33064008,0.27592534,0.39343452
Sell,Sell,0.49637884,0.23163997,0.2719812
Hold,Buy,0.034488548,0.20708032,0.75843114
Buy,Buy,0.2769244,0.26051775,0.46255785
Buy,Buy,0.01750664,0.16785546,0.81463784
Sell,Sell,0.4507658,0.23315391,0.31608033
Sell,Hold,0.31510827,0.37792814,0.3069636
Buy,Buy,0.30801132,0.323615,0.36837366
Buy,Buy,0.064195395,0.20101185,0.7347928
Hold,Buy,0.17004894,0.29203084,0.53792024
Sell,Buy,0.2548329,0.24941926,0.49574786
Buy,Sell,0.5898547,0.17160009,0.23854527
Hold,Sell,0.59745395,0.17592572,0.22662033
Buy,Sell,0.42897785,0.22785355,0.34316853
Buy,Buy,0.19530474,0.24527374,0.55942154
Buy,Buy,0.2724862,0.2555944,0.47191936
Sell,Hold,0.2898013,0.3933291,0.3168696
Sell,Buy,0.21966745,0.2627416,0.51759094
Sell,Sell,0.5143404,0.1747127,0.3109469
Sell,Sell,0.64809436,0.18805322,0.16385247
Hold,Buy,0.018762695,0.1854249,0.7958124
Sell,Sell,0.47753695,0.36944464,0.15301846
Buy,Sell,0.38871256,0.3378851,0.27340227
Hold,Hold,0.1943929,0.5914695,0.21413757
Buy,Hold,0.30162305,0.40741485,0.29096216
Sell,Sell,0.43448293,0.3286093,0.23690778
Sell,Hold,0.19358309,0.5925232,0.21389364
Buy,Sell,0.53598416,0.19424598,0.2697699
Sell,Sell,0.40279138,0.24521697,0.35199165
Buy,Sell,0.47061145,0.2171274,0.3122612
Sell,Sell,0.38660803,0.31157583,0.30181614
Buy,Sell,0.5398979,0.26353946,0.19656266
Buy,Buy,0.09645528,0.3830497,0.520495
Buy,Sell,0.3819979,0.24649347,0.3715086
Buy,Buy,0.22017755,0.2581141,0.52170837
Sell,Buy,0.22255121,0.34782693,0.4296219
Sell,Buy,0.26709482,0.26827568,0.46462956
Sell,Sell,0.58922654,0.15254381,0.2582296
Buy,Sell,0.37494907,0.3359491,0.28910178
Sell,Buy,0.10685263,0.3605097,0.53263766
Sell,Sell,0.40080974,0.22310738,0.3760829
Sell,Hold,0.19358309,0.5925232,0.21389364
Buy,Buy,0.31448007,0.23448394,0.45103604
Sell,Buy,0.19040231,0.24899113,0.5606066
Buy,Sell,0.43467858,0.28718942,0.27813205
Buy,Buy,0.1782616,0.28720582,0.5345326
Hold,Hold,0.15961114,0.6107518,0.22963709
Sell,Hold,0.25402078,0.38222548,0.36375374
Sell,Sell,0.49463338,0.3317236,0.173643
Buy,Hold,0.33072025,0.4015848,0.26769495
Sell,Sell,0.5977555,0.10945605,0.2927885
Buy,Sell,0.61960566,0.09602431,0.28437006
Hold,Buy,0.34198597,0.29647028,0.36154377
Sell,Buy,0.15570085,0.2592223,0.5850768
Sell,Buy,0.26473087,0.3388358,0.3964333
Buy,Buy,0.26452905,0.26948592,0.465985
Hold,Buy,0.2485587,0.33388722,0.41755408
Sell,Sell,0.47845414,0.25448817,0.26705772
Buy,Hold,0.3171536,0.45718142,0.22566499
Sell,Sell,0.6049028,0.15463407,0.24046312
Sell,Sell,0.5359081,0.19156498,0.27252698
Sell,Buy,0.20469518,0.25786677,0.53743804
Buy,Hold,0.1281008,0.44543687,0.42646232
Sell,Buy,0.25225005,0.2766385,0.47111154
Sell,Hold,0.19358309,0.5925232,0.21389364
Buy,Buy,0.2796958,0.23752786,0.48277634
Sell,Sell,0.40007174,0.2607751,0.3391532
Sell,Sell,0.41022748,0.21951702,0.3702555
Buy,Sell,0.3779044,0.29793802,0.3241576
Hold,Hold,0.28907692,0.45558032,0.25534278
Hold,Buy,0.16589051,0.25669768,0.5774118
Sell,Sell,0.6185431,0.18451017,0.19694678
Sell,Hold,0.19358309,0.5925232,0.21389364
Sell,Sell,0.4358836,0.25134107,0.31277534
Buy,Buy,0.31308913,0.33115962,0.35575125
Hold,Hold,0.36083114,0.3703681,0.2688007
Buy,Sell,0.46083996,0.28923342,0.24992663
Buy,Hold,0.14103927,0.44107106,0.41788965
Hold,Buy,0.1814354,0.4021028,0.41646183
Hold,Sell,0.50066185,0.32938892,0.16994932
Sell,Sell,0.5922659,0.16182269,0.24591139
Buy,Sell,0.45848358,0.301241,0.24027544
Sell,Sell,0.49893025,0.23606639,0.26500344
Sell,Sell,0.5938057,0.26255047,0.14364393
Buy,Hold,0.25854802,0.4577325,0.2837195
Buy,Sell,0.33874053,0.3346982,0.32656133
Sell,Sell,0.47751406,0.23832208,0.2841638
Buy,Sell,0.65276223,0.09657076,0.25066704
Sell,Sell,0.5049857,0.18109098,0.31392336
Hold,Buy,0.25863606,0.3548731,0.3864909
Sell,Sell,0.57845193,0.18174998,0.2397981
Hold,Hold,0.24948542,0.50496614,0.24554847
Buy,Buy,0.22530945,0.3193528,0.45533773
Buy,Buy,0.013250093,0.16711959,0.8196303
Hold,Hold,0.18914054,0.5986281,0.21223135
Hold,Hold,0.24422279,0.42728013,0.32849702
Sell,Sell,0.45252228,0.33361125,0.21386643
Sell,Sell,0.47936425,0.30244076,0.21819499
Hold,Hold,0.19358309,0.5925232,0.21389364
Sell,Hold,0.19602776,0.5584769,0.24549533
Buy,Sell,0.622908,0.120079614,0.2570124
Buy,Buy,0.23725437,0.2636153,0.49913028
Buy,Buy,0.3448374,0.27632627,0.37883633
Buy,Buy,0.19234973,0.28200975,0.5256405
Hold,Buy,0.18603124,0.26826823,0.54570055
Buy,Sell,0.40413398,0.34461567,0.2512504
Hold,Hold,0.29215378,0.38434747,0.32349876
Buy,Hold,0.2992129,0.41073912,0.290048
Sell,Sell,0.5378439,0.1486328,0.31352335
Hold,Sell,0.640301,0.2369764,0.122722596
Buy,Buy,0.2223961,0.2741564,0.5034476
Buy,Buy,0.34322137,0.30164167,0.35513693
Sell,Hold,0.1818075,0.541748,0.27644452
Sell,Sell,0.56598413,0.21443854,0.21957728
Hold,Buy,0.32437116,0.3291553,0.3464736
Buy,Sell,0.8545525,0.0132530555,0.13219446
Hold,Buy,0.195501,0.25483984,0.5496592
Sell,Buy,0.20507959,0.2540799,0.5408405
Hold,Hold,0.19077134,0.5971654,0.21206324
Sell,Sell,0.44382766,0.24961129,0.30656105
Sell,Buy,0.21250923,0.29536384,0.49212694
Sell,Sell,0.48543453,0.3256997,0.18886569
Buy,Hold,0.3219718,0.3422315,0.33579662
Sell,Sell,0.5701531,0.22569649,0.20415036
Sell,Hold,0.28236288,0.44070116,0.27693596
Buy,Buy,0.30008015,0.25235355,0.4475663
Buy,Sell,0.5614669,0.19256656,0.24596657
Sell,Sell,0.59487236,0.1247263,0.28040135
Sell,Sell,0.49156138,0.2732748,0.23516378
Sell,Hold,0.2266733,0.4514456,0.32188106
Hold,Buy,0.33799022,0.22890112,0.43310872
Sell,Sell,0.4717485,0.28460905,0.24364246
Buy,Buy,0.312133,0.3032177,0.38464934
Buy,Buy,0.16864617,0.24894847,0.5824053
Sell,Sell,0.56620926,0.1840072,0.2497835
Buy,Hold,0.27201557,0.39151403,0.33647034
Sell,Hold,0.24045296,0.43534714,0.32419997
Buy,Sell,0.62001973,0.24390014,0.13608013
Hold,Buy,0.12033286,0.38856634,0.49110076
Sell,Sell,0.37285382,0.32732943,0.29981682
Hold,Hold,0.19358309,0.5925232,0.21389364
Hold,Hold,0.30458003,0.3623706,0.33304936
Sell,Sell,0.5638084,0.3035297,0.13266203
Buy,Sell,0.6076738,0.10033229,0.29199392
Hold,Sell,0.47091454,0.33661336,0.19247216
Hold,Buy,0.19347528,0.38868627,0.41783848
Sell,Sell,0.5048262,0.21578357,0.27939028
Hold,Buy,0.34791228,0.29009432,0.3619934
Sell,Buy,0.27645704,0.33614922,0.3873937
Hold,Sell,0.51901114,0.21544084,0.26554808
Buy,Sell,0.5562294,0.18323033,0.2605403
Hold,Sell,0.5575618,0.20777863,0.23465955
Hold,Hold,0.16617596,0.51766384,0.3161602
Hold,Sell,0.5169626,0.19083935,0.29219803
Hold,Sell,0.49953172,0.17216964,0.3282987
Sell,Sell,0.45039603,0.24542136,0.3041827
Buy,Sell,0.41018146,0.31641495,0.27340356
Sell,Buy,0.19615632,0.22969893,0.5741448
Hold,Buy,0.25412533,0.35982367,0.386051
Sell,Sell,0.4201703,0.25196725,0.32786244
Hold,Buy,0.32285216,0.29792756,0.37922028
Sell,Buy,0.3005284,0.21303506,0.48643655
Buy,Buy,0.30500904,0.27405095,0.42094007
Sell,Hold,0.18364762,0.48670104,0.32965124
Hold,Sell,0.3961164,0.32253513,0.28134847
Buy,Buy,0.03098907,0.1939154,0.77509546
Sell,Sell,0.5859046,0.1552588,0.25883657
Hold,Hold,0.16639453,0.5658962,0.26770926
Sell,Sell,0.5369244,0.20631735,0.25675827
Hold,Sell,0.41845974,0.31183535,0.26970494
Buy,Buy,0.101873875,0.30152112,0.596605
Buy,Hold,0.27935055,0.46784067,0.2528087
Buy,Buy,0.3235008,0.26826486,0.40823433
Buy,Hold,0.333772,0.3874091,0.27881888
Sell,Sell,0.47721314,0.25896266,0.2638242
Sell,Sell,0.6201864,0.16618519,0.21362843
